<?xml version="1.0" encoding="UTF-8"?>
<kml xmlns="http://www.opengis.net/kml/2.2">
  <Document>
    <name>Benchmark Dataset (1000 features)</name>
    <Placemark>
      <name>Polygon_0</name>
      <ExtendedData>
        <Data name="id"><value>0</value></Data>
        <Data name="category"><value>benchmark</value></Data>
      </ExtendedData>
      <Polygon>
        <outerBoundaryIs>
          <LinearRing>
            <coordinates>77.5,12.9,0 77.502,12.9,0 77.502,12.902000000000001,0 77.5,12.902000000000001,0 77.5,12.9,0</coordinates>
          </LinearRing>
        </outerBoundaryIs>
      </Polygon>
    </Placemark>
    <Placemark>
      <name>Polygon_1</name>
      <ExtendedData>
        <Data name="id"><value>1</value></Data>
        <Data name="category"><value>benchmark</value></Data>
      </ExtendedData>
      <Polygon>
        <outerBoundaryIs>
          <LinearRing>
            <coordinates>77.505,12.9,0 77.50699999999999,12.9,0 77.50699999999999,12.902000000000001,0 77.505,12.902000000000001,0 77.505,12.9,0</coordinates>
          </LinearRing>
        </outerBoundaryIs>
      </Polygon>
    </Placemark>
    <Placemark>
      <name>Polygon_2</name>
      <ExtendedData>
        <Data name="id"><value>2</value></Data>
        <Data name="category"><value>benchmark</value></Data>
      </ExtendedData>
      <Polygon>
        <outerBoundaryIs>
          <LinearRing>
            <coordinates>77.51,12.9,0 77.512,12.9,0 77.512,12.902000000000001,0 77.51,12.902000000000001,0 77.51,12.9,0</coordinates>
          </LinearRing>
        </outerBoundaryIs>
      </Polygon>
    </Placemark>
    <Placemark>
      <name>Polygon_3</name>
      <ExtendedData>
        <Data name="id"><value>3</value></Data>
        <Data name="category"><value>benchmark</value></Data>
      </ExtendedData>
      <Polygon>
        <outerBoundaryIs>
          <LinearRing>
            <coordinates>77.515,12.9,0 77.517,12.9,0 77.517,12.902000000000001,0 77.515,12.902000000000001,0 77.515,12.9,0</coordinates>
          </LinearRing>
        </outerBoundaryIs>
      </Polygon>
    </Placemark>
    <Placemark>
      <name>Polygon_4</name>
      <ExtendedData>
        <Data name="id"><value>4</value></Data>
        <Data name="category"><value>benchmark</value></Data>
      </ExtendedData>
      <Polygon>
        <outerBoundaryIs>
          <LinearRing>
            <coordinates>77.52,12.9,0 77.52199999999999,12.9,0 77.52199999999999,12.902000000000001,0 77.52,12.902000000000001,0 77.52,12.9,0</coordinates>
          </LinearRing>
        </outerBoundaryIs>
      </Polygon>
    </Placemark>
    <Placemark>
      <name>Polygon_5</name>
      <ExtendedData>
        <Data name="id"><value>5</value></Data>
        <Data name="category"><value>benchmark</value></Data>
      </ExtendedData>
      <Polygon>
        <outerBoundaryIs>
          <LinearRing>
            <coordinates>77.525,12.9,0 77.527,12.9,0 77.527,12.902000000000001,0 77.525,12.902000000000001,0 77.525,12.9,0</coordinates>
          </LinearRing>
        </outerBoundaryIs>
      </Polygon>
    </Placemark>
    <Placemark>
      <name>Polygon_6</name>
      <ExtendedData>
        <Data name="id"><value>6</value></Data>
        <Data name="category"><value>benchmark</value></Data>
      </ExtendedData>
      <Polygon>
        <outerBoundaryIs>
          <LinearRing>
            <coordinates>77.53,12.9,0 77.532,12.9,0 77.532,12.902000000000001,0 77.53,12.902000000000001,0 77.53,12.9,0</coordinates>
          </LinearRing>
        </outerBoundaryIs>
      </Polygon>
    </Placemark>
    <Placemark>
      <name>Polygon_7</name>
      <ExtendedData>
        <Data name="id"><value>7</value></Data>
        <Data name="category"><value>benchmark</value></Data>
      </ExtendedData>
      <Polygon>
        <outerBoundaryIs>
          <LinearRing>
            <coordinates>77.535,12.9,0 77.53699999999999,12.9,0 77.53699999999999,12.902000000000001,0 77.535,12.902000000000001,0 77.535,12.9,0</coordinates>
          </LinearRing>
        </outerBoundaryIs>
      </Polygon>
    </Placemark>
    <Placemark>
      <name>Polygon_8</name>
      <ExtendedData>
        <Data name="id"><value>8</value></Data>
        <Data name="category"><value>benchmark</value></Data>
      </ExtendedData>
      <Polygon>
        <outerBoundaryIs>
          <LinearRing>
            <coordinates>77.54,12.9,0 77.542,12.9,0 77.542,12.902000000000001,0 77.54,12.902000000000001,0 77.54,12.9,0</coordinates>
          </LinearRing>
        </outerBoundaryIs>
      </Polygon>
    </Placemark>
    <Placemark>
      <name>Polygon_9</name>
      <ExtendedData>
        <Data name="id"><value>9</value></Data>
        <Data name="category"><value>benchmark</value></Data>
      </ExtendedData>
      <Polygon>
        <outerBoundaryIs>
          <LinearRing>
            <coordinates>77.545,12.9,0 77.547,12.9,0 77.547,12.902000000000001,0 77.545,12.902000000000001,0 77.545,12.9,0</coordinates>
          </LinearRing>
        </outerBoundaryIs>
      </Polygon>
    </Placemark>
    <Placemark>
      <name>Polygon_10</name>
      <ExtendedData>
        <Data name="id"><value>10</value></Data>
        <Data name="category"><value>benchmark</value></Data>
      </ExtendedData>
      <Polygon>
        <outerBoundaryIs>
          <LinearRing>
            <coordinates>77.55,12.9,0 77.55199999999999,12.9,0 77.55199999999999,12.902000000000001,0 77.55,12.902000000000001,0 77.55,12.9,0</coordinates>
          </LinearRing>
        </outerBoundaryIs>
      </Polygon>
    </Placemark>
    <Placemark>
      <name>Polygon_11</name>
      <ExtendedData>
        <Data name="id"><value>11</value></Data>
        <Data name="category"><value>benchmark</value></Data>
      </ExtendedData>
      <Polygon>
        <outerBoundaryIs>
          <LinearRing>
            <coordinates>77.555,12.9,0 77.557,12.9,0 77.557,12.902000000000001,0 77.555,12.902000000000001,0 77.555,12.9,0</coordinates>
          </LinearRing>
        </outerBoundaryIs>
      </Polygon>
    </Placemark>
    <Placemark>
      <name>Polygon_12</name>
      <ExtendedData>
        <Data name="id"><value>12</value></Data>
        <Data name="category"><value>benchmark</value></Data>
      </ExtendedData>
      <Polygon>
        <outerBoundaryIs>
          <LinearRing>
            <coordinates>77.56,12.9,0 77.562,12.9,0 77.562,12.902000000000001,0 77.56,12.902000000000001,0 77.56,12.9,0</coordinates>
          </LinearRing>
        </outerBoundaryIs>
      </Polygon>
    </Placemark>
    <Placemark>
      <name>Polygon_13</name>
      <ExtendedData>
        <Data name="id"><value>13</value></Data>
        <Data name="category"><value>benchmark</value></Data>
      </ExtendedData>
      <Polygon>
        <outerBoundaryIs>
          <LinearRing>
            <coordinates>77.565,12.9,0 77.567,12.9,0 77.567,12.902000000000001,0 77.565,12.902000000000001,0 77.565,12.9,0</coordinates>
          </LinearRing>
        </outerBoundaryIs>
      </Polygon>
    </Placemark>
    <Placemark>
      <name>Polygon_14</name>
      <ExtendedData>
        <Data name="id"><value>14</value></Data>
        <Data name="category"><value>benchmark</value></Data>
      </ExtendedData>
      <Polygon>
        <outerBoundaryIs>
          <LinearRing>
            <coordinates>77.57,12.9,0 77.57199999999999,12.9,0 77.57199999999999,12.902000000000001,0 77.57,12.902000000000001,0 77.57,12.9,0</coordinates>
          </LinearRing>
        </outerBoundaryIs>
      </Polygon>
    </Placemark>
    <Placemark>
      <name>Polygon_15</name>
      <ExtendedData>
        <Data name="id"><value>15</value></Data>
        <Data name="category"><value>benchmark</value></Data>
      </ExtendedData>
      <Polygon>
        <outerBoundaryIs>
          <LinearRing>
            <coordinates>77.575,12.9,0 77.577,12.9,0 77.577,12.902000000000001,0 77.575,12.902000000000001,0 77.575,12.9,0</coordinates>
          </LinearRing>
        </outerBoundaryIs>
      </Polygon>
    </Placemark>
    <Placemark>
      <name>Polygon_16</name>
      <ExtendedData>
        <Data name="id"><value>16</value></Data>
        <Data name="category"><value>benchmark</value></Data>
      </ExtendedData>
      <Polygon>
        <outerBoundaryIs>
          <LinearRing>
            <coordinates>77.58,12.9,0 77.582,12.9,0 77.582,12.902000000000001,0 77.58,12.902000000000001,0 77.58,12.9,0</coordinates>
          </LinearRing>
        </outerBoundaryIs>
      </Polygon>
    </Placemark>
    <Placemark>
      <name>Polygon_17</name>
      <ExtendedData>
        <Data name="id"><value>17</value></Data>
        <Data name="category"><value>benchmark</value></Data>
      </ExtendedData>
      <Polygon>
        <outerBoundaryIs>
          <LinearRing>
            <coordinates>77.585,12.9,0 77.58699999999999,12.9,0 77.58699999999999,12.902000000000001,0 77.585,12.902000000000001,0 77.585,12.9,0</coordinates>
          </LinearRing>
        </outerBoundaryIs>
      </Polygon>
    </Placemark>
    <Placemark>
      <name>Polygon_18</name>
      <ExtendedData>
        <Data name="id"><value>18</value></Data>
        <Data name="category"><value>benchmark</value></Data>
      </ExtendedData>
      <Polygon>
        <outerBoundaryIs>
          <LinearRing>
            <coordinates>77.59,12.9,0 77.592,12.9,0 77.592,12.902000000000001,0 77.59,12.902000000000001,0 77.59,12.9,0</coordinates>
          </LinearRing>
        </outerBoundaryIs>
      </Polygon>
    </Placemark>
    <Placemark>
      <name>Polygon_19</name>
      <ExtendedData>
        <Data name="id"><value>19</value></Data>
        <Data name="category"><value>benchmark</value></Data>
      </ExtendedData>
      <Polygon>
        <outerBoundaryIs>
          <LinearRing>
            <coordinates>77.595,12.9,0 77.597,12.9,0 77.597,12.902000000000001,0 77.595,12.902000000000001,0 77.595,12.9,0</coordinates>
          </LinearRing>
        </outerBoundaryIs>
      </Polygon>
    </Placemark>
    <Placemark>
      <name>Polygon_20</name>
      <ExtendedData>
        <Data name="id"><value>20</value></Data>
        <Data name="category"><value>benchmark</value></Data>
      </ExtendedData>
      <Polygon>
        <outerBoundaryIs>
          <LinearRing>
            <coordinates>77.6,12.9,0 77.60199999999999,12.9,0 77.60199999999999,12.902000000000001,0 77.6,12.902000000000001,0 77.6,12.9,0</coordinates>
          </LinearRing>
        </outerBoundaryIs>
      </Polygon>
    </Placemark>
    <Placemark>
      <name>Polygon_21</name>
      <ExtendedData>
        <Data name="id"><value>21</value></Data>
        <Data name="category"><value>benchmark</value></Data>
      </ExtendedData>
      <Polygon>
        <outerBoundaryIs>
          <LinearRing>
            <coordinates>77.605,12.9,0 77.607,12.9,0 77.607,12.902000000000001,0 77.605,12.902000000000001,0 77.605,12.9,0</coordinates>
          </LinearRing>
        </outerBoundaryIs>
      </Polygon>
    </Placemark>
    <Placemark>
      <name>Polygon_22</name>
      <ExtendedData>
        <Data name="id"><value>22</value></Data>
        <Data name="category"><value>benchmark</value></Data>
      </ExtendedData>
      <Polygon>
        <outerBoundaryIs>
          <LinearRing>
            <coordinates>77.61,12.9,0 77.612,12.9,0 77.612,12.902000000000001,0 77.61,12.902000000000001,0 77.61,12.9,0</coordinates>
          </LinearRing>
        </outerBoundaryIs>
      </Polygon>
    </Placemark>
    <Placemark>
      <name>Polygon_23</name>
      <ExtendedData>
        <Data name="id"><value>23</value></Data>
        <Data name="category"><value>benchmark</value></Data>
      </ExtendedData>
      <Polygon>
        <outerBoundaryIs>
          <LinearRing>
            <coordinates>77.615,12.9,0 77.61699999999999,12.9,0 77.61699999999999,12.902000000000001,0 77.615,12.902000000000001,0 77.615,12.9,0</coordinates>
          </LinearRing>
        </outerBoundaryIs>
      </Polygon>
    </Placemark>
    <Placemark>
      <name>Polygon_24</name>
      <ExtendedData>
        <Data name="id"><value>24</value></Data>
        <Data name="category"><value>benchmark</value></Data>
      </ExtendedData>
      <Polygon>
        <outerBoundaryIs>
          <LinearRing>
            <coordinates>77.62,12.9,0 77.622,12.9,0 77.622,12.902000000000001,0 77.62,12.902000000000001,0 77.62,12.9,0</coordinates>
          </LinearRing>
        </outerBoundaryIs>
      </Polygon>
    </Placemark>
    <Placemark>
      <name>Polygon_25</name>
      <ExtendedData>
        <Data name="id"><value>25</value></Data>
        <Data name="category"><value>benchmark</value></Data>
      </ExtendedData>
      <Polygon>
        <outerBoundaryIs>
          <LinearRing>
            <coordinates>77.625,12.9,0 77.627,12.9,0 77.627,12.902000000000001,0 77.625,12.902000000000001,0 77.625,12.9,0</coordinates>
          </LinearRing>
        </outerBoundaryIs>
      </Polygon>
    </Placemark>
    <Placemark>
      <name>Polygon_26</name>
      <ExtendedData>
        <Data name="id"><value>26</value></Data>
        <Data name="category"><value>benchmark</value></Data>
      </ExtendedData>
      <Polygon>
        <outerBoundaryIs>
          <LinearRing>
            <coordinates>77.63,12.9,0 77.63199999999999,12.9,0 77.63199999999999,12.902000000000001,0 77.63,12.902000000000001,0 77.63,12.9,0</coordinates>
          </LinearRing>
        </outerBoundaryIs>
      </Polygon>
    </Placemark>
    <Placemark>
      <name>Polygon_27</name>
      <ExtendedData>
        <Data name="id"><value>27</value></Data>
        <Data name="category"><value>benchmark</value></Data>
      </ExtendedData>
      <Polygon>
        <outerBoundaryIs>
          <LinearRing>
            <coordinates>77.635,12.9,0 77.637,12.9,0 77.637,12.902000000000001,0 77.635,12.902000000000001,0 77.635,12.9,0</coordinates>
          </LinearRing>
        </outerBoundaryIs>
      </Polygon>
    </Placemark>
    <Placemark>
      <name>Polygon_28</name>
      <ExtendedData>
        <Data name="id"><value>28</value></Data>
        <Data name="category"><value>benchmark</value></Data>
      </ExtendedData>
      <Polygon>
        <outerBoundaryIs>
          <LinearRing>
            <coordinates>77.64,12.9,0 77.642,12.9,0 77.642,12.902000000000001,0 77.64,12.902000000000001,0 77.64,12.9,0</coordinates>
          </LinearRing>
        </outerBoundaryIs>
      </Polygon>
    </Placemark>
    <Placemark>
      <name>Polygon_29</name>
      <ExtendedData>
        <Data name="id"><value>29</value></Data>
        <Data name="category"><value>benchmark</value></Data>
      </ExtendedData>
      <Polygon>
        <outerBoundaryIs>
          <LinearRing>
            <coordinates>77.645,12.9,0 77.64699999999999,12.9,0 77.64699999999999,12.902000000000001,0 77.645,12.902000000000001,0 77.645,12.9,0</coordinates>
          </LinearRing>
        </outerBoundaryIs>
      </Polygon>
    </Placemark>
    <Placemark>
      <name>Polygon_30</name>
      <ExtendedData>
        <Data name="id"><value>30</value></Data>
        <Data name="category"><value>benchmark</value></Data>
      </ExtendedData>
      <Polygon>
        <outerBoundaryIs>
          <LinearRing>
            <coordinates>77.65,12.9,0 77.652,12.9,0 77.652,12.902000000000001,0 77.65,12.902000000000001,0 77.65,12.9,0</coordinates>
          </LinearRing>
        </outerBoundaryIs>
      </Polygon>
    </Placemark>
    <Placemark>
      <name>Polygon_31</name>
      <ExtendedData>
        <Data name="id"><value>31</value></Data>
        <Data name="category"><value>benchmark</value></Data>
      </ExtendedData>
      <Polygon>
        <outerBoundaryIs>
          <LinearRing>
            <coordinates>77.655,12.9,0 77.657,12.9,0 77.657,12.902000000000001,0 77.655,12.902000000000001,0 77.655,12.9,0</coordinates>
          </LinearRing>
        </outerBoundaryIs>
      </Polygon>
    </Placemark>
    <Placemark>
      <name>Polygon_32</name>
      <ExtendedData>
        <Data name="id"><value>32</value></Data>
        <Data name="category"><value>benchmark</value></Data>
      </ExtendedData>
      <Polygon>
        <outerBoundaryIs>
          <LinearRing>
            <coordinates>77.66,12.9,0 77.66199999999999,12.9,0 77.66199999999999,12.902000000000001,0 77.66,12.902000000000001,0 77.66,12.9,0</coordinates>
          </LinearRing>
        </outerBoundaryIs>
      </Polygon>
    </Placemark>
    <Placemark>
      <name>Polygon_33</name>
      <ExtendedData>
        <Data name="id"><value>33</value></Data>
        <Data name="category"><value>benchmark</value></Data>
      </ExtendedData>
      <Polygon>
        <outerBoundaryIs>
          <LinearRing>
            <coordinates>77.665,12.9,0 77.667,12.9,0 77.667,12.902000000000001,0 77.665,12.902000000000001,0 77.665,12.9,0</coordinates>
          </LinearRing>
        </outerBoundaryIs>
      </Polygon>
    </Placemark>
    <Placemark>
      <name>Polygon_34</name>
      <ExtendedData>
        <Data name="id"><value>34</value></Data>
        <Data name="category"><value>benchmark</value></Data>
      </ExtendedData>
      <Polygon>
        <outerBoundaryIs>
          <LinearRing>
            <coordinates>77.67,12.9,0 77.672,12.9,0 77.672,12.902000000000001,0 77.67,12.902000000000001,0 77.67,12.9,0</coordinates>
          </LinearRing>
        </outerBoundaryIs>
      </Polygon>
    </Placemark>
    <Placemark>
      <name>Polygon_35</name>
      <ExtendedData>
        <Data name="id"><value>35</value></Data>
        <Data name="category"><value>benchmark</value></Data>
      </ExtendedData>
      <Polygon>
        <outerBoundaryIs>
          <LinearRing>
            <coordinates>77.675,12.9,0 77.67699999999999,12.9,0 77.67699999999999,12.902000000000001,0 77.675,12.902000000000001,0 77.675,12.9,0</coordinates>
          </LinearRing>
        </outerBoundaryIs>
      </Polygon>
    </Placemark>
    <Placemark>
      <name>Polygon_36</name>
      <ExtendedData>
        <Data name="id"><value>36</value></Data>
        <Data name="category"><value>benchmark</value></Data>
      </ExtendedData>
      <Polygon>
        <outerBoundaryIs>
          <LinearRing>
            <coordinates>77.68,12.9,0 77.682,12.9,0 77.682,12.902000000000001,0 77.68,12.902000000000001,0 77.68,12.9,0</coordinates>
          </LinearRing>
        </outerBoundaryIs>
      </Polygon>
    </Placemark>
    <Placemark>
      <name>Polygon_37</name>
      <ExtendedData>
        <Data name="id"><value>37</value></Data>
        <Data name="category"><value>benchmark</value></Data>
      </ExtendedData>
      <Polygon>
        <outerBoundaryIs>
          <LinearRing>
            <coordinates>77.685,12.9,0 77.687,12.9,0 77.687,12.902000000000001,0 77.685,12.902000000000001,0 77.685,12.9,0</coordinates>
          </LinearRing>
        </outerBoundaryIs>
      </Polygon>
    </Placemark>
    <Placemark>
      <name>Polygon_38</name>
      <ExtendedData>
        <Data name="id"><value>38</value></Data>
        <Data name="category"><value>benchmark</value></Data>
      </ExtendedData>
      <Polygon>
        <outerBoundaryIs>
          <LinearRing>
            <coordinates>77.69,12.9,0 77.692,12.9,0 77.692,12.902000000000001,0 77.69,12.902000000000001,0 77.69,12.9,0</coordinates>
          </LinearRing>
        </outerBoundaryIs>
      </Polygon>
    </Placemark>
    <Placemark>
      <name>Polygon_39</name>
      <ExtendedData>
        <Data name="id"><value>39</value></Data>
        <Data name="category"><value>benchmark</value></Data>
      </ExtendedData>
      <Polygon>
        <outerBoundaryIs>
          <LinearRing>
            <coordinates>77.695,12.9,0 77.69699999999999,12.9,0 77.69699999999999,12.902000000000001,0 77.695,12.902000000000001,0 77.695,12.9,0</coordinates>
          </LinearRing>
        </outerBoundaryIs>
      </Polygon>
    </Placemark>
    <Placemark>
      <name>Polygon_40</name>
      <ExtendedData>
        <Data name="id"><value>40</value></Data>
        <Data name="category"><value>benchmark</value></Data>
      </ExtendedData>
      <Polygon>
        <outerBoundaryIs>
          <LinearRing>
            <coordinates>77.7,12.9,0 77.702,12.9,0 77.702,12.902000000000001,0 77.7,12.902000000000001,0 77.7,12.9,0</coordinates>
          </LinearRing>
        </outerBoundaryIs>
      </Polygon>
    </Placemark>
    <Placemark>
      <name>Polygon_41</name>
      <ExtendedData>
        <Data name="id"><value>41</value></Data>
        <Data name="category"><value>benchmark</value></Data>
      </ExtendedData>
      <Polygon>
        <outerBoundaryIs>
          <LinearRing>
            <coordinates>77.705,12.9,0 77.707,12.9,0 77.707,12.902000000000001,0 77.705,12.902000000000001,0 77.705,12.9,0</coordinates>
          </LinearRing>
        </outerBoundaryIs>
      </Polygon>
    </Placemark>
    <Placemark>
      <name>Polygon_42</name>
      <ExtendedData>
        <Data name="id"><value>42</value></Data>
        <Data name="category"><value>benchmark</value></Data>
      </ExtendedData>
      <Polygon>
        <outerBoundaryIs>
          <LinearRing>
            <coordinates>77.71,12.9,0 77.71199999999999,12.9,0 77.71199999999999,12.902000000000001,0 77.71,12.902000000000001,0 77.71,12.9,0</coordinates>
          </LinearRing>
        </outerBoundaryIs>
      </Polygon>
    </Placemark>
    <Placemark>
      <name>Polygon_43</name>
      <ExtendedData>
        <Data name="id"><value>43</value></Data>
        <Data name="category"><value>benchmark</value></Data>
      </ExtendedData>
      <Polygon>
        <outerBoundaryIs>
          <LinearRing>
            <coordinates>77.715,12.9,0 77.717,12.9,0 77.717,12.902000000000001,0 77.715,12.902000000000001,0 77.715,12.9,0</coordinates>
          </LinearRing>
        </outerBoundaryIs>
      </Polygon>
    </Placemark>
    <Placemark>
      <name>Polygon_44</name>
      <ExtendedData>
        <Data name="id"><value>44</value></Data>
        <Data name="category"><value>benchmark</value></Data>
      </ExtendedData>
      <Polygon>
        <outerBoundaryIs>
          <LinearRing>
            <coordinates>77.72,12.9,0 77.722,12.9,0 77.722,12.902000000000001,0 77.72,12.902000000000001,0 77.72,12.9,0</coordinates>
          </LinearRing>
        </outerBoundaryIs>
      </Polygon>
    </Placemark>
    <Placemark>
      <name>Polygon_45</name>
      <ExtendedData>
        <Data name="id"><value>45</value></Data>
        <Data name="category"><value>benchmark</value></Data>
      </ExtendedData>
      <Polygon>
        <outerBoundaryIs>
          <LinearRing>
            <coordinates>77.725,12.9,0 77.72699999999999,12.9,0 77.72699999999999,12.902000000000001,0 77.725,12.902000000000001,0 77.725,12.9,0</coordinates>
          </LinearRing>
        </outerBoundaryIs>
      </Polygon>
    </Placemark>
    <Placemark>
      <name>Polygon_46</name>
      <ExtendedData>
        <Data name="id"><value>46</value></Data>
        <Data name="category"><value>benchmark</value></Data>
      </ExtendedData>
      <Polygon>
        <outerBoundaryIs>
          <LinearRing>
            <coordinates>77.73,12.9,0 77.732,12.9,0 77.732,12.902000000000001,0 77.73,12.902000000000001,0 77.73,12.9,0</coordinates>
          </LinearRing>
        </outerBoundaryIs>
      </Polygon>
    </Placemark>
    <Placemark>
      <name>Polygon_47</name>
      <ExtendedData>
        <Data name="id"><value>47</value></Data>
        <Data name="category"><value>benchmark</value></Data>
      </ExtendedData>
      <Polygon>
        <outerBoundaryIs>
          <LinearRing>
            <coordinates>77.735,12.9,0 77.737,12.9,0 77.737,12.902000000000001,0 77.735,12.902000000000001,0 77.735,12.9,0</coordinates>
          </LinearRing>
        </outerBoundaryIs>
      </Polygon>
    </Placemark>
    <Placemark>
      <name>Polygon_48</name>
      <ExtendedData>
        <Data name="id"><value>48</value></Data>
        <Data name="category"><value>benchmark</value></Data>
      </ExtendedData>
      <Polygon>
        <outerBoundaryIs>
          <LinearRing>
            <coordinates>77.74,12.9,0 77.74199999999999,12.9,0 77.74199999999999,12.902000000000001,0 77.74,12.902000000000001,0 77.74,12.9,0</coordinates>
          </LinearRing>
        </outerBoundaryIs>
      </Polygon>
    </Placemark>
    <Placemark>
      <name>Polygon_49</name>
      <ExtendedData>
        <Data name="id"><value>49</value></Data>
        <Data name="category"><value>benchmark</value></Data>
      </ExtendedData>
      <Polygon>
        <outerBoundaryIs>
          <LinearRing>
            <coordinates>77.745,12.9,0 77.747,12.9,0 77.747,12.902000000000001,0 77.745,12.902000000000001,0 77.745,12.9,0</coordinates>
          </LinearRing>
        </outerBoundaryIs>
      </Polygon>
    </Placemark>
    <Placemark>
      <name>Polygon_50</name>
      <ExtendedData>
        <Data name="id"><value>50</value></Data>
        <Data name="category"><value>benchmark</value></Data>
      </ExtendedData>
      <Polygon>
        <outerBoundaryIs>
          <LinearRing>
            <coordinates>77.75,12.9,0 77.752,12.9,0 77.752,12.902000000000001,0 77.75,12.902000000000001,0 77.75,12.9,0</coordinates>
          </LinearRing>
        </outerBoundaryIs>
      </Polygon>
    </Placemark>
    <Placemark>
      <name>Polygon_51</name>
      <ExtendedData>
        <Data name="id"><value>51</value></Data>
        <Data name="category"><value>benchmark</value></Data>
      </ExtendedData>
      <Polygon>
        <outerBoundaryIs>
          <LinearRing>
            <coordinates>77.755,12.9,0 77.75699999999999,12.9,0 77.75699999999999,12.902000000000001,0 77.755,12.902000000000001,0 77.755,12.9,0</coordinates>
          </LinearRing>
        </outerBoundaryIs>
      </Polygon>
    </Placemark>
    <Placemark>
      <name>Polygon_52</name>
      <ExtendedData>
        <Data name="id"><value>52</value></Data>
        <Data name="category"><value>benchmark</value></Data>
      </ExtendedData>
      <Polygon>
        <outerBoundaryIs>
          <LinearRing>
            <coordinates>77.76,12.9,0 77.762,12.9,0 77.762,12.902000000000001,0 77.76,12.902000000000001,0 77.76,12.9,0</coordinates>
          </LinearRing>
        </outerBoundaryIs>
      </Polygon>
    </Placemark>
    <Placemark>
      <name>Polygon_53</name>
      <ExtendedData>
        <Data name="id"><value>53</value></Data>
        <Data name="category"><value>benchmark</value></Data>
      </ExtendedData>
      <Polygon>
        <outerBoundaryIs>
          <LinearRing>
            <coordinates>77.765,12.9,0 77.767,12.9,0 77.767,12.902000000000001,0 77.765,12.902000000000001,0 77.765,12.9,0</coordinates>
          </LinearRing>
        </outerBoundaryIs>
      </Polygon>
    </Placemark>
    <Placemark>
      <name>Polygon_54</name>
      <ExtendedData>
        <Data name="id"><value>54</value></Data>
        <Data name="category"><value>benchmark</value></Data>
      </ExtendedData>
      <Polygon>
        <outerBoundaryIs>
          <LinearRing>
            <coordinates>77.77,12.9,0 77.77199999999999,12.9,0 77.77199999999999,12.902000000000001,0 77.77,12.902000000000001,0 77.77,12.9,0</coordinates>
          </LinearRing>
        </outerBoundaryIs>
      </Polygon>
    </Placemark>
    <Placemark>
      <name>Polygon_55</name>
      <ExtendedData>
        <Data name="id"><value>55</value></Data>
        <Data name="category"><value>benchmark</value></Data>
      </ExtendedData>
      <Polygon>
        <outerBoundaryIs>
          <LinearRing>
            <coordinates>77.775,12.9,0 77.777,12.9,0 77.777,12.902000000000001,0 77.775,12.902000000000001,0 77.775,12.9,0</coordinates>
          </LinearRing>
        </outerBoundaryIs>
      </Polygon>
    </Placemark>
    <Placemark>
      <name>Polygon_56</name>
      <ExtendedData>
        <Data name="id"><value>56</value></Data>
        <Data name="category"><value>benchmark</value></Data>
      </ExtendedData>
      <Polygon>
        <outerBoundaryIs>
          <LinearRing>
            <coordinates>77.78,12.9,0 77.782,12.9,0 77.782,12.902000000000001,0 77.78,12.902000000000001,0 77.78,12.9,0</coordinates>
          </LinearRing>
        </outerBoundaryIs>
      </Polygon>
    </Placemark>
    <Placemark>
      <name>Polygon_57</name>
      <ExtendedData>
        <Data name="id"><value>57</value></Data>
        <Data name="category"><value>benchmark</value></Data>
      </ExtendedData>
      <Polygon>
        <outerBoundaryIs>
          <LinearRing>
            <coordinates>77.785,12.9,0 77.78699999999999,12.9,0 77.78699999999999,12.902000000000001,0 77.785,12.902000000000001,0 77.785,12.9,0</coordinates>
          </LinearRing>
        </outerBoundaryIs>
      </Polygon>
    </Placemark>
    <Placemark>
      <name>Polygon_58</name>
      <ExtendedData>
        <Data name="id"><value>58</value></Data>
        <Data name="category"><value>benchmark</value></Data>
      </ExtendedData>
      <Polygon>
        <outerBoundaryIs>
          <LinearRing>
            <coordinates>77.79,12.9,0 77.792,12.9,0 77.792,12.902000000000001,0 77.79,12.902000000000001,0 77.79,12.9,0</coordinates>
          </LinearRing>
        </outerBoundaryIs>
      </Polygon>
    </Placemark>
    <Placemark>
      <name>Polygon_59</name>
      <ExtendedData>
        <Data name="id"><value>59</value></Data>
        <Data name="category"><value>benchmark</value></Data>
      </ExtendedData>
      <Polygon>
        <outerBoundaryIs>
          <LinearRing>
            <coordinates>77.795,12.9,0 77.797,12.9,0 77.797,12.902000000000001,0 77.795,12.902000000000001,0 77.795,12.9,0</coordinates>
          </LinearRing>
        </outerBoundaryIs>
      </Polygon>
    </Placemark>
    <Placemark>
      <name>Polygon_60</name>
      <ExtendedData>
        <Data name="id"><value>60</value></Data>
        <Data name="category"><value>benchmark</value></Data>
      </ExtendedData>
      <Polygon>
        <outerBoundaryIs>
          <LinearRing>
            <coordinates>77.8,12.9,0 77.80199999999999,12.9,0 77.80199999999999,12.902000000000001,0 77.8,12.902000000000001,0 77.8,12.9,0</coordinates>
          </LinearRing>
        </outerBoundaryIs>
      </Polygon>
    </Placemark>
    <Placemark>
      <name>Polygon_61</name>
      <ExtendedData>
        <Data name="id"><value>61</value></Data>
        <Data name="category"><value>benchmark</value></Data>
      </ExtendedData>
      <Polygon>
        <outerBoundaryIs>
          <LinearRing>
            <coordinates>77.805,12.9,0 77.807,12.9,0 77.807,12.902000000000001,0 77.805,12.902000000000001,0 77.805,12.9,0</coordinates>
          </LinearRing>
        </outerBoundaryIs>
      </Polygon>
    </Placemark>
    <Placemark>
      <name>Polygon_62</name>
      <ExtendedData>
        <Data name="id"><value>62</value></Data>
        <Data name="category"><value>benchmark</value></Data>
      </ExtendedData>
      <Polygon>
        <outerBoundaryIs>
          <LinearRing>
            <coordinates>77.81,12.9,0 77.812,12.9,0 77.812,12.902000000000001,0 77.81,12.902000000000001,0 77.81,12.9,0</coordinates>
          </LinearRing>
        </outerBoundaryIs>
      </Polygon>
    </Placemark>
    <Placemark>
      <name>Polygon_63</name>
      <ExtendedData>
        <Data name="id"><value>63</value></Data>
        <Data name="category"><value>benchmark</value></Data>
      </ExtendedData>
      <Polygon>
        <outerBoundaryIs>
          <LinearRing>
            <coordinates>77.815,12.9,0 77.817,12.9,0 77.817,12.902000000000001,0 77.815,12.902000000000001,0 77.815,12.9,0</coordinates>
          </LinearRing>
        </outerBoundaryIs>
      </Polygon>
    </Placemark>
    <Placemark>
      <name>Polygon_64</name>
      <ExtendedData>
        <Data name="id"><value>64</value></Data>
        <Data name="category"><value>benchmark</value></Data>
      </ExtendedData>
      <Polygon>
        <outerBoundaryIs>
          <LinearRing>
            <coordinates>77.82,12.9,0 77.82199999999999,12.9,0 77.82199999999999,12.902000000000001,0 77.82,12.902000000000001,0 77.82,12.9,0</coordinates>
          </LinearRing>
        </outerBoundaryIs>
      </Polygon>
    </Placemark>
    <Placemark>
      <name>Polygon_65</name>
      <ExtendedData>
        <Data name="id"><value>65</value></Data>
        <Data name="category"><value>benchmark</value></Data>
      </ExtendedData>
      <Polygon>
        <outerBoundaryIs>
          <LinearRing>
            <coordinates>77.825,12.9,0 77.827,12.9,0 77.827,12.902000000000001,0 77.825,12.902000000000001,0 77.825,12.9,0</coordinates>
          </LinearRing>
        </outerBoundaryIs>
      </Polygon>
    </Placemark>
    <Placemark>
      <name>Polygon_66</name>
      <ExtendedData>
        <Data name="id"><value>66</value></Data>
        <Data name="category"><value>benchmark</value></Data>
      </ExtendedData>
      <Polygon>
        <outerBoundaryIs>
          <LinearRing>
            <coordinates>77.83,12.9,0 77.832,12.9,0 77.832,12.902000000000001,0 77.83,12.902000000000001,0 77.83,12.9,0</coordinates>
          </LinearRing>
        </outerBoundaryIs>
      </Polygon>
    </Placemark>
    <Placemark>
      <name>Polygon_67</name>
      <ExtendedData>
        <Data name="id"><value>67</value></Data>
        <Data name="category"><value>benchmark</value></Data>
      </ExtendedData>
      <Polygon>
        <outerBoundaryIs>
          <LinearRing>
            <coordinates>77.835,12.9,0 77.83699999999999,12.9,0 77.83699999999999,12.902000000000001,0 77.835,12.902000000000001,0 77.835,12.9,0</coordinates>
          </LinearRing>
        </outerBoundaryIs>
      </Polygon>
    </Placemark>
    <Placemark>
      <name>Polygon_68</name>
      <ExtendedData>
        <Data name="id"><value>68</value></Data>
        <Data name="category"><value>benchmark</value></Data>
      </ExtendedData>
      <Polygon>
        <outerBoundaryIs>
          <LinearRing>
            <coordinates>77.84,12.9,0 77.842,12.9,0 77.842,12.902000000000001,0 77.84,12.902000000000001,0 77.84,12.9,0</coordinates>
          </LinearRing>
        </outerBoundaryIs>
      </Polygon>
    </Placemark>
    <Placemark>
      <name>Polygon_69</name>
      <ExtendedData>
        <Data name="id"><value>69</value></Data>
        <Data name="category"><value>benchmark</value></Data>
      </ExtendedData>
      <Polygon>
        <outerBoundaryIs>
          <LinearRing>
            <coordinates>77.845,12.9,0 77.847,12.9,0 77.847,12.902000000000001,0 77.845,12.902000000000001,0 77.845,12.9,0</coordinates>
          </LinearRing>
        </outerBoundaryIs>
      </Polygon>
    </Placemark>
    <Placemark>
      <name>Polygon_70</name>
      <ExtendedData>
        <Data name="id"><value>70</value></Data>
        <Data name="category"><value>benchmark</value></Data>
      </ExtendedData>
      <Polygon>
        <outerBoundaryIs>
          <LinearRing>
            <coordinates>77.85,12.9,0 77.85199999999999,12.9,0 77.85199999999999,12.902000000000001,0 77.85,12.902000000000001,0 77.85,12.9,0</coordinates>
          </LinearRing>
        </outerBoundaryIs>
      </Polygon>
    </Placemark>
    <Placemark>
      <name>Polygon_71</name>
      <ExtendedData>
        <Data name="id"><value>71</value></Data>
        <Data name="category"><value>benchmark</value></Data>
      </ExtendedData>
      <Polygon>
        <outerBoundaryIs>
          <LinearRing>
            <coordinates>77.855,12.9,0 77.857,12.9,0 77.857,12.902000000000001,0 77.855,12.902000000000001,0 77.855,12.9,0</coordinates>
          </LinearRing>
        </outerBoundaryIs>
      </Polygon>
    </Placemark>
    <Placemark>
      <name>Polygon_72</name>
      <ExtendedData>
        <Data name="id"><value>72</value></Data>
        <Data name="category"><value>benchmark</value></Data>
      </ExtendedData>
      <Polygon>
        <outerBoundaryIs>
          <LinearRing>
            <coordinates>77.86,12.9,0 77.862,12.9,0 77.862,12.902000000000001,0 77.86,12.902000000000001,0 77.86,12.9,0</coordinates>
          </LinearRing>
        </outerBoundaryIs>
      </Polygon>
    </Placemark>
    <Placemark>
      <name>Polygon_73</name>
      <ExtendedData>
        <Data name="id"><value>73</value></Data>
        <Data name="category"><value>benchmark</value></Data>
      </ExtendedData>
      <Polygon>
        <outerBoundaryIs>
          <LinearRing>
            <coordinates>77.865,12.9,0 77.86699999999999,12.9,0 77.86699999999999,12.902000000000001,0 77.865,12.902000000000001,0 77.865,12.9,0</coordinates>
          </LinearRing>
        </outerBoundaryIs>
      </Polygon>
    </Placemark>
    <Placemark>
      <name>Polygon_74</name>
      <ExtendedData>
        <Data name="id"><value>74</value></Data>
        <Data name="category"><value>benchmark</value></Data>
      </ExtendedData>
      <Polygon>
        <outerBoundaryIs>
          <LinearRing>
            <coordinates>77.87,12.9,0 77.872,12.9,0 77.872,12.902000000000001,0 77.87,12.902000000000001,0 77.87,12.9,0</coordinates>
          </LinearRing>
        </outerBoundaryIs>
      </Polygon>
    </Placemark>
    <Placemark>
      <name>Polygon_75</name>
      <ExtendedData>
        <Data name="id"><value>75</value></Data>
        <Data name="category"><value>benchmark</value></Data>
      </ExtendedData>
      <Polygon>
        <outerBoundaryIs>
          <LinearRing>
            <coordinates>77.875,12.9,0 77.877,12.9,0 77.877,12.902000000000001,0 77.875,12.902000000000001,0 77.875,12.9,0</coordinates>
          </LinearRing>
        </outerBoundaryIs>
      </Polygon>
    </Placemark>
    <Placemark>
      <name>Polygon_76</name>
      <ExtendedData>
        <Data name="id"><value>76</value></Data>
        <Data name="category"><value>benchmark</value></Data>
      </ExtendedData>
      <Polygon>
        <outerBoundaryIs>
          <LinearRing>
            <coordinates>77.88,12.9,0 77.88199999999999,12.9,0 77.88199999999999,12.902000000000001,0 77.88,12.902000000000001,0 77.88,12.9,0</coordinates>
          </LinearRing>
        </outerBoundaryIs>
      </Polygon>
    </Placemark>
    <Placemark>
      <name>Polygon_77</name>
      <ExtendedData>
        <Data name="id"><value>77</value></Data>
        <Data name="category"><value>benchmark</value></Data>
      </ExtendedData>
      <Polygon>
        <outerBoundaryIs>
          <LinearRing>
            <coordinates>77.885,12.9,0 77.887,12.9,0 77.887,12.902000000000001,0 77.885,12.902000000000001,0 77.885,12.9,0</coordinates>
          </LinearRing>
        </outerBoundaryIs>
      </Polygon>
    </Placemark>
    <Placemark>
      <name>Polygon_78</name>
      <ExtendedData>
        <Data name="id"><value>78</value></Data>
        <Data name="category"><value>benchmark</value></Data>
      </ExtendedData>
      <Polygon>
        <outerBoundaryIs>
          <LinearRing>
            <coordinates>77.89,12.9,0 77.892,12.9,0 77.892,12.902000000000001,0 77.89,12.902000000000001,0 77.89,12.9,0</coordinates>
          </LinearRing>
        </outerBoundaryIs>
      </Polygon>
    </Placemark>
    <Placemark>
      <name>Polygon_79</name>
      <ExtendedData>
        <Data name="id"><value>79</value></Data>
        <Data name="category"><value>benchmark</value></Data>
      </ExtendedData>
      <Polygon>
        <outerBoundaryIs>
          <LinearRing>
            <coordinates>77.895,12.9,0 77.89699999999999,12.9,0 77.89699999999999,12.902000000000001,0 77.895,12.902000000000001,0 77.895,12.9,0</coordinates>
          </LinearRing>
        </outerBoundaryIs>
      </Polygon>
    </Placemark>
    <Placemark>
      <name>Polygon_80</name>
      <ExtendedData>
        <Data name="id"><value>80</value></Data>
        <Data name="category"><value>benchmark</value></Data>
      </ExtendedData>
      <Polygon>
        <outerBoundaryIs>
          <LinearRing>
            <coordinates>77.9,12.9,0 77.902,12.9,0 77.902,12.902000000000001,0 77.9,12.902000000000001,0 77.9,12.9,0</coordinates>
          </LinearRing>
        </outerBoundaryIs>
      </Polygon>
    </Placemark>
    <Placemark>
      <name>Polygon_81</name>
      <ExtendedData>
        <Data name="id"><value>81</value></Data>
        <Data name="category"><value>benchmark</value></Data>
      </ExtendedData>
      <Polygon>
        <outerBoundaryIs>
          <LinearRing>
            <coordinates>77.905,12.9,0 77.907,12.9,0 77.907,12.902000000000001,0 77.905,12.902000000000001,0 77.905,12.9,0</coordinates>
          </LinearRing>
        </outerBoundaryIs>
      </Polygon>
    </Placemark>
    <Placemark>
      <name>Polygon_82</name>
      <ExtendedData>
        <Data name="id"><value>82</value></Data>
        <Data name="category"><value>benchmark</value></Data>
      </ExtendedData>
      <Polygon>
        <outerBoundaryIs>
          <LinearRing>
            <coordinates>77.91,12.9,0 77.91199999999999,12.9,0 77.91199999999999,12.902000000000001,0 77.91,12.902000000000001,0 77.91,12.9,0</coordinates>
          </LinearRing>
        </outerBoundaryIs>
      </Polygon>
    </Placemark>
    <Placemark>
      <name>Polygon_83</name>
      <ExtendedData>
        <Data name="id"><value>83</value></Data>
        <Data name="category"><value>benchmark</value></Data>
      </ExtendedData>
      <Polygon>
        <outerBoundaryIs>
          <LinearRing>
            <coordinates>77.915,12.9,0 77.917,12.9,0 77.917,12.902000000000001,0 77.915,12.902000000000001,0 77.915,12.9,0</coordinates>
          </LinearRing>
        </outerBoundaryIs>
      </Polygon>
    </Placemark>
    <Placemark>
      <name>Polygon_84</name>
      <ExtendedData>
        <Data name="id"><value>84</value></Data>
        <Data name="category"><value>benchmark</value></Data>
      </ExtendedData>
      <Polygon>
        <outerBoundaryIs>
          <LinearRing>
            <coordinates>77.92,12.9,0 77.922,12.9,0 77.922,12.902000000000001,0 77.92,12.902000000000001,0 77.92,12.9,0</coordinates>
          </LinearRing>
        </outerBoundaryIs>
      </Polygon>
    </Placemark>
    <Placemark>
      <name>Polygon_85</name>
      <ExtendedData>
        <Data name="id"><value>85</value></Data>
        <Data name="category"><value>benchmark</value></Data>
      </ExtendedData>
      <Polygon>
        <outerBoundaryIs>
          <LinearRing>
            <coordinates>77.925,12.9,0 77.92699999999999,12.9,0 77.92699999999999,12.902000000000001,0 77.925,12.902000000000001,0 77.925,12.9,0</coordinates>
          </LinearRing>
        </outerBoundaryIs>
      </Polygon>
    </Placemark>
    <Placemark>
      <name>Polygon_86</name>
      <ExtendedData>
        <Data name="id"><value>86</value></Data>
        <Data name="category"><value>benchmark</value></Data>
      </ExtendedData>
      <Polygon>
        <outerBoundaryIs>
          <LinearRing>
            <coordinates>77.93,12.9,0 77.932,12.9,0 77.932,12.902000000000001,0 77.93,12.902000000000001,0 77.93,12.9,0</coordinates>
          </LinearRing>
        </outerBoundaryIs>
      </Polygon>
    </Placemark>
    <Placemark>
      <name>Polygon_87</name>
      <ExtendedData>
        <Data name="id"><value>87</value></Data>
        <Data name="category"><value>benchmark</value></Data>
      </ExtendedData>
      <Polygon>
        <outerBoundaryIs>
          <LinearRing>
            <coordinates>77.935,12.9,0 77.937,12.9,0 77.937,12.902000000000001,0 77.935,12.902000000000001,0 77.935,12.9,0</coordinates>
          </LinearRing>
        </outerBoundaryIs>
      </Polygon>
    </Placemark>
    <Placemark>
      <name>Polygon_88</name>
      <ExtendedData>
        <Data name="id"><value>88</value></Data>
        <Data name="category"><value>benchmark</value></Data>
      </ExtendedData>
      <Polygon>
        <outerBoundaryIs>
          <LinearRing>
            <coordinates>77.94,12.9,0 77.942,12.9,0 77.942,12.902000000000001,0 77.94,12.902000000000001,0 77.94,12.9,0</coordinates>
          </LinearRing>
        </outerBoundaryIs>
      </Polygon>
    </Placemark>
    <Placemark>
      <name>Polygon_89</name>
      <ExtendedData>
        <Data name="id"><value>89</value></Data>
        <Data name="category"><value>benchmark</value></Data>
      </ExtendedData>
      <Polygon>
        <outerBoundaryIs>
          <LinearRing>
            <coordinates>77.945,12.9,0 77.94699999999999,12.9,0 77.94699999999999,12.902000000000001,0 77.945,12.902000000000001,0 77.945,12.9,0</coordinates>
          </LinearRing>
        </outerBoundaryIs>
      </Polygon>
    </Placemark>
    <Placemark>
      <name>Polygon_90</name>
      <ExtendedData>
        <Data name="id"><value>90</value></Data>
        <Data name="category"><value>benchmark</value></Data>
      </ExtendedData>
      <Polygon>
        <outerBoundaryIs>
          <LinearRing>
            <coordinates>77.95,12.9,0 77.952,12.9,0 77.952,12.902000000000001,0 77.95,12.902000000000001,0 77.95,12.9,0</coordinates>
          </LinearRing>
        </outerBoundaryIs>
      </Polygon>
    </Placemark>
    <Placemark>
      <name>Polygon_91</name>
      <ExtendedData>
        <Data name="id"><value>91</value></Data>
        <Data name="category"><value>benchmark</value></Data>
      </ExtendedData>
      <Polygon>
        <outerBoundaryIs>
          <LinearRing>
            <coordinates>77.955,12.9,0 77.957,12.9,0 77.957,12.902000000000001,0 77.955,12.902000000000001,0 77.955,12.9,0</coordinates>
          </LinearRing>
        </outerBoundaryIs>
      </Polygon>
    </Placemark>
    <Placemark>
      <name>Polygon_92</name>
      <ExtendedData>
        <Data name="id"><value>92</value></Data>
        <Data name="category"><value>benchmark</value></Data>
      </ExtendedData>
      <Polygon>
        <outerBoundaryIs>
          <LinearRing>
            <coordinates>77.96,12.9,0 77.96199999999999,12.9,0 77.96199999999999,12.902000000000001,0 77.96,12.902000000000001,0 77.96,12.9,0</coordinates>
          </LinearRing>
        </outerBoundaryIs>
      </Polygon>
    </Placemark>
    <Placemark>
      <name>Polygon_93</name>
      <ExtendedData>
        <Data name="id"><value>93</value></Data>
        <Data name="category"><value>benchmark</value></Data>
      </ExtendedData>
      <Polygon>
        <outerBoundaryIs>
          <LinearRing>
            <coordinates>77.965,12.9,0 77.967,12.9,0 77.967,12.902000000000001,0 77.965,12.902000000000001,0 77.965,12.9,0</coordinates>
          </LinearRing>
        </outerBoundaryIs>
      </Polygon>
    </Placemark>
    <Placemark>
      <name>Polygon_94</name>
      <ExtendedData>
        <Data name="id"><value>94</value></Data>
        <Data name="category"><value>benchmark</value></Data>
      </ExtendedData>
      <Polygon>
        <outerBoundaryIs>
          <LinearRing>
            <coordinates>77.97,12.9,0 77.972,12.9,0 77.972,12.902000000000001,0 77.97,12.902000000000001,0 77.97,12.9,0</coordinates>
          </LinearRing>
        </outerBoundaryIs>
      </Polygon>
    </Placemark>
    <Placemark>
      <name>Polygon_95</name>
      <ExtendedData>
        <Data name="id"><value>95</value></Data>
        <Data name="category"><value>benchmark</value></Data>
      </ExtendedData>
      <Polygon>
        <outerBoundaryIs>
          <LinearRing>
            <coordinates>77.975,12.9,0 77.97699999999999,12.9,0 77.97699999999999,12.902000000000001,0 77.975,12.902000000000001,0 77.975,12.9,0</coordinates>
          </LinearRing>
        </outerBoundaryIs>
      </Polygon>
    </Placemark>
    <Placemark>
      <name>Polygon_96</name>
      <ExtendedData>
        <Data name="id"><value>96</value></Data>
        <Data name="category"><value>benchmark</value></Data>
      </ExtendedData>
      <Polygon>
        <outerBoundaryIs>
          <LinearRing>
            <coordinates>77.98,12.9,0 77.982,12.9,0 77.982,12.902000000000001,0 77.98,12.902000000000001,0 77.98,12.9,0</coordinates>
          </LinearRing>
        </outerBoundaryIs>
      </Polygon>
    </Placemark>
    <Placemark>
      <name>Polygon_97</name>
      <ExtendedData>
        <Data name="id"><value>97</value></Data>
        <Data name="category"><value>benchmark</value></Data>
      </ExtendedData>
      <Polygon>
        <outerBoundaryIs>
          <LinearRing>
            <coordinates>77.985,12.9,0 77.987,12.9,0 77.987,12.902000000000001,0 77.985,12.902000000000001,0 77.985,12.9,0</coordinates>
          </LinearRing>
        </outerBoundaryIs>
      </Polygon>
    </Placemark>
    <Placemark>
      <name>Polygon_98</name>
      <ExtendedData>
        <Data name="id"><value>98</value></Data>
        <Data name="category"><value>benchmark</value></Data>
      </ExtendedData>
      <Polygon>
        <outerBoundaryIs>
          <LinearRing>
            <coordinates>77.99,12.9,0 77.99199999999999,12.9,0 77.99199999999999,12.902000000000001,0 77.99,12.902000000000001,0 77.99,12.9,0</coordinates>
          </LinearRing>
        </outerBoundaryIs>
      </Polygon>
    </Placemark>
    <Placemark>
      <name>Polygon_99</name>
      <ExtendedData>
        <Data name="id"><value>99</value></Data>
        <Data name="category"><value>benchmark</value></Data>
      </ExtendedData>
      <Polygon>
        <outerBoundaryIs>
          <LinearRing>
            <coordinates>77.995,12.9,0 77.997,12.9,0 77.997,12.902000000000001,0 77.995,12.902000000000001,0 77.995,12.9,0</coordinates>
          </LinearRing>
        </outerBoundaryIs>
      </Polygon>
    </Placemark>
    <Placemark>
      <name>Polygon_100</name>
      <ExtendedData>
        <Data name="id"><value>100</value></Data>
        <Data name="category"><value>benchmark</value></Data>
      </ExtendedData>
      <Polygon>
        <outerBoundaryIs>
          <LinearRing>
            <coordinates>77.5,12.905000000000001,0 77.502,12.905000000000001,0 77.502,12.907000000000002,0 77.5,12.907000000000002,0 77.5,12.905000000000001,0</coordinates>
          </LinearRing>
        </outerBoundaryIs>
      </Polygon>
    </Placemark>
    <Placemark>
      <name>Polygon_101</name>
      <ExtendedData>
        <Data name="id"><value>101</value></Data>
        <Data name="category"><value>benchmark</value></Data>
      </ExtendedData>
      <Polygon>
        <outerBoundaryIs>
          <LinearRing>
            <coordinates>77.505,12.905000000000001,0 77.50699999999999,12.905000000000001,0 77.50699999999999,12.907000000000002,0 77.505,12.907000000000002,0 77.505,12.905000000000001,0</coordinates>
          </LinearRing>
        </outerBoundaryIs>
      </Polygon>
    </Placemark>
    <Placemark>
      <name>Polygon_102</name>
      <ExtendedData>
        <Data name="id"><value>102</value></Data>
        <Data name="category"><value>benchmark</value></Data>
      </ExtendedData>
      <Polygon>
        <outerBoundaryIs>
          <LinearRing>
            <coordinates>77.51,12.905000000000001,0 77.512,12.905000000000001,0 77.512,12.907000000000002,0 77.51,12.907000000000002,0 77.51,12.905000000000001,0</coordinates>
          </LinearRing>
        </outerBoundaryIs>
      </Polygon>
    </Placemark>
    <Placemark>
      <name>Polygon_103</name>
      <ExtendedData>
        <Data name="id"><value>103</value></Data>
        <Data name="category"><value>benchmark</value></Data>
      </ExtendedData>
      <Polygon>
        <outerBoundaryIs>
          <LinearRing>
            <coordinates>77.515,12.905000000000001,0 77.517,12.905000000000001,0 77.517,12.907000000000002,0 77.515,12.907000000000002,0 77.515,12.905000000000001,0</coordinates>
          </LinearRing>
        </outerBoundaryIs>
      </Polygon>
    </Placemark>
    <Placemark>
      <name>Polygon_104</name>
      <ExtendedData>
        <Data name="id"><value>104</value></Data>
        <Data name="category"><value>benchmark</value></Data>
      </ExtendedData>
      <Polygon>
        <outerBoundaryIs>
          <LinearRing>
            <coordinates>77.52,12.905000000000001,0 77.52199999999999,12.905000000000001,0 77.52199999999999,12.907000000000002,0 77.52,12.907000000000002,0 77.52,12.905000000000001,0</coordinates>
          </LinearRing>
        </outerBoundaryIs>
      </Polygon>
    </Placemark>
    <Placemark>
      <name>Polygon_105</name>
      <ExtendedData>
        <Data name="id"><value>105</value></Data>
        <Data name="category"><value>benchmark</value></Data>
      </ExtendedData>
      <Polygon>
        <outerBoundaryIs>
          <LinearRing>
            <coordinates>77.525,12.905000000000001,0 77.527,12.905000000000001,0 77.527,12.907000000000002,0 77.525,12.907000000000002,0 77.525,12.905000000000001,0</coordinates>
          </LinearRing>
        </outerBoundaryIs>
      </Polygon>
    </Placemark>
    <Placemark>
      <name>Polygon_106</name>
      <ExtendedData>
        <Data name="id"><value>106</value></Data>
        <Data name="category"><value>benchmark</value></Data>
      </ExtendedData>
      <Polygon>
        <outerBoundaryIs>
          <LinearRing>
            <coordinates>77.53,12.905000000000001,0 77.532,12.905000000000001,0 77.532,12.907000000000002,0 77.53,12.907000000000002,0 77.53,12.905000000000001,0</coordinates>
          </LinearRing>
        </outerBoundaryIs>
      </Polygon>
    </Placemark>
    <Placemark>
      <name>Polygon_107</name>
      <ExtendedData>
        <Data name="id"><value>107</value></Data>
        <Data name="category"><value>benchmark</value></Data>
      </ExtendedData>
      <Polygon>
        <outerBoundaryIs>
          <LinearRing>
            <coordinates>77.535,12.905000000000001,0 77.53699999999999,12.905000000000001,0 77.53699999999999,12.907000000000002,0 77.535,12.907000000000002,0 77.535,12.905000000000001,0</coordinates>
          </LinearRing>
        </outerBoundaryIs>
      </Polygon>
    </Placemark>
    <Placemark>
      <name>Polygon_108</name>
      <ExtendedData>
        <Data name="id"><value>108</value></Data>
        <Data name="category"><value>benchmark</value></Data>
      </ExtendedData>
      <Polygon>
        <outerBoundaryIs>
          <LinearRing>
            <coordinates>77.54,12.905000000000001,0 77.542,12.905000000000001,0 77.542,12.907000000000002,0 77.54,12.907000000000002,0 77.54,12.905000000000001,0</coordinates>
          </LinearRing>
        </outerBoundaryIs>
      </Polygon>
    </Placemark>
    <Placemark>
      <name>Polygon_109</name>
      <ExtendedData>
        <Data name="id"><value>109</value></Data>
        <Data name="category"><value>benchmark</value></Data>
      </ExtendedData>
      <Polygon>
        <outerBoundaryIs>
          <LinearRing>
            <coordinates>77.545,12.905000000000001,0 77.547,12.905000000000001,0 77.547,12.907000000000002,0 77.545,12.907000000000002,0 77.545,12.905000000000001,0</coordinates>
          </LinearRing>
        </outerBoundaryIs>
      </Polygon>
    </Placemark>
    <Placemark>
      <name>Polygon_110</name>
      <ExtendedData>
        <Data name="id"><value>110</value></Data>
        <Data name="category"><value>benchmark</value></Data>
      </ExtendedData>
      <Polygon>
        <outerBoundaryIs>
          <LinearRing>
            <coordinates>77.55,12.905000000000001,0 77.55199999999999,12.905000000000001,0 77.55199999999999,12.907000000000002,0 77.55,12.907000000000002,0 77.55,12.905000000000001,0</coordinates>
          </LinearRing>
        </outerBoundaryIs>
      </Polygon>
    </Placemark>
    <Placemark>
      <name>Polygon_111</name>
      <ExtendedData>
        <Data name="id"><value>111</value></Data>
        <Data name="category"><value>benchmark</value></Data>
      </ExtendedData>
      <Polygon>
        <outerBoundaryIs>
          <LinearRing>
            <coordinates>77.555,12.905000000000001,0 77.557,12.905000000000001,0 77.557,12.907000000000002,0 77.555,12.907000000000002,0 77.555,12.905000000000001,0</coordinates>
          </LinearRing>
        </outerBoundaryIs>
      </Polygon>
    </Placemark>
    <Placemark>
      <name>Polygon_112</name>
      <ExtendedData>
        <Data name="id"><value>112</value></Data>
        <Data name="category"><value>benchmark</value></Data>
      </ExtendedData>
      <Polygon>
        <outerBoundaryIs>
          <LinearRing>
            <coordinates>77.56,12.905000000000001,0 77.562,12.905000000000001,0 77.562,12.907000000000002,0 77.56,12.907000000000002,0 77.56,12.905000000000001,0</coordinates>
          </LinearRing>
        </outerBoundaryIs>
      </Polygon>
    </Placemark>
    <Placemark>
      <name>Polygon_113</name>
      <ExtendedData>
        <Data name="id"><value>113</value></Data>
        <Data name="category"><value>benchmark</value></Data>
      </ExtendedData>
      <Polygon>
        <outerBoundaryIs>
          <LinearRing>
            <coordinates>77.565,12.905000000000001,0 77.567,12.905000000000001,0 77.567,12.907000000000002,0 77.565,12.907000000000002,0 77.565,12.905000000000001,0</coordinates>
          </LinearRing>
        </outerBoundaryIs>
      </Polygon>
    </Placemark>
    <Placemark>
      <name>Polygon_114</name>
      <ExtendedData>
        <Data name="id"><value>114</value></Data>
        <Data name="category"><value>benchmark</value></Data>
      </ExtendedData>
      <Polygon>
        <outerBoundaryIs>
          <LinearRing>
            <coordinates>77.57,12.905000000000001,0 77.57199999999999,12.905000000000001,0 77.57199999999999,12.907000000000002,0 77.57,12.907000000000002,0 77.57,12.905000000000001,0</coordinates>
          </LinearRing>
        </outerBoundaryIs>
      </Polygon>
    </Placemark>
    <Placemark>
      <name>Polygon_115</name>
      <ExtendedData>
        <Data name="id"><value>115</value></Data>
        <Data name="category"><value>benchmark</value></Data>
      </ExtendedData>
      <Polygon>
        <outerBoundaryIs>
          <LinearRing>
            <coordinates>77.575,12.905000000000001,0 77.577,12.905000000000001,0 77.577,12.907000000000002,0 77.575,12.907000000000002,0 77.575,12.905000000000001,0</coordinates>
          </LinearRing>
        </outerBoundaryIs>
      </Polygon>
    </Placemark>
    <Placemark>
      <name>Polygon_116</name>
      <ExtendedData>
        <Data name="id"><value>116</value></Data>
        <Data name="category"><value>benchmark</value></Data>
      </ExtendedData>
      <Polygon>
        <outerBoundaryIs>
          <LinearRing>
            <coordinates>77.58,12.905000000000001,0 77.582,12.905000000000001,0 77.582,12.907000000000002,0 77.58,12.907000000000002,0 77.58,12.905000000000001,0</coordinates>
          </LinearRing>
        </outerBoundaryIs>
      </Polygon>
    </Placemark>
    <Placemark>
      <name>Polygon_117</name>
      <ExtendedData>
        <Data name="id"><value>117</value></Data>
        <Data name="category"><value>benchmark</value></Data>
      </ExtendedData>
      <Polygon>
        <outerBoundaryIs>
          <LinearRing>
            <coordinates>77.585,12.905000000000001,0 77.58699999999999,12.905000000000001,0 77.58699999999999,12.907000000000002,0 77.585,12.907000000000002,0 77.585,12.905000000000001,0</coordinates>
          </LinearRing>
        </outerBoundaryIs>
      </Polygon>
    </Placemark>
    <Placemark>
      <name>Polygon_118</name>
      <ExtendedData>
        <Data name="id"><value>118</value></Data>
        <Data name="category"><value>benchmark</value></Data>
      </ExtendedData>
      <Polygon>
        <outerBoundaryIs>
          <LinearRing>
            <coordinates>77.59,12.905000000000001,0 77.592,12.905000000000001,0 77.592,12.907000000000002,0 77.59,12.907000000000002,0 77.59,12.905000000000001,0</coordinates>
          </LinearRing>
        </outerBoundaryIs>
      </Polygon>
    </Placemark>
    <Placemark>
      <name>Polygon_119</name>
      <ExtendedData>
        <Data name="id"><value>119</value></Data>
        <Data name="category"><value>benchmark</value></Data>
      </ExtendedData>
      <Polygon>
        <outerBoundaryIs>
          <LinearRing>
            <coordinates>77.595,12.905000000000001,0 77.597,12.905000000000001,0 77.597,12.907000000000002,0 77.595,12.907000000000002,0 77.595,12.905000000000001,0</coordinates>
          </LinearRing>
        </outerBoundaryIs>
      </Polygon>
    </Placemark>
    <Placemark>
      <name>Polygon_120</name>
      <ExtendedData>
        <Data name="id"><value>120</value></Data>
        <Data name="category"><value>benchmark</value></Data>
      </ExtendedData>
      <Polygon>
        <outerBoundaryIs>
          <LinearRing>
            <coordinates>77.6,12.905000000000001,0 77.60199999999999,12.905000000000001,0 77.60199999999999,12.907000000000002,0 77.6,12.907000000000002,0 77.6,12.905000000000001,0</coordinates>
          </LinearRing>
        </outerBoundaryIs>
      </Polygon>
    </Placemark>
    <Placemark>
      <name>Polygon_121</name>
      <ExtendedData>
        <Data name="id"><value>121</value></Data>
        <Data name="category"><value>benchmark</value></Data>
      </ExtendedData>
      <Polygon>
        <outerBoundaryIs>
          <LinearRing>
            <coordinates>77.605,12.905000000000001,0 77.607,12.905000000000001,0 77.607,12.907000000000002,0 77.605,12.907000000000002,0 77.605,12.905000000000001,0</coordinates>
          </LinearRing>
        </outerBoundaryIs>
      </Polygon>
    </Placemark>
    <Placemark>
      <name>Polygon_122</name>
      <ExtendedData>
        <Data name="id"><value>122</value></Data>
        <Data name="category"><value>benchmark</value></Data>
      </ExtendedData>
      <Polygon>
        <outerBoundaryIs>
          <LinearRing>
            <coordinates>77.61,12.905000000000001,0 77.612,12.905000000000001,0 77.612,12.907000000000002,0 77.61,12.907000000000002,0 77.61,12.905000000000001,0</coordinates>
          </LinearRing>
        </outerBoundaryIs>
      </Polygon>
    </Placemark>
    <Placemark>
      <name>Polygon_123</name>
      <ExtendedData>
        <Data name="id"><value>123</value></Data>
        <Data name="category"><value>benchmark</value></Data>
      </ExtendedData>
      <Polygon>
        <outerBoundaryIs>
          <LinearRing>
            <coordinates>77.615,12.905000000000001,0 77.61699999999999,12.905000000000001,0 77.61699999999999,12.907000000000002,0 77.615,12.907000000000002,0 77.615,12.905000000000001,0</coordinates>
          </LinearRing>
        </outerBoundaryIs>
      </Polygon>
    </Placemark>
    <Placemark>
      <name>Polygon_124</name>
      <ExtendedData>
        <Data name="id"><value>124</value></Data>
        <Data name="category"><value>benchmark</value></Data>
      </ExtendedData>
      <Polygon>
        <outerBoundaryIs>
          <LinearRing>
            <coordinates>77.62,12.905000000000001,0 77.622,12.905000000000001,0 77.622,12.907000000000002,0 77.62,12.907000000000002,0 77.62,12.905000000000001,0</coordinates>
          </LinearRing>
        </outerBoundaryIs>
      </Polygon>
    </Placemark>
    <Placemark>
      <name>Polygon_125</name>
      <ExtendedData>
        <Data name="id"><value>125</value></Data>
        <Data name="category"><value>benchmark</value></Data>
      </ExtendedData>
      <Polygon>
        <outerBoundaryIs>
          <LinearRing>
            <coordinates>77.625,12.905000000000001,0 77.627,12.905000000000001,0 77.627,12.907000000000002,0 77.625,12.907000000000002,0 77.625,12.905000000000001,0</coordinates>
          </LinearRing>
        </outerBoundaryIs>
      </Polygon>
    </Placemark>
    <Placemark>
      <name>Polygon_126</name>
      <ExtendedData>
        <Data name="id"><value>126</value></Data>
        <Data name="category"><value>benchmark</value></Data>
      </ExtendedData>
      <Polygon>
        <outerBoundaryIs>
          <LinearRing>
            <coordinates>77.63,12.905000000000001,0 77.63199999999999,12.905000000000001,0 77.63199999999999,12.907000000000002,0 77.63,12.907000000000002,0 77.63,12.905000000000001,0</coordinates>
          </LinearRing>
        </outerBoundaryIs>
      </Polygon>
    </Placemark>
    <Placemark>
      <name>Polygon_127</name>
      <ExtendedData>
        <Data name="id"><value>127</value></Data>
        <Data name="category"><value>benchmark</value></Data>
      </ExtendedData>
      <Polygon>
        <outerBoundaryIs>
          <LinearRing>
            <coordinates>77.635,12.905000000000001,0 77.637,12.905000000000001,0 77.637,12.907000000000002,0 77.635,12.907000000000002,0 77.635,12.905000000000001,0</coordinates>
          </LinearRing>
        </outerBoundaryIs>
      </Polygon>
    </Placemark>
    <Placemark>
      <name>Polygon_128</name>
      <ExtendedData>
        <Data name="id"><value>128</value></Data>
        <Data name="category"><value>benchmark</value></Data>
      </ExtendedData>
      <Polygon>
        <outerBoundaryIs>
          <LinearRing>
            <coordinates>77.64,12.905000000000001,0 77.642,12.905000000000001,0 77.642,12.907000000000002,0 77.64,12.907000000000002,0 77.64,12.905000000000001,0</coordinates>
          </LinearRing>
        </outerBoundaryIs>
      </Polygon>
    </Placemark>
    <Placemark>
      <name>Polygon_129</name>
      <ExtendedData>
        <Data name="id"><value>129</value></Data>
        <Data name="category"><value>benchmark</value></Data>
      </ExtendedData>
      <Polygon>
        <outerBoundaryIs>
          <LinearRing>
            <coordinates>77.645,12.905000000000001,0 77.64699999999999,12.905000000000001,0 77.64699999999999,12.907000000000002,0 77.645,12.907000000000002,0 77.645,12.905000000000001,0</coordinates>
          </LinearRing>
        </outerBoundaryIs>
      </Polygon>
    </Placemark>
    <Placemark>
      <name>Polygon_130</name>
      <ExtendedData>
        <Data name="id"><value>130</value></Data>
        <Data name="category"><value>benchmark</value></Data>
      </ExtendedData>
      <Polygon>
        <outerBoundaryIs>
          <LinearRing>
            <coordinates>77.65,12.905000000000001,0 77.652,12.905000000000001,0 77.652,12.907000000000002,0 77.65,12.907000000000002,0 77.65,12.905000000000001,0</coordinates>
          </LinearRing>
        </outerBoundaryIs>
      </Polygon>
    </Placemark>
    <Placemark>
      <name>Polygon_131</name>
      <ExtendedData>
        <Data name="id"><value>131</value></Data>
        <Data name="category"><value>benchmark</value></Data>
      </ExtendedData>
      <Polygon>
        <outerBoundaryIs>
          <LinearRing>
            <coordinates>77.655,12.905000000000001,0 77.657,12.905000000000001,0 77.657,12.907000000000002,0 77.655,12.907000000000002,0 77.655,12.905000000000001,0</coordinates>
          </LinearRing>
        </outerBoundaryIs>
      </Polygon>
    </Placemark>
    <Placemark>
      <name>Polygon_132</name>
      <ExtendedData>
        <Data name="id"><value>132</value></Data>
        <Data name="category"><value>benchmark</value></Data>
      </ExtendedData>
      <Polygon>
        <outerBoundaryIs>
          <LinearRing>
            <coordinates>77.66,12.905000000000001,0 77.66199999999999,12.905000000000001,0 77.66199999999999,12.907000000000002,0 77.66,12.907000000000002,0 77.66,12.905000000000001,0</coordinates>
          </LinearRing>
        </outerBoundaryIs>
      </Polygon>
    </Placemark>
    <Placemark>
      <name>Polygon_133</name>
      <ExtendedData>
        <Data name="id"><value>133</value></Data>
        <Data name="category"><value>benchmark</value></Data>
      </ExtendedData>
      <Polygon>
        <outerBoundaryIs>
          <LinearRing>
            <coordinates>77.665,12.905000000000001,0 77.667,12.905000000000001,0 77.667,12.907000000000002,0 77.665,12.907000000000002,0 77.665,12.905000000000001,0</coordinates>
          </LinearRing>
        </outerBoundaryIs>
      </Polygon>
    </Placemark>
    <Placemark>
      <name>Polygon_134</name>
      <ExtendedData>
        <Data name="id"><value>134</value></Data>
        <Data name="category"><value>benchmark</value></Data>
      </ExtendedData>
      <Polygon>
        <outerBoundaryIs>
          <LinearRing>
            <coordinates>77.67,12.905000000000001,0 77.672,12.905000000000001,0 77.672,12.907000000000002,0 77.67,12.907000000000002,0 77.67,12.905000000000001,0</coordinates>
          </LinearRing>
        </outerBoundaryIs>
      </Polygon>
    </Placemark>
    <Placemark>
      <name>Polygon_135</name>
      <ExtendedData>
        <Data name="id"><value>135</value></Data>
        <Data name="category"><value>benchmark</value></Data>
      </ExtendedData>
      <Polygon>
        <outerBoundaryIs>
          <LinearRing>
            <coordinates>77.675,12.905000000000001,0 77.67699999999999,12.905000000000001,0 77.67699999999999,12.907000000000002,0 77.675,12.907000000000002,0 77.675,12.905000000000001,0</coordinates>
          </LinearRing>
        </outerBoundaryIs>
      </Polygon>
    </Placemark>
    <Placemark>
      <name>Polygon_136</name>
      <ExtendedData>
        <Data name="id"><value>136</value></Data>
        <Data name="category"><value>benchmark</value></Data>
      </ExtendedData>
      <Polygon>
        <outerBoundaryIs>
          <LinearRing>
            <coordinates>77.68,12.905000000000001,0 77.682,12.905000000000001,0 77.682,12.907000000000002,0 77.68,12.907000000000002,0 77.68,12.905000000000001,0</coordinates>
          </LinearRing>
        </outerBoundaryIs>
      </Polygon>
    </Placemark>
    <Placemark>
      <name>Polygon_137</name>
      <ExtendedData>
        <Data name="id"><value>137</value></Data>
        <Data name="category"><value>benchmark</value></Data>
      </ExtendedData>
      <Polygon>
        <outerBoundaryIs>
          <LinearRing>
            <coordinates>77.685,12.905000000000001,0 77.687,12.905000000000001,0 77.687,12.907000000000002,0 77.685,12.907000000000002,0 77.685,12.905000000000001,0</coordinates>
          </LinearRing>
        </outerBoundaryIs>
      </Polygon>
    </Placemark>
    <Placemark>
      <name>Polygon_138</name>
      <ExtendedData>
        <Data name="id"><value>138</value></Data>
        <Data name="category"><value>benchmark</value></Data>
      </ExtendedData>
      <Polygon>
        <outerBoundaryIs>
          <LinearRing>
            <coordinates>77.69,12.905000000000001,0 77.692,12.905000000000001,0 77.692,12.907000000000002,0 77.69,12.907000000000002,0 77.69,12.905000000000001,0</coordinates>
          </LinearRing>
        </outerBoundaryIs>
      </Polygon>
    </Placemark>
    <Placemark>
      <name>Polygon_139</name>
      <ExtendedData>
        <Data name="id"><value>139</value></Data>
        <Data name="category"><value>benchmark</value></Data>
      </ExtendedData>
      <Polygon>
        <outerBoundaryIs>
          <LinearRing>
            <coordinates>77.695,12.905000000000001,0 77.69699999999999,12.905000000000001,0 77.69699999999999,12.907000000000002,0 77.695,12.907000000000002,0 77.695,12.905000000000001,0</coordinates>
          </LinearRing>
        </outerBoundaryIs>
      </Polygon>
    </Placemark>
    <Placemark>
      <name>Polygon_140</name>
      <ExtendedData>
        <Data name="id"><value>140</value></Data>
        <Data name="category"><value>benchmark</value></Data>
      </ExtendedData>
      <Polygon>
        <outerBoundaryIs>
          <LinearRing>
            <coordinates>77.7,12.905000000000001,0 77.702,12.905000000000001,0 77.702,12.907000000000002,0 77.7,12.907000000000002,0 77.7,12.905000000000001,0</coordinates>
          </LinearRing>
        </outerBoundaryIs>
      </Polygon>
    </Placemark>
    <Placemark>
      <name>Polygon_141</name>
      <ExtendedData>
        <Data name="id"><value>141</value></Data>
        <Data name="category"><value>benchmark</value></Data>
      </ExtendedData>
      <Polygon>
        <outerBoundaryIs>
          <LinearRing>
            <coordinates>77.705,12.905000000000001,0 77.707,12.905000000000001,0 77.707,12.907000000000002,0 77.705,12.907000000000002,0 77.705,12.905000000000001,0</coordinates>
          </LinearRing>
        </outerBoundaryIs>
      </Polygon>
    </Placemark>
    <Placemark>
      <name>Polygon_142</name>
      <ExtendedData>
        <Data name="id"><value>142</value></Data>
        <Data name="category"><value>benchmark</value></Data>
      </ExtendedData>
      <Polygon>
        <outerBoundaryIs>
          <LinearRing>
            <coordinates>77.71,12.905000000000001,0 77.71199999999999,12.905000000000001,0 77.71199999999999,12.907000000000002,0 77.71,12.907000000000002,0 77.71,12.905000000000001,0</coordinates>
          </LinearRing>
        </outerBoundaryIs>
      </Polygon>
    </Placemark>
    <Placemark>
      <name>Polygon_143</name>
      <ExtendedData>
        <Data name="id"><value>143</value></Data>
        <Data name="category"><value>benchmark</value></Data>
      </ExtendedData>
      <Polygon>
        <outerBoundaryIs>
          <LinearRing>
            <coordinates>77.715,12.905000000000001,0 77.717,12.905000000000001,0 77.717,12.907000000000002,0 77.715,12.907000000000002,0 77.715,12.905000000000001,0</coordinates>
          </LinearRing>
        </outerBoundaryIs>
      </Polygon>
    </Placemark>
    <Placemark>
      <name>Polygon_144</name>
      <ExtendedData>
        <Data name="id"><value>144</value></Data>
        <Data name="category"><value>benchmark</value></Data>
      </ExtendedData>
      <Polygon>
        <outerBoundaryIs>
          <LinearRing>
            <coordinates>77.72,12.905000000000001,0 77.722,12.905000000000001,0 77.722,12.907000000000002,0 77.72,12.907000000000002,0 77.72,12.905000000000001,0</coordinates>
          </LinearRing>
        </outerBoundaryIs>
      </Polygon>
    </Placemark>
    <Placemark>
      <name>Polygon_145</name>
      <ExtendedData>
        <Data name="id"><value>145</value></Data>
        <Data name="category"><value>benchmark</value></Data>
      </ExtendedData>
      <Polygon>
        <outerBoundaryIs>
          <LinearRing>
            <coordinates>77.725,12.905000000000001,0 77.72699999999999,12.905000000000001,0 77.72699999999999,12.907000000000002,0 77.725,12.907000000000002,0 77.725,12.905000000000001,0</coordinates>
          </LinearRing>
        </outerBoundaryIs>
      </Polygon>
    </Placemark>
    <Placemark>
      <name>Polygon_146</name>
      <ExtendedData>
        <Data name="id"><value>146</value></Data>
        <Data name="category"><value>benchmark</value></Data>
      </ExtendedData>
      <Polygon>
        <outerBoundaryIs>
          <LinearRing>
            <coordinates>77.73,12.905000000000001,0 77.732,12.905000000000001,0 77.732,12.907000000000002,0 77.73,12.907000000000002,0 77.73,12.905000000000001,0</coordinates>
          </LinearRing>
        </outerBoundaryIs>
      </Polygon>
    </Placemark>
    <Placemark>
      <name>Polygon_147</name>
      <ExtendedData>
        <Data name="id"><value>147</value></Data>
        <Data name="category"><value>benchmark</value></Data>
      </ExtendedData>
      <Polygon>
        <outerBoundaryIs>
          <LinearRing>
            <coordinates>77.735,12.905000000000001,0 77.737,12.905000000000001,0 77.737,12.907000000000002,0 77.735,12.907000000000002,0 77.735,12.905000000000001,0</coordinates>
          </LinearRing>
        </outerBoundaryIs>
      </Polygon>
    </Placemark>
    <Placemark>
      <name>Polygon_148</name>
      <ExtendedData>
        <Data name="id"><value>148</value></Data>
        <Data name="category"><value>benchmark</value></Data>
      </ExtendedData>
      <Polygon>
        <outerBoundaryIs>
          <LinearRing>
            <coordinates>77.74,12.905000000000001,0 77.74199999999999,12.905000000000001,0 77.74199999999999,12.907000000000002,0 77.74,12.907000000000002,0 77.74,12.905000000000001,0</coordinates>
          </LinearRing>
        </outerBoundaryIs>
      </Polygon>
    </Placemark>
    <Placemark>
      <name>Polygon_149</name>
      <ExtendedData>
        <Data name="id"><value>149</value></Data>
        <Data name="category"><value>benchmark</value></Data>
      </ExtendedData>
      <Polygon>
        <outerBoundaryIs>
          <LinearRing>
            <coordinates>77.745,12.905000000000001,0 77.747,12.905000000000001,0 77.747,12.907000000000002,0 77.745,12.907000000000002,0 77.745,12.905000000000001,0</coordinates>
          </LinearRing>
        </outerBoundaryIs>
      </Polygon>
    </Placemark>
    <Placemark>
      <name>Polygon_150</name>
      <ExtendedData>
        <Data name="id"><value>150</value></Data>
        <Data name="category"><value>benchmark</value></Data>
      </ExtendedData>
      <Polygon>
        <outerBoundaryIs>
          <LinearRing>
            <coordinates>77.75,12.905000000000001,0 77.752,12.905000000000001,0 77.752,12.907000000000002,0 77.75,12.907000000000002,0 77.75,12.905000000000001,0</coordinates>
          </LinearRing>
        </outerBoundaryIs>
      </Polygon>
    </Placemark>
    <Placemark>
      <name>Polygon_151</name>
      <ExtendedData>
        <Data name="id"><value>151</value></Data>
        <Data name="category"><value>benchmark</value></Data>
      </ExtendedData>
      <Polygon>
        <outerBoundaryIs>
          <LinearRing>
            <coordinates>77.755,12.905000000000001,0 77.75699999999999,12.905000000000001,0 77.75699999999999,12.907000000000002,0 77.755,12.907000000000002,0 77.755,12.905000000000001,0</coordinates>
          </LinearRing>
        </outerBoundaryIs>
      </Polygon>
    </Placemark>
    <Placemark>
      <name>Polygon_152</name>
      <ExtendedData>
        <Data name="id"><value>152</value></Data>
        <Data name="category"><value>benchmark</value></Data>
      </ExtendedData>
      <Polygon>
        <outerBoundaryIs>
          <LinearRing>
            <coordinates>77.76,12.905000000000001,0 77.762,12.905000000000001,0 77.762,12.907000000000002,0 77.76,12.907000000000002,0 77.76,12.905000000000001,0</coordinates>
          </LinearRing>
        </outerBoundaryIs>
      </Polygon>
    </Placemark>
    <Placemark>
      <name>Polygon_153</name>
      <ExtendedData>
        <Data name="id"><value>153</value></Data>
        <Data name="category"><value>benchmark</value></Data>
      </ExtendedData>
      <Polygon>
        <outerBoundaryIs>
          <LinearRing>
            <coordinates>77.765,12.905000000000001,0 77.767,12.905000000000001,0 77.767,12.907000000000002,0 77.765,12.907000000000002,0 77.765,12.905000000000001,0</coordinates>
          </LinearRing>
        </outerBoundaryIs>
      </Polygon>
    </Placemark>
    <Placemark>
      <name>Polygon_154</name>
      <ExtendedData>
        <Data name="id"><value>154</value></Data>
        <Data name="category"><value>benchmark</value></Data>
      </ExtendedData>
      <Polygon>
        <outerBoundaryIs>
          <LinearRing>
            <coordinates>77.77,12.905000000000001,0 77.77199999999999,12.905000000000001,0 77.77199999999999,12.907000000000002,0 77.77,12.907000000000002,0 77.77,12.905000000000001,0</coordinates>
          </LinearRing>
        </outerBoundaryIs>
      </Polygon>
    </Placemark>
    <Placemark>
      <name>Polygon_155</name>
      <ExtendedData>
        <Data name="id"><value>155</value></Data>
        <Data name="category"><value>benchmark</value></Data>
      </ExtendedData>
      <Polygon>
        <outerBoundaryIs>
          <LinearRing>
            <coordinates>77.775,12.905000000000001,0 77.777,12.905000000000001,0 77.777,12.907000000000002,0 77.775,12.907000000000002,0 77.775,12.905000000000001,0</coordinates>
          </LinearRing>
        </outerBoundaryIs>
      </Polygon>
    </Placemark>
    <Placemark>
      <name>Polygon_156</name>
      <ExtendedData>
        <Data name="id"><value>156</value></Data>
        <Data name="category"><value>benchmark</value></Data>
      </ExtendedData>
      <Polygon>
        <outerBoundaryIs>
          <LinearRing>
            <coordinates>77.78,12.905000000000001,0 77.782,12.905000000000001,0 77.782,12.907000000000002,0 77.78,12.907000000000002,0 77.78,12.905000000000001,0</coordinates>
          </LinearRing>
        </outerBoundaryIs>
      </Polygon>
    </Placemark>
    <Placemark>
      <name>Polygon_157</name>
      <ExtendedData>
        <Data name="id"><value>157</value></Data>
        <Data name="category"><value>benchmark</value></Data>
      </ExtendedData>
      <Polygon>
        <outerBoundaryIs>
          <LinearRing>
            <coordinates>77.785,12.905000000000001,0 77.78699999999999,12.905000000000001,0 77.78699999999999,12.907000000000002,0 77.785,12.907000000000002,0 77.785,12.905000000000001,0</coordinates>
          </LinearRing>
        </outerBoundaryIs>
      </Polygon>
    </Placemark>
    <Placemark>
      <name>Polygon_158</name>
      <ExtendedData>
        <Data name="id"><value>158</value></Data>
        <Data name="category"><value>benchmark</value></Data>
      </ExtendedData>
      <Polygon>
        <outerBoundaryIs>
          <LinearRing>
            <coordinates>77.79,12.905000000000001,0 77.792,12.905000000000001,0 77.792,12.907000000000002,0 77.79,12.907000000000002,0 77.79,12.905000000000001,0</coordinates>
          </LinearRing>
        </outerBoundaryIs>
      </Polygon>
    </Placemark>
    <Placemark>
      <name>Polygon_159</name>
      <ExtendedData>
        <Data name="id"><value>159</value></Data>
        <Data name="category"><value>benchmark</value></Data>
      </ExtendedData>
      <Polygon>
        <outerBoundaryIs>
          <LinearRing>
            <coordinates>77.795,12.905000000000001,0 77.797,12.905000000000001,0 77.797,12.907000000000002,0 77.795,12.907000000000002,0 77.795,12.905000000000001,0</coordinates>
          </LinearRing>
        </outerBoundaryIs>
      </Polygon>
    </Placemark>
    <Placemark>
      <name>Polygon_160</name>
      <ExtendedData>
        <Data name="id"><value>160</value></Data>
        <Data name="category"><value>benchmark</value></Data>
      </ExtendedData>
      <Polygon>
        <outerBoundaryIs>
          <LinearRing>
            <coordinates>77.8,12.905000000000001,0 77.80199999999999,12.905000000000001,0 77.80199999999999,12.907000000000002,0 77.8,12.907000000000002,0 77.8,12.905000000000001,0</coordinates>
          </LinearRing>
        </outerBoundaryIs>
      </Polygon>
    </Placemark>
    <Placemark>
      <name>Polygon_161</name>
      <ExtendedData>
        <Data name="id"><value>161</value></Data>
        <Data name="category"><value>benchmark</value></Data>
      </ExtendedData>
      <Polygon>
        <outerBoundaryIs>
          <LinearRing>
            <coordinates>77.805,12.905000000000001,0 77.807,12.905000000000001,0 77.807,12.907000000000002,0 77.805,12.907000000000002,0 77.805,12.905000000000001,0</coordinates>
          </LinearRing>
        </outerBoundaryIs>
      </Polygon>
    </Placemark>
    <Placemark>
      <name>Polygon_162</name>
      <ExtendedData>
        <Data name="id"><value>162</value></Data>
        <Data name="category"><value>benchmark</value></Data>
      </ExtendedData>
      <Polygon>
        <outerBoundaryIs>
          <LinearRing>
            <coordinates>77.81,12.905000000000001,0 77.812,12.905000000000001,0 77.812,12.907000000000002,0 77.81,12.907000000000002,0 77.81,12.905000000000001,0</coordinates>
          </LinearRing>
        </outerBoundaryIs>
      </Polygon>
    </Placemark>
    <Placemark>
      <name>Polygon_163</name>
      <ExtendedData>
        <Data name="id"><value>163</value></Data>
        <Data name="category"><value>benchmark</value></Data>
      </ExtendedData>
      <Polygon>
        <outerBoundaryIs>
          <LinearRing>
            <coordinates>77.815,12.905000000000001,0 77.817,12.905000000000001,0 77.817,12.907000000000002,0 77.815,12.907000000000002,0 77.815,12.905000000000001,0</coordinates>
          </LinearRing>
        </outerBoundaryIs>
      </Polygon>
    </Placemark>
    <Placemark>
      <name>Polygon_164</name>
      <ExtendedData>
        <Data name="id"><value>164</value></Data>
        <Data name="category"><value>benchmark</value></Data>
      </ExtendedData>
      <Polygon>
        <outerBoundaryIs>
          <LinearRing>
            <coordinates>77.82,12.905000000000001,0 77.82199999999999,12.905000000000001,0 77.82199999999999,12.907000000000002,0 77.82,12.907000000000002,0 77.82,12.905000000000001,0</coordinates>
          </LinearRing>
        </outerBoundaryIs>
      </Polygon>
    </Placemark>
    <Placemark>
      <name>Polygon_165</name>
      <ExtendedData>
        <Data name="id"><value>165</value></Data>
        <Data name="category"><value>benchmark</value></Data>
      </ExtendedData>
      <Polygon>
        <outerBoundaryIs>
          <LinearRing>
            <coordinates>77.825,12.905000000000001,0 77.827,12.905000000000001,0 77.827,12.907000000000002,0 77.825,12.907000000000002,0 77.825,12.905000000000001,0</coordinates>
          </LinearRing>
        </outerBoundaryIs>
      </Polygon>
    </Placemark>
    <Placemark>
      <name>Polygon_166</name>
      <ExtendedData>
        <Data name="id"><value>166</value></Data>
        <Data name="category"><value>benchmark</value></Data>
      </ExtendedData>
      <Polygon>
        <outerBoundaryIs>
          <LinearRing>
            <coordinates>77.83,12.905000000000001,0 77.832,12.905000000000001,0 77.832,12.907000000000002,0 77.83,12.907000000000002,0 77.83,12.905000000000001,0</coordinates>
          </LinearRing>
        </outerBoundaryIs>
      </Polygon>
    </Placemark>
    <Placemark>
      <name>Polygon_167</name>
      <ExtendedData>
        <Data name="id"><value>167</value></Data>
        <Data name="category"><value>benchmark</value></Data>
      </ExtendedData>
      <Polygon>
        <outerBoundaryIs>
          <LinearRing>
            <coordinates>77.835,12.905000000000001,0 77.83699999999999,12.905000000000001,0 77.83699999999999,12.907000000000002,0 77.835,12.907000000000002,0 77.835,12.905000000000001,0</coordinates>
          </LinearRing>
        </outerBoundaryIs>
      </Polygon>
    </Placemark>
    <Placemark>
      <name>Polygon_168</name>
      <ExtendedData>
        <Data name="id"><value>168</value></Data>
        <Data name="category"><value>benchmark</value></Data>
      </ExtendedData>
      <Polygon>
        <outerBoundaryIs>
          <LinearRing>
            <coordinates>77.84,12.905000000000001,0 77.842,12.905000000000001,0 77.842,12.907000000000002,0 77.84,12.907000000000002,0 77.84,12.905000000000001,0</coordinates>
          </LinearRing>
        </outerBoundaryIs>
      </Polygon>
    </Placemark>
    <Placemark>
      <name>Polygon_169</name>
      <ExtendedData>
        <Data name="id"><value>169</value></Data>
        <Data name="category"><value>benchmark</value></Data>
      </ExtendedData>
      <Polygon>
        <outerBoundaryIs>
          <LinearRing>
            <coordinates>77.845,12.905000000000001,0 77.847,12.905000000000001,0 77.847,12.907000000000002,0 77.845,12.907000000000002,0 77.845,12.905000000000001,0</coordinates>
          </LinearRing>
        </outerBoundaryIs>
      </Polygon>
    </Placemark>
    <Placemark>
      <name>Polygon_170</name>
      <ExtendedData>
        <Data name="id"><value>170</value></Data>
        <Data name="category"><value>benchmark</value></Data>
      </ExtendedData>
      <Polygon>
        <outerBoundaryIs>
          <LinearRing>
            <coordinates>77.85,12.905000000000001,0 77.85199999999999,12.905000000000001,0 77.85199999999999,12.907000000000002,0 77.85,12.907000000000002,0 77.85,12.905000000000001,0</coordinates>
          </LinearRing>
        </outerBoundaryIs>
      </Polygon>
    </Placemark>
    <Placemark>
      <name>Polygon_171</name>
      <ExtendedData>
        <Data name="id"><value>171</value></Data>
        <Data name="category"><value>benchmark</value></Data>
      </ExtendedData>
      <Polygon>
        <outerBoundaryIs>
          <LinearRing>
            <coordinates>77.855,12.905000000000001,0 77.857,12.905000000000001,0 77.857,12.907000000000002,0 77.855,12.907000000000002,0 77.855,12.905000000000001,0</coordinates>
          </LinearRing>
        </outerBoundaryIs>
      </Polygon>
    </Placemark>
    <Placemark>
      <name>Polygon_172</name>
      <ExtendedData>
        <Data name="id"><value>172</value></Data>
        <Data name="category"><value>benchmark</value></Data>
      </ExtendedData>
      <Polygon>
        <outerBoundaryIs>
          <LinearRing>
            <coordinates>77.86,12.905000000000001,0 77.862,12.905000000000001,0 77.862,12.907000000000002,0 77.86,12.907000000000002,0 77.86,12.905000000000001,0</coordinates>
          </LinearRing>
        </outerBoundaryIs>
      </Polygon>
    </Placemark>
    <Placemark>
      <name>Polygon_173</name>
      <ExtendedData>
        <Data name="id"><value>173</value></Data>
        <Data name="category"><value>benchmark</value></Data>
      </ExtendedData>
      <Polygon>
        <outerBoundaryIs>
          <LinearRing>
            <coordinates>77.865,12.905000000000001,0 77.86699999999999,12.905000000000001,0 77.86699999999999,12.907000000000002,0 77.865,12.907000000000002,0 77.865,12.905000000000001,0</coordinates>
          </LinearRing>
        </outerBoundaryIs>
      </Polygon>
    </Placemark>
    <Placemark>
      <name>Polygon_174</name>
      <ExtendedData>
        <Data name="id"><value>174</value></Data>
        <Data name="category"><value>benchmark</value></Data>
      </ExtendedData>
      <Polygon>
        <outerBoundaryIs>
          <LinearRing>
            <coordinates>77.87,12.905000000000001,0 77.872,12.905000000000001,0 77.872,12.907000000000002,0 77.87,12.907000000000002,0 77.87,12.905000000000001,0</coordinates>
          </LinearRing>
        </outerBoundaryIs>
      </Polygon>
    </Placemark>
    <Placemark>
      <name>Polygon_175</name>
      <ExtendedData>
        <Data name="id"><value>175</value></Data>
        <Data name="category"><value>benchmark</value></Data>
      </ExtendedData>
      <Polygon>
        <outerBoundaryIs>
          <LinearRing>
            <coordinates>77.875,12.905000000000001,0 77.877,12.905000000000001,0 77.877,12.907000000000002,0 77.875,12.907000000000002,0 77.875,12.905000000000001,0</coordinates>
          </LinearRing>
        </outerBoundaryIs>
      </Polygon>
    </Placemark>
    <Placemark>
      <name>Polygon_176</name>
      <ExtendedData>
        <Data name="id"><value>176</value></Data>
        <Data name="category"><value>benchmark</value></Data>
      </ExtendedData>
      <Polygon>
        <outerBoundaryIs>
          <LinearRing>
            <coordinates>77.88,12.905000000000001,0 77.88199999999999,12.905000000000001,0 77.88199999999999,12.907000000000002,0 77.88,12.907000000000002,0 77.88,12.905000000000001,0</coordinates>
          </LinearRing>
        </outerBoundaryIs>
      </Polygon>
    </Placemark>
    <Placemark>
      <name>Polygon_177</name>
      <ExtendedData>
        <Data name="id"><value>177</value></Data>
        <Data name="category"><value>benchmark</value></Data>
      </ExtendedData>
      <Polygon>
        <outerBoundaryIs>
          <LinearRing>
            <coordinates>77.885,12.905000000000001,0 77.887,12.905000000000001,0 77.887,12.907000000000002,0 77.885,12.907000000000002,0 77.885,12.905000000000001,0</coordinates>
          </LinearRing>
        </outerBoundaryIs>
      </Polygon>
    </Placemark>
    <Placemark>
      <name>Polygon_178</name>
      <ExtendedData>
        <Data name="id"><value>178</value></Data>
        <Data name="category"><value>benchmark</value></Data>
      </ExtendedData>
      <Polygon>
        <outerBoundaryIs>
          <LinearRing>
            <coordinates>77.89,12.905000000000001,0 77.892,12.905000000000001,0 77.892,12.907000000000002,0 77.89,12.907000000000002,0 77.89,12.905000000000001,0</coordinates>
          </LinearRing>
        </outerBoundaryIs>
      </Polygon>
    </Placemark>
    <Placemark>
      <name>Polygon_179</name>
      <ExtendedData>
        <Data name="id"><value>179</value></Data>
        <Data name="category"><value>benchmark</value></Data>
      </ExtendedData>
      <Polygon>
        <outerBoundaryIs>
          <LinearRing>
            <coordinates>77.895,12.905000000000001,0 77.89699999999999,12.905000000000001,0 77.89699999999999,12.907000000000002,0 77.895,12.907000000000002,0 77.895,12.905000000000001,0</coordinates>
          </LinearRing>
        </outerBoundaryIs>
      </Polygon>
    </Placemark>
    <Placemark>
      <name>Polygon_180</name>
      <ExtendedData>
        <Data name="id"><value>180</value></Data>
        <Data name="category"><value>benchmark</value></Data>
      </ExtendedData>
      <Polygon>
        <outerBoundaryIs>
          <LinearRing>
            <coordinates>77.9,12.905000000000001,0 77.902,12.905000000000001,0 77.902,12.907000000000002,0 77.9,12.907000000000002,0 77.9,12.905000000000001,0</coordinates>
          </LinearRing>
        </outerBoundaryIs>
      </Polygon>
    </Placemark>
    <Placemark>
      <name>Polygon_181</name>
      <ExtendedData>
        <Data name="id"><value>181</value></Data>
        <Data name="category"><value>benchmark</value></Data>
      </ExtendedData>
      <Polygon>
        <outerBoundaryIs>
          <LinearRing>
            <coordinates>77.905,12.905000000000001,0 77.907,12.905000000000001,0 77.907,12.907000000000002,0 77.905,12.907000000000002,0 77.905,12.905000000000001,0</coordinates>
          </LinearRing>
        </outerBoundaryIs>
      </Polygon>
    </Placemark>
    <Placemark>
      <name>Polygon_182</name>
      <ExtendedData>
        <Data name="id"><value>182</value></Data>
        <Data name="category"><value>benchmark</value></Data>
      </ExtendedData>
      <Polygon>
        <outerBoundaryIs>
          <LinearRing>
            <coordinates>77.91,12.905000000000001,0 77.91199999999999,12.905000000000001,0 77.91199999999999,12.907000000000002,0 77.91,12.907000000000002,0 77.91,12.905000000000001,0</coordinates>
          </LinearRing>
        </outerBoundaryIs>
      </Polygon>
    </Placemark>
    <Placemark>
      <name>Polygon_183</name>
      <ExtendedData>
        <Data name="id"><value>183</value></Data>
        <Data name="category"><value>benchmark</value></Data>
      </ExtendedData>
      <Polygon>
        <outerBoundaryIs>
          <LinearRing>
            <coordinates>77.915,12.905000000000001,0 77.917,12.905000000000001,0 77.917,12.907000000000002,0 77.915,12.907000000000002,0 77.915,12.905000000000001,0</coordinates>
          </LinearRing>
        </outerBoundaryIs>
      </Polygon>
    </Placemark>
    <Placemark>
      <name>Polygon_184</name>
      <ExtendedData>
        <Data name="id"><value>184</value></Data>
        <Data name="category"><value>benchmark</value></Data>
      </ExtendedData>
      <Polygon>
        <outerBoundaryIs>
          <LinearRing>
            <coordinates>77.92,12.905000000000001,0 77.922,12.905000000000001,0 77.922,12.907000000000002,0 77.92,12.907000000000002,0 77.92,12.905000000000001,0</coordinates>
          </LinearRing>
        </outerBoundaryIs>
      </Polygon>
    </Placemark>
    <Placemark>
      <name>Polygon_185</name>
      <ExtendedData>
        <Data name="id"><value>185</value></Data>
        <Data name="category"><value>benchmark</value></Data>
      </ExtendedData>
      <Polygon>
        <outerBoundaryIs>
          <LinearRing>
            <coordinates>77.925,12.905000000000001,0 77.92699999999999,12.905000000000001,0 77.92699999999999,12.907000000000002,0 77.925,12.907000000000002,0 77.925,12.905000000000001,0</coordinates>
          </LinearRing>
        </outerBoundaryIs>
      </Polygon>
    </Placemark>
    <Placemark>
      <name>Polygon_186</name>
      <ExtendedData>
        <Data name="id"><value>186</value></Data>
        <Data name="category"><value>benchmark</value></Data>
      </ExtendedData>
      <Polygon>
        <outerBoundaryIs>
          <LinearRing>
            <coordinates>77.93,12.905000000000001,0 77.932,12.905000000000001,0 77.932,12.907000000000002,0 77.93,12.907000000000002,0 77.93,12.905000000000001,0</coordinates>
          </LinearRing>
        </outerBoundaryIs>
      </Polygon>
    </Placemark>
    <Placemark>
      <name>Polygon_187</name>
      <ExtendedData>
        <Data name="id"><value>187</value></Data>
        <Data name="category"><value>benchmark</value></Data>
      </ExtendedData>
      <Polygon>
        <outerBoundaryIs>
          <LinearRing>
            <coordinates>77.935,12.905000000000001,0 77.937,12.905000000000001,0 77.937,12.907000000000002,0 77.935,12.907000000000002,0 77.935,12.905000000000001,0</coordinates>
          </LinearRing>
        </outerBoundaryIs>
      </Polygon>
    </Placemark>
    <Placemark>
      <name>Polygon_188</name>
      <ExtendedData>
        <Data name="id"><value>188</value></Data>
        <Data name="category"><value>benchmark</value></Data>
      </ExtendedData>
      <Polygon>
        <outerBoundaryIs>
          <LinearRing>
            <coordinates>77.94,12.905000000000001,0 77.942,12.905000000000001,0 77.942,12.907000000000002,0 77.94,12.907000000000002,0 77.94,12.905000000000001,0</coordinates>
          </LinearRing>
        </outerBoundaryIs>
      </Polygon>
    </Placemark>
    <Placemark>
      <name>Polygon_189</name>
      <ExtendedData>
        <Data name="id"><value>189</value></Data>
        <Data name="category"><value>benchmark</value></Data>
      </ExtendedData>
      <Polygon>
        <outerBoundaryIs>
          <LinearRing>
            <coordinates>77.945,12.905000000000001,0 77.94699999999999,12.905000000000001,0 77.94699999999999,12.907000000000002,0 77.945,12.907000000000002,0 77.945,12.905000000000001,0</coordinates>
          </LinearRing>
        </outerBoundaryIs>
      </Polygon>
    </Placemark>
    <Placemark>
      <name>Polygon_190</name>
      <ExtendedData>
        <Data name="id"><value>190</value></Data>
        <Data name="category"><value>benchmark</value></Data>
      </ExtendedData>
      <Polygon>
        <outerBoundaryIs>
          <LinearRing>
            <coordinates>77.95,12.905000000000001,0 77.952,12.905000000000001,0 77.952,12.907000000000002,0 77.95,12.907000000000002,0 77.95,12.905000000000001,0</coordinates>
          </LinearRing>
        </outerBoundaryIs>
      </Polygon>
    </Placemark>
    <Placemark>
      <name>Polygon_191</name>
      <ExtendedData>
        <Data name="id"><value>191</value></Data>
        <Data name="category"><value>benchmark</value></Data>
      </ExtendedData>
      <Polygon>
        <outerBoundaryIs>
          <LinearRing>
            <coordinates>77.955,12.905000000000001,0 77.957,12.905000000000001,0 77.957,12.907000000000002,0 77.955,12.907000000000002,0 77.955,12.905000000000001,0</coordinates>
          </LinearRing>
        </outerBoundaryIs>
      </Polygon>
    </Placemark>
    <Placemark>
      <name>Polygon_192</name>
      <ExtendedData>
        <Data name="id"><value>192</value></Data>
        <Data name="category"><value>benchmark</value></Data>
      </ExtendedData>
      <Polygon>
        <outerBoundaryIs>
          <LinearRing>
            <coordinates>77.96,12.905000000000001,0 77.96199999999999,12.905000000000001,0 77.96199999999999,12.907000000000002,0 77.96,12.907000000000002,0 77.96,12.905000000000001,0</coordinates>
          </LinearRing>
        </outerBoundaryIs>
      </Polygon>
    </Placemark>
    <Placemark>
      <name>Polygon_193</name>
      <ExtendedData>
        <Data name="id"><value>193</value></Data>
        <Data name="category"><value>benchmark</value></Data>
      </ExtendedData>
      <Polygon>
        <outerBoundaryIs>
          <LinearRing>
            <coordinates>77.965,12.905000000000001,0 77.967,12.905000000000001,0 77.967,12.907000000000002,0 77.965,12.907000000000002,0 77.965,12.905000000000001,0</coordinates>
          </LinearRing>
        </outerBoundaryIs>
      </Polygon>
    </Placemark>
    <Placemark>
      <name>Polygon_194</name>
      <ExtendedData>
        <Data name="id"><value>194</value></Data>
        <Data name="category"><value>benchmark</value></Data>
      </ExtendedData>
      <Polygon>
        <outerBoundaryIs>
          <LinearRing>
            <coordinates>77.97,12.905000000000001,0 77.972,12.905000000000001,0 77.972,12.907000000000002,0 77.97,12.907000000000002,0 77.97,12.905000000000001,0</coordinates>
          </LinearRing>
        </outerBoundaryIs>
      </Polygon>
    </Placemark>
    <Placemark>
      <name>Polygon_195</name>
      <ExtendedData>
        <Data name="id"><value>195</value></Data>
        <Data name="category"><value>benchmark</value></Data>
      </ExtendedData>
      <Polygon>
        <outerBoundaryIs>
          <LinearRing>
            <coordinates>77.975,12.905000000000001,0 77.97699999999999,12.905000000000001,0 77.97699999999999,12.907000000000002,0 77.975,12.907000000000002,0 77.975,12.905000000000001,0</coordinates>
          </LinearRing>
        </outerBoundaryIs>
      </Polygon>
    </Placemark>
    <Placemark>
      <name>Polygon_196</name>
      <ExtendedData>
        <Data name="id"><value>196</value></Data>
        <Data name="category"><value>benchmark</value></Data>
      </ExtendedData>
      <Polygon>
        <outerBoundaryIs>
          <LinearRing>
            <coordinates>77.98,12.905000000000001,0 77.982,12.905000000000001,0 77.982,12.907000000000002,0 77.98,12.907000000000002,0 77.98,12.905000000000001,0</coordinates>
          </LinearRing>
        </outerBoundaryIs>
      </Polygon>
    </Placemark>
    <Placemark>
      <name>Polygon_197</name>
      <ExtendedData>
        <Data name="id"><value>197</value></Data>
        <Data name="category"><value>benchmark</value></Data>
      </ExtendedData>
      <Polygon>
        <outerBoundaryIs>
          <LinearRing>
            <coordinates>77.985,12.905000000000001,0 77.987,12.905000000000001,0 77.987,12.907000000000002,0 77.985,12.907000000000002,0 77.985,12.905000000000001,0</coordinates>
          </LinearRing>
        </outerBoundaryIs>
      </Polygon>
    </Placemark>
    <Placemark>
      <name>Polygon_198</name>
      <ExtendedData>
        <Data name="id"><value>198</value></Data>
        <Data name="category"><value>benchmark</value></Data>
      </ExtendedData>
      <Polygon>
        <outerBoundaryIs>
          <LinearRing>
            <coordinates>77.99,12.905000000000001,0 77.99199999999999,12.905000000000001,0 77.99199999999999,12.907000000000002,0 77.99,12.907000000000002,0 77.99,12.905000000000001,0</coordinates>
          </LinearRing>
        </outerBoundaryIs>
      </Polygon>
    </Placemark>
    <Placemark>
      <name>Polygon_199</name>
      <ExtendedData>
        <Data name="id"><value>199</value></Data>
        <Data name="category"><value>benchmark</value></Data>
      </ExtendedData>
      <Polygon>
        <outerBoundaryIs>
          <LinearRing>
            <coordinates>77.995,12.905000000000001,0 77.997,12.905000000000001,0 77.997,12.907000000000002,0 77.995,12.907000000000002,0 77.995,12.905000000000001,0</coordinates>
          </LinearRing>
        </outerBoundaryIs>
      </Polygon>
    </Placemark>
    <Placemark>
      <name>Polygon_200</name>
      <ExtendedData>
        <Data name="id"><value>200</value></Data>
        <Data name="category"><value>benchmark</value></Data>
      </ExtendedData>
      <Polygon>
        <outerBoundaryIs>
          <LinearRing>
            <coordinates>77.5,12.91,0 77.502,12.91,0 77.502,12.912,0 77.5,12.912,0 77.5,12.91,0</coordinates>
          </LinearRing>
        </outerBoundaryIs>
      </Polygon>
    </Placemark>
    <Placemark>
      <name>Polygon_201</name>
      <ExtendedData>
        <Data name="id"><value>201</value></Data>
        <Data name="category"><value>benchmark</value></Data>
      </ExtendedData>
      <Polygon>
        <outerBoundaryIs>
          <LinearRing>
            <coordinates>77.505,12.91,0 77.50699999999999,12.91,0 77.50699999999999,12.912,0 77.505,12.912,0 77.505,12.91,0</coordinates>
          </LinearRing>
        </outerBoundaryIs>
      </Polygon>
    </Placemark>
    <Placemark>
      <name>Polygon_202</name>
      <ExtendedData>
        <Data name="id"><value>202</value></Data>
        <Data name="category"><value>benchmark</value></Data>
      </ExtendedData>
      <Polygon>
        <outerBoundaryIs>
          <LinearRing>
            <coordinates>77.51,12.91,0 77.512,12.91,0 77.512,12.912,0 77.51,12.912,0 77.51,12.91,0</coordinates>
          </LinearRing>
        </outerBoundaryIs>
      </Polygon>
    </Placemark>
    <Placemark>
      <name>Polygon_203</name>
      <ExtendedData>
        <Data name="id"><value>203</value></Data>
        <Data name="category"><value>benchmark</value></Data>
      </ExtendedData>
      <Polygon>
        <outerBoundaryIs>
          <LinearRing>
            <coordinates>77.515,12.91,0 77.517,12.91,0 77.517,12.912,0 77.515,12.912,0 77.515,12.91,0</coordinates>
          </LinearRing>
        </outerBoundaryIs>
      </Polygon>
    </Placemark>
    <Placemark>
      <name>Polygon_204</name>
      <ExtendedData>
        <Data name="id"><value>204</value></Data>
        <Data name="category"><value>benchmark</value></Data>
      </ExtendedData>
      <Polygon>
        <outerBoundaryIs>
          <LinearRing>
            <coordinates>77.52,12.91,0 77.52199999999999,12.91,0 77.52199999999999,12.912,0 77.52,12.912,0 77.52,12.91,0</coordinates>
          </LinearRing>
        </outerBoundaryIs>
      </Polygon>
    </Placemark>
    <Placemark>
      <name>Polygon_205</name>
      <ExtendedData>
        <Data name="id"><value>205</value></Data>
        <Data name="category"><value>benchmark</value></Data>
      </ExtendedData>
      <Polygon>
        <outerBoundaryIs>
          <LinearRing>
            <coordinates>77.525,12.91,0 77.527,12.91,0 77.527,12.912,0 77.525,12.912,0 77.525,12.91,0</coordinates>
          </LinearRing>
        </outerBoundaryIs>
      </Polygon>
    </Placemark>
    <Placemark>
      <name>Polygon_206</name>
      <ExtendedData>
        <Data name="id"><value>206</value></Data>
        <Data name="category"><value>benchmark</value></Data>
      </ExtendedData>
      <Polygon>
        <outerBoundaryIs>
          <LinearRing>
            <coordinates>77.53,12.91,0 77.532,12.91,0 77.532,12.912,0 77.53,12.912,0 77.53,12.91,0</coordinates>
          </LinearRing>
        </outerBoundaryIs>
      </Polygon>
    </Placemark>
    <Placemark>
      <name>Polygon_207</name>
      <ExtendedData>
        <Data name="id"><value>207</value></Data>
        <Data name="category"><value>benchmark</value></Data>
      </ExtendedData>
      <Polygon>
        <outerBoundaryIs>
          <LinearRing>
            <coordinates>77.535,12.91,0 77.53699999999999,12.91,0 77.53699999999999,12.912,0 77.535,12.912,0 77.535,12.91,0</coordinates>
          </LinearRing>
        </outerBoundaryIs>
      </Polygon>
    </Placemark>
    <Placemark>
      <name>Polygon_208</name>
      <ExtendedData>
        <Data name="id"><value>208</value></Data>
        <Data name="category"><value>benchmark</value></Data>
      </ExtendedData>
      <Polygon>
        <outerBoundaryIs>
          <LinearRing>
            <coordinates>77.54,12.91,0 77.542,12.91,0 77.542,12.912,0 77.54,12.912,0 77.54,12.91,0</coordinates>
          </LinearRing>
        </outerBoundaryIs>
      </Polygon>
    </Placemark>
    <Placemark>
      <name>Polygon_209</name>
      <ExtendedData>
        <Data name="id"><value>209</value></Data>
        <Data name="category"><value>benchmark</value></Data>
      </ExtendedData>
      <Polygon>
        <outerBoundaryIs>
          <LinearRing>
            <coordinates>77.545,12.91,0 77.547,12.91,0 77.547,12.912,0 77.545,12.912,0 77.545,12.91,0</coordinates>
          </LinearRing>
        </outerBoundaryIs>
      </Polygon>
    </Placemark>
    <Placemark>
      <name>Polygon_210</name>
      <ExtendedData>
        <Data name="id"><value>210</value></Data>
        <Data name="category"><value>benchmark</value></Data>
      </ExtendedData>
      <Polygon>
        <outerBoundaryIs>
          <LinearRing>
            <coordinates>77.55,12.91,0 77.55199999999999,12.91,0 77.55199999999999,12.912,0 77.55,12.912,0 77.55,12.91,0</coordinates>
          </LinearRing>
        </outerBoundaryIs>
      </Polygon>
    </Placemark>
    <Placemark>
      <name>Polygon_211</name>
      <ExtendedData>
        <Data name="id"><value>211</value></Data>
        <Data name="category"><value>benchmark</value></Data>
      </ExtendedData>
      <Polygon>
        <outerBoundaryIs>
          <LinearRing>
            <coordinates>77.555,12.91,0 77.557,12.91,0 77.557,12.912,0 77.555,12.912,0 77.555,12.91,0</coordinates>
          </LinearRing>
        </outerBoundaryIs>
      </Polygon>
    </Placemark>
    <Placemark>
      <name>Polygon_212</name>
      <ExtendedData>
        <Data name="id"><value>212</value></Data>
        <Data name="category"><value>benchmark</value></Data>
      </ExtendedData>
      <Polygon>
        <outerBoundaryIs>
          <LinearRing>
            <coordinates>77.56,12.91,0 77.562,12.91,0 77.562,12.912,0 77.56,12.912,0 77.56,12.91,0</coordinates>
          </LinearRing>
        </outerBoundaryIs>
      </Polygon>
    </Placemark>
    <Placemark>
      <name>Polygon_213</name>
      <ExtendedData>
        <Data name="id"><value>213</value></Data>
        <Data name="category"><value>benchmark</value></Data>
      </ExtendedData>
      <Polygon>
        <outerBoundaryIs>
          <LinearRing>
            <coordinates>77.565,12.91,0 77.567,12.91,0 77.567,12.912,0 77.565,12.912,0 77.565,12.91,0</coordinates>
          </LinearRing>
        </outerBoundaryIs>
      </Polygon>
    </Placemark>
    <Placemark>
      <name>Polygon_214</name>
      <ExtendedData>
        <Data name="id"><value>214</value></Data>
        <Data name="category"><value>benchmark</value></Data>
      </ExtendedData>
      <Polygon>
        <outerBoundaryIs>
          <LinearRing>
            <coordinates>77.57,12.91,0 77.57199999999999,12.91,0 77.57199999999999,12.912,0 77.57,12.912,0 77.57,12.91,0</coordinates>
          </LinearRing>
        </outerBoundaryIs>
      </Polygon>
    </Placemark>
    <Placemark>
      <name>Polygon_215</name>
      <ExtendedData>
        <Data name="id"><value>215</value></Data>
        <Data name="category"><value>benchmark</value></Data>
      </ExtendedData>
      <Polygon>
        <outerBoundaryIs>
          <LinearRing>
            <coordinates>77.575,12.91,0 77.577,12.91,0 77.577,12.912,0 77.575,12.912,0 77.575,12.91,0</coordinates>
          </LinearRing>
        </outerBoundaryIs>
      </Polygon>
    </Placemark>
    <Placemark>
      <name>Polygon_216</name>
      <ExtendedData>
        <Data name="id"><value>216</value></Data>
        <Data name="category"><value>benchmark</value></Data>
      </ExtendedData>
      <Polygon>
        <outerBoundaryIs>
          <LinearRing>
            <coordinates>77.58,12.91,0 77.582,12.91,0 77.582,12.912,0 77.58,12.912,0 77.58,12.91,0</coordinates>
          </LinearRing>
        </outerBoundaryIs>
      </Polygon>
    </Placemark>
    <Placemark>
      <name>Polygon_217</name>
      <ExtendedData>
        <Data name="id"><value>217</value></Data>
        <Data name="category"><value>benchmark</value></Data>
      </ExtendedData>
      <Polygon>
        <outerBoundaryIs>
          <LinearRing>
            <coordinates>77.585,12.91,0 77.58699999999999,12.91,0 77.58699999999999,12.912,0 77.585,12.912,0 77.585,12.91,0</coordinates>
          </LinearRing>
        </outerBoundaryIs>
      </Polygon>
    </Placemark>
    <Placemark>
      <name>Polygon_218</name>
      <ExtendedData>
        <Data name="id"><value>218</value></Data>
        <Data name="category"><value>benchmark</value></Data>
      </ExtendedData>
      <Polygon>
        <outerBoundaryIs>
          <LinearRing>
            <coordinates>77.59,12.91,0 77.592,12.91,0 77.592,12.912,0 77.59,12.912,0 77.59,12.91,0</coordinates>
          </LinearRing>
        </outerBoundaryIs>
      </Polygon>
    </Placemark>
    <Placemark>
      <name>Polygon_219</name>
      <ExtendedData>
        <Data name="id"><value>219</value></Data>
        <Data name="category"><value>benchmark</value></Data>
      </ExtendedData>
      <Polygon>
        <outerBoundaryIs>
          <LinearRing>
            <coordinates>77.595,12.91,0 77.597,12.91,0 77.597,12.912,0 77.595,12.912,0 77.595,12.91,0</coordinates>
          </LinearRing>
        </outerBoundaryIs>
      </Polygon>
    </Placemark>
    <Placemark>
      <name>Polygon_220</name>
      <ExtendedData>
        <Data name="id"><value>220</value></Data>
        <Data name="category"><value>benchmark</value></Data>
      </ExtendedData>
      <Polygon>
        <outerBoundaryIs>
          <LinearRing>
            <coordinates>77.6,12.91,0 77.60199999999999,12.91,0 77.60199999999999,12.912,0 77.6,12.912,0 77.6,12.91,0</coordinates>
          </LinearRing>
        </outerBoundaryIs>
      </Polygon>
    </Placemark>
    <Placemark>
      <name>Polygon_221</name>
      <ExtendedData>
        <Data name="id"><value>221</value></Data>
        <Data name="category"><value>benchmark</value></Data>
      </ExtendedData>
      <Polygon>
        <outerBoundaryIs>
          <LinearRing>
            <coordinates>77.605,12.91,0 77.607,12.91,0 77.607,12.912,0 77.605,12.912,0 77.605,12.91,0</coordinates>
          </LinearRing>
        </outerBoundaryIs>
      </Polygon>
    </Placemark>
    <Placemark>
      <name>Polygon_222</name>
      <ExtendedData>
        <Data name="id"><value>222</value></Data>
        <Data name="category"><value>benchmark</value></Data>
      </ExtendedData>
      <Polygon>
        <outerBoundaryIs>
          <LinearRing>
            <coordinates>77.61,12.91,0 77.612,12.91,0 77.612,12.912,0 77.61,12.912,0 77.61,12.91,0</coordinates>
          </LinearRing>
        </outerBoundaryIs>
      </Polygon>
    </Placemark>
    <Placemark>
      <name>Polygon_223</name>
      <ExtendedData>
        <Data name="id"><value>223</value></Data>
        <Data name="category"><value>benchmark</value></Data>
      </ExtendedData>
      <Polygon>
        <outerBoundaryIs>
          <LinearRing>
            <coordinates>77.615,12.91,0 77.61699999999999,12.91,0 77.61699999999999,12.912,0 77.615,12.912,0 77.615,12.91,0</coordinates>
          </LinearRing>
        </outerBoundaryIs>
      </Polygon>
    </Placemark>
    <Placemark>
      <name>Polygon_224</name>
      <ExtendedData>
        <Data name="id"><value>224</value></Data>
        <Data name="category"><value>benchmark</value></Data>
      </ExtendedData>
      <Polygon>
        <outerBoundaryIs>
          <LinearRing>
            <coordinates>77.62,12.91,0 77.622,12.91,0 77.622,12.912,0 77.62,12.912,0 77.62,12.91,0</coordinates>
          </LinearRing>
        </outerBoundaryIs>
      </Polygon>
    </Placemark>
    <Placemark>
      <name>Polygon_225</name>
      <ExtendedData>
        <Data name="id"><value>225</value></Data>
        <Data name="category"><value>benchmark</value></Data>
      </ExtendedData>
      <Polygon>
        <outerBoundaryIs>
          <LinearRing>
            <coordinates>77.625,12.91,0 77.627,12.91,0 77.627,12.912,0 77.625,12.912,0 77.625,12.91,0</coordinates>
          </LinearRing>
        </outerBoundaryIs>
      </Polygon>
    </Placemark>
    <Placemark>
      <name>Polygon_226</name>
      <ExtendedData>
        <Data name="id"><value>226</value></Data>
        <Data name="category"><value>benchmark</value></Data>
      </ExtendedData>
      <Polygon>
        <outerBoundaryIs>
          <LinearRing>
            <coordinates>77.63,12.91,0 77.63199999999999,12.91,0 77.63199999999999,12.912,0 77.63,12.912,0 77.63,12.91,0</coordinates>
          </LinearRing>
        </outerBoundaryIs>
      </Polygon>
    </Placemark>
    <Placemark>
      <name>Polygon_227</name>
      <ExtendedData>
        <Data name="id"><value>227</value></Data>
        <Data name="category"><value>benchmark</value></Data>
      </ExtendedData>
      <Polygon>
        <outerBoundaryIs>
          <LinearRing>
            <coordinates>77.635,12.91,0 77.637,12.91,0 77.637,12.912,0 77.635,12.912,0 77.635,12.91,0</coordinates>
          </LinearRing>
        </outerBoundaryIs>
      </Polygon>
    </Placemark>
    <Placemark>
      <name>Polygon_228</name>
      <ExtendedData>
        <Data name="id"><value>228</value></Data>
        <Data name="category"><value>benchmark</value></Data>
      </ExtendedData>
      <Polygon>
        <outerBoundaryIs>
          <LinearRing>
            <coordinates>77.64,12.91,0 77.642,12.91,0 77.642,12.912,0 77.64,12.912,0 77.64,12.91,0</coordinates>
          </LinearRing>
        </outerBoundaryIs>
      </Polygon>
    </Placemark>
    <Placemark>
      <name>Polygon_229</name>
      <ExtendedData>
        <Data name="id"><value>229</value></Data>
        <Data name="category"><value>benchmark</value></Data>
      </ExtendedData>
      <Polygon>
        <outerBoundaryIs>
          <LinearRing>
            <coordinates>77.645,12.91,0 77.64699999999999,12.91,0 77.64699999999999,12.912,0 77.645,12.912,0 77.645,12.91,0</coordinates>
          </LinearRing>
        </outerBoundaryIs>
      </Polygon>
    </Placemark>
    <Placemark>
      <name>Polygon_230</name>
      <ExtendedData>
        <Data name="id"><value>230</value></Data>
        <Data name="category"><value>benchmark</value></Data>
      </ExtendedData>
      <Polygon>
        <outerBoundaryIs>
          <LinearRing>
            <coordinates>77.65,12.91,0 77.652,12.91,0 77.652,12.912,0 77.65,12.912,0 77.65,12.91,0</coordinates>
          </LinearRing>
        </outerBoundaryIs>
      </Polygon>
    </Placemark>
    <Placemark>
      <name>Polygon_231</name>
      <ExtendedData>
        <Data name="id"><value>231</value></Data>
        <Data name="category"><value>benchmark</value></Data>
      </ExtendedData>
      <Polygon>
        <outerBoundaryIs>
          <LinearRing>
            <coordinates>77.655,12.91,0 77.657,12.91,0 77.657,12.912,0 77.655,12.912,0 77.655,12.91,0</coordinates>
          </LinearRing>
        </outerBoundaryIs>
      </Polygon>
    </Placemark>
    <Placemark>
      <name>Polygon_232</name>
      <ExtendedData>
        <Data name="id"><value>232</value></Data>
        <Data name="category"><value>benchmark</value></Data>
      </ExtendedData>
      <Polygon>
        <outerBoundaryIs>
          <LinearRing>
            <coordinates>77.66,12.91,0 77.66199999999999,12.91,0 77.66199999999999,12.912,0 77.66,12.912,0 77.66,12.91,0</coordinates>
          </LinearRing>
        </outerBoundaryIs>
      </Polygon>
    </Placemark>
    <Placemark>
      <name>Polygon_233</name>
      <ExtendedData>
        <Data name="id"><value>233</value></Data>
        <Data name="category"><value>benchmark</value></Data>
      </ExtendedData>
      <Polygon>
        <outerBoundaryIs>
          <LinearRing>
            <coordinates>77.665,12.91,0 77.667,12.91,0 77.667,12.912,0 77.665,12.912,0 77.665,12.91,0</coordinates>
          </LinearRing>
        </outerBoundaryIs>
      </Polygon>
    </Placemark>
    <Placemark>
      <name>Polygon_234</name>
      <ExtendedData>
        <Data name="id"><value>234</value></Data>
        <Data name="category"><value>benchmark</value></Data>
      </ExtendedData>
      <Polygon>
        <outerBoundaryIs>
          <LinearRing>
            <coordinates>77.67,12.91,0 77.672,12.91,0 77.672,12.912,0 77.67,12.912,0 77.67,12.91,0</coordinates>
          </LinearRing>
        </outerBoundaryIs>
      </Polygon>
    </Placemark>
    <Placemark>
      <name>Polygon_235</name>
      <ExtendedData>
        <Data name="id"><value>235</value></Data>
        <Data name="category"><value>benchmark</value></Data>
      </ExtendedData>
      <Polygon>
        <outerBoundaryIs>
          <LinearRing>
            <coordinates>77.675,12.91,0 77.67699999999999,12.91,0 77.67699999999999,12.912,0 77.675,12.912,0 77.675,12.91,0</coordinates>
          </LinearRing>
        </outerBoundaryIs>
      </Polygon>
    </Placemark>
    <Placemark>
      <name>Polygon_236</name>
      <ExtendedData>
        <Data name="id"><value>236</value></Data>
        <Data name="category"><value>benchmark</value></Data>
      </ExtendedData>
      <Polygon>
        <outerBoundaryIs>
          <LinearRing>
            <coordinates>77.68,12.91,0 77.682,12.91,0 77.682,12.912,0 77.68,12.912,0 77.68,12.91,0</coordinates>
          </LinearRing>
        </outerBoundaryIs>
      </Polygon>
    </Placemark>
    <Placemark>
      <name>Polygon_237</name>
      <ExtendedData>
        <Data name="id"><value>237</value></Data>
        <Data name="category"><value>benchmark</value></Data>
      </ExtendedData>
      <Polygon>
        <outerBoundaryIs>
          <LinearRing>
            <coordinates>77.685,12.91,0 77.687,12.91,0 77.687,12.912,0 77.685,12.912,0 77.685,12.91,0</coordinates>
          </LinearRing>
        </outerBoundaryIs>
      </Polygon>
    </Placemark>
    <Placemark>
      <name>Polygon_238</name>
      <ExtendedData>
        <Data name="id"><value>238</value></Data>
        <Data name="category"><value>benchmark</value></Data>
      </ExtendedData>
      <Polygon>
        <outerBoundaryIs>
          <LinearRing>
            <coordinates>77.69,12.91,0 77.692,12.91,0 77.692,12.912,0 77.69,12.912,0 77.69,12.91,0</coordinates>
          </LinearRing>
        </outerBoundaryIs>
      </Polygon>
    </Placemark>
    <Placemark>
      <name>Polygon_239</name>
      <ExtendedData>
        <Data name="id"><value>239</value></Data>
        <Data name="category"><value>benchmark</value></Data>
      </ExtendedData>
      <Polygon>
        <outerBoundaryIs>
          <LinearRing>
            <coordinates>77.695,12.91,0 77.69699999999999,12.91,0 77.69699999999999,12.912,0 77.695,12.912,0 77.695,12.91,0</coordinates>
          </LinearRing>
        </outerBoundaryIs>
      </Polygon>
    </Placemark>
    <Placemark>
      <name>Polygon_240</name>
      <ExtendedData>
        <Data name="id"><value>240</value></Data>
        <Data name="category"><value>benchmark</value></Data>
      </ExtendedData>
      <Polygon>
        <outerBoundaryIs>
          <LinearRing>
            <coordinates>77.7,12.91,0 77.702,12.91,0 77.702,12.912,0 77.7,12.912,0 77.7,12.91,0</coordinates>
          </LinearRing>
        </outerBoundaryIs>
      </Polygon>
    </Placemark>
    <Placemark>
      <name>Polygon_241</name>
      <ExtendedData>
        <Data name="id"><value>241</value></Data>
        <Data name="category"><value>benchmark</value></Data>
      </ExtendedData>
      <Polygon>
        <outerBoundaryIs>
          <LinearRing>
            <coordinates>77.705,12.91,0 77.707,12.91,0 77.707,12.912,0 77.705,12.912,0 77.705,12.91,0</coordinates>
          </LinearRing>
        </outerBoundaryIs>
      </Polygon>
    </Placemark>
    <Placemark>
      <name>Polygon_242</name>
      <ExtendedData>
        <Data name="id"><value>242</value></Data>
        <Data name="category"><value>benchmark</value></Data>
      </ExtendedData>
      <Polygon>
        <outerBoundaryIs>
          <LinearRing>
            <coordinates>77.71,12.91,0 77.71199999999999,12.91,0 77.71199999999999,12.912,0 77.71,12.912,0 77.71,12.91,0</coordinates>
          </LinearRing>
        </outerBoundaryIs>
      </Polygon>
    </Placemark>
    <Placemark>
      <name>Polygon_243</name>
      <ExtendedData>
        <Data name="id"><value>243</value></Data>
        <Data name="category"><value>benchmark</value></Data>
      </ExtendedData>
      <Polygon>
        <outerBoundaryIs>
          <LinearRing>
            <coordinates>77.715,12.91,0 77.717,12.91,0 77.717,12.912,0 77.715,12.912,0 77.715,12.91,0</coordinates>
          </LinearRing>
        </outerBoundaryIs>
      </Polygon>
    </Placemark>
    <Placemark>
      <name>Polygon_244</name>
      <ExtendedData>
        <Data name="id"><value>244</value></Data>
        <Data name="category"><value>benchmark</value></Data>
      </ExtendedData>
      <Polygon>
        <outerBoundaryIs>
          <LinearRing>
            <coordinates>77.72,12.91,0 77.722,12.91,0 77.722,12.912,0 77.72,12.912,0 77.72,12.91,0</coordinates>
          </LinearRing>
        </outerBoundaryIs>
      </Polygon>
    </Placemark>
    <Placemark>
      <name>Polygon_245</name>
      <ExtendedData>
        <Data name="id"><value>245</value></Data>
        <Data name="category"><value>benchmark</value></Data>
      </ExtendedData>
      <Polygon>
        <outerBoundaryIs>
          <LinearRing>
            <coordinates>77.725,12.91,0 77.72699999999999,12.91,0 77.72699999999999,12.912,0 77.725,12.912,0 77.725,12.91,0</coordinates>
          </LinearRing>
        </outerBoundaryIs>
      </Polygon>
    </Placemark>
    <Placemark>
      <name>Polygon_246</name>
      <ExtendedData>
        <Data name="id"><value>246</value></Data>
        <Data name="category"><value>benchmark</value></Data>
      </ExtendedData>
      <Polygon>
        <outerBoundaryIs>
          <LinearRing>
            <coordinates>77.73,12.91,0 77.732,12.91,0 77.732,12.912,0 77.73,12.912,0 77.73,12.91,0</coordinates>
          </LinearRing>
        </outerBoundaryIs>
      </Polygon>
    </Placemark>
    <Placemark>
      <name>Polygon_247</name>
      <ExtendedData>
        <Data name="id"><value>247</value></Data>
        <Data name="category"><value>benchmark</value></Data>
      </ExtendedData>
      <Polygon>
        <outerBoundaryIs>
          <LinearRing>
            <coordinates>77.735,12.91,0 77.737,12.91,0 77.737,12.912,0 77.735,12.912,0 77.735,12.91,0</coordinates>
          </LinearRing>
        </outerBoundaryIs>
      </Polygon>
    </Placemark>
    <Placemark>
      <name>Polygon_248</name>
      <ExtendedData>
        <Data name="id"><value>248</value></Data>
        <Data name="category"><value>benchmark</value></Data>
      </ExtendedData>
      <Polygon>
        <outerBoundaryIs>
          <LinearRing>
            <coordinates>77.74,12.91,0 77.74199999999999,12.91,0 77.74199999999999,12.912,0 77.74,12.912,0 77.74,12.91,0</coordinates>
          </LinearRing>
        </outerBoundaryIs>
      </Polygon>
    </Placemark>
    <Placemark>
      <name>Polygon_249</name>
      <ExtendedData>
        <Data name="id"><value>249</value></Data>
        <Data name="category"><value>benchmark</value></Data>
      </ExtendedData>
      <Polygon>
        <outerBoundaryIs>
          <LinearRing>
            <coordinates>77.745,12.91,0 77.747,12.91,0 77.747,12.912,0 77.745,12.912,0 77.745,12.91,0</coordinates>
          </LinearRing>
        </outerBoundaryIs>
      </Polygon>
    </Placemark>
    <Placemark>
      <name>Polygon_250</name>
      <ExtendedData>
        <Data name="id"><value>250</value></Data>
        <Data name="category"><value>benchmark</value></Data>
      </ExtendedData>
      <Polygon>
        <outerBoundaryIs>
          <LinearRing>
            <coordinates>77.75,12.91,0 77.752,12.91,0 77.752,12.912,0 77.75,12.912,0 77.75,12.91,0</coordinates>
          </LinearRing>
        </outerBoundaryIs>
      </Polygon>
    </Placemark>
    <Placemark>
      <name>Polygon_251</name>
      <ExtendedData>
        <Data name="id"><value>251</value></Data>
        <Data name="category"><value>benchmark</value></Data>
      </ExtendedData>
      <Polygon>
        <outerBoundaryIs>
          <LinearRing>
            <coordinates>77.755,12.91,0 77.75699999999999,12.91,0 77.75699999999999,12.912,0 77.755,12.912,0 77.755,12.91,0</coordinates>
          </LinearRing>
        </outerBoundaryIs>
      </Polygon>
    </Placemark>
    <Placemark>
      <name>Polygon_252</name>
      <ExtendedData>
        <Data name="id"><value>252</value></Data>
        <Data name="category"><value>benchmark</value></Data>
      </ExtendedData>
      <Polygon>
        <outerBoundaryIs>
          <LinearRing>
            <coordinates>77.76,12.91,0 77.762,12.91,0 77.762,12.912,0 77.76,12.912,0 77.76,12.91,0</coordinates>
          </LinearRing>
        </outerBoundaryIs>
      </Polygon>
    </Placemark>
    <Placemark>
      <name>Polygon_253</name>
      <ExtendedData>
        <Data name="id"><value>253</value></Data>
        <Data name="category"><value>benchmark</value></Data>
      </ExtendedData>
      <Polygon>
        <outerBoundaryIs>
          <LinearRing>
            <coordinates>77.765,12.91,0 77.767,12.91,0 77.767,12.912,0 77.765,12.912,0 77.765,12.91,0</coordinates>
          </LinearRing>
        </outerBoundaryIs>
      </Polygon>
    </Placemark>
    <Placemark>
      <name>Polygon_254</name>
      <ExtendedData>
        <Data name="id"><value>254</value></Data>
        <Data name="category"><value>benchmark</value></Data>
      </ExtendedData>
      <Polygon>
        <outerBoundaryIs>
          <LinearRing>
            <coordinates>77.77,12.91,0 77.77199999999999,12.91,0 77.77199999999999,12.912,0 77.77,12.912,0 77.77,12.91,0</coordinates>
          </LinearRing>
        </outerBoundaryIs>
      </Polygon>
    </Placemark>
    <Placemark>
      <name>Polygon_255</name>
      <ExtendedData>
        <Data name="id"><value>255</value></Data>
        <Data name="category"><value>benchmark</value></Data>
      </ExtendedData>
      <Polygon>
        <outerBoundaryIs>
          <LinearRing>
            <coordinates>77.775,12.91,0 77.777,12.91,0 77.777,12.912,0 77.775,12.912,0 77.775,12.91,0</coordinates>
          </LinearRing>
        </outerBoundaryIs>
      </Polygon>
    </Placemark>
    <Placemark>
      <name>Polygon_256</name>
      <ExtendedData>
        <Data name="id"><value>256</value></Data>
        <Data name="category"><value>benchmark</value></Data>
      </ExtendedData>
      <Polygon>
        <outerBoundaryIs>
          <LinearRing>
            <coordinates>77.78,12.91,0 77.782,12.91,0 77.782,12.912,0 77.78,12.912,0 77.78,12.91,0</coordinates>
          </LinearRing>
        </outerBoundaryIs>
      </Polygon>
    </Placemark>
    <Placemark>
      <name>Polygon_257</name>
      <ExtendedData>
        <Data name="id"><value>257</value></Data>
        <Data name="category"><value>benchmark</value></Data>
      </ExtendedData>
      <Polygon>
        <outerBoundaryIs>
          <LinearRing>
            <coordinates>77.785,12.91,0 77.78699999999999,12.91,0 77.78699999999999,12.912,0 77.785,12.912,0 77.785,12.91,0</coordinates>
          </LinearRing>
        </outerBoundaryIs>
      </Polygon>
    </Placemark>
    <Placemark>
      <name>Polygon_258</name>
      <ExtendedData>
        <Data name="id"><value>258</value></Data>
        <Data name="category"><value>benchmark</value></Data>
      </ExtendedData>
      <Polygon>
        <outerBoundaryIs>
          <LinearRing>
            <coordinates>77.79,12.91,0 77.792,12.91,0 77.792,12.912,0 77.79,12.912,0 77.79,12.91,0</coordinates>
          </LinearRing>
        </outerBoundaryIs>
      </Polygon>
    </Placemark>
    <Placemark>
      <name>Polygon_259</name>
      <ExtendedData>
        <Data name="id"><value>259</value></Data>
        <Data name="category"><value>benchmark</value></Data>
      </ExtendedData>
      <Polygon>
        <outerBoundaryIs>
          <LinearRing>
            <coordinates>77.795,12.91,0 77.797,12.91,0 77.797,12.912,0 77.795,12.912,0 77.795,12.91,0</coordinates>
          </LinearRing>
        </outerBoundaryIs>
      </Polygon>
    </Placemark>
    <Placemark>
      <name>Polygon_260</name>
      <ExtendedData>
        <Data name="id"><value>260</value></Data>
        <Data name="category"><value>benchmark</value></Data>
      </ExtendedData>
      <Polygon>
        <outerBoundaryIs>
          <LinearRing>
            <coordinates>77.8,12.91,0 77.80199999999999,12.91,0 77.80199999999999,12.912,0 77.8,12.912,0 77.8,12.91,0</coordinates>
          </LinearRing>
        </outerBoundaryIs>
      </Polygon>
    </Placemark>
    <Placemark>
      <name>Polygon_261</name>
      <ExtendedData>
        <Data name="id"><value>261</value></Data>
        <Data name="category"><value>benchmark</value></Data>
      </ExtendedData>
      <Polygon>
        <outerBoundaryIs>
          <LinearRing>
            <coordinates>77.805,12.91,0 77.807,12.91,0 77.807,12.912,0 77.805,12.912,0 77.805,12.91,0</coordinates>
          </LinearRing>
        </outerBoundaryIs>
      </Polygon>
    </Placemark>
    <Placemark>
      <name>Polygon_262</name>
      <ExtendedData>
        <Data name="id"><value>262</value></Data>
        <Data name="category"><value>benchmark</value></Data>
      </ExtendedData>
      <Polygon>
        <outerBoundaryIs>
          <LinearRing>
            <coordinates>77.81,12.91,0 77.812,12.91,0 77.812,12.912,0 77.81,12.912,0 77.81,12.91,0</coordinates>
          </LinearRing>
        </outerBoundaryIs>
      </Polygon>
    </Placemark>
    <Placemark>
      <name>Polygon_263</name>
      <ExtendedData>
        <Data name="id"><value>263</value></Data>
        <Data name="category"><value>benchmark</value></Data>
      </ExtendedData>
      <Polygon>
        <outerBoundaryIs>
          <LinearRing>
            <coordinates>77.815,12.91,0 77.817,12.91,0 77.817,12.912,0 77.815,12.912,0 77.815,12.91,0</coordinates>
          </LinearRing>
        </outerBoundaryIs>
      </Polygon>
    </Placemark>
    <Placemark>
      <name>Polygon_264</name>
      <ExtendedData>
        <Data name="id"><value>264</value></Data>
        <Data name="category"><value>benchmark</value></Data>
      </ExtendedData>
      <Polygon>
        <outerBoundaryIs>
          <LinearRing>
            <coordinates>77.82,12.91,0 77.82199999999999,12.91,0 77.82199999999999,12.912,0 77.82,12.912,0 77.82,12.91,0</coordinates>
          </LinearRing>
        </outerBoundaryIs>
      </Polygon>
    </Placemark>
    <Placemark>
      <name>Polygon_265</name>
      <ExtendedData>
        <Data name="id"><value>265</value></Data>
        <Data name="category"><value>benchmark</value></Data>
      </ExtendedData>
      <Polygon>
        <outerBoundaryIs>
          <LinearRing>
            <coordinates>77.825,12.91,0 77.827,12.91,0 77.827,12.912,0 77.825,12.912,0 77.825,12.91,0</coordinates>
          </LinearRing>
        </outerBoundaryIs>
      </Polygon>
    </Placemark>
    <Placemark>
      <name>Polygon_266</name>
      <ExtendedData>
        <Data name="id"><value>266</value></Data>
        <Data name="category"><value>benchmark</value></Data>
      </ExtendedData>
      <Polygon>
        <outerBoundaryIs>
          <LinearRing>
            <coordinates>77.83,12.91,0 77.832,12.91,0 77.832,12.912,0 77.83,12.912,0 77.83,12.91,0</coordinates>
          </LinearRing>
        </outerBoundaryIs>
      </Polygon>
    </Placemark>
    <Placemark>
      <name>Polygon_267</name>
      <ExtendedData>
        <Data name="id"><value>267</value></Data>
        <Data name="category"><value>benchmark</value></Data>
      </ExtendedData>
      <Polygon>
        <outerBoundaryIs>
          <LinearRing>
            <coordinates>77.835,12.91,0 77.83699999999999,12.91,0 77.83699999999999,12.912,0 77.835,12.912,0 77.835,12.91,0</coordinates>
          </LinearRing>
        </outerBoundaryIs>
      </Polygon>
    </Placemark>
    <Placemark>
      <name>Polygon_268</name>
      <ExtendedData>
        <Data name="id"><value>268</value></Data>
        <Data name="category"><value>benchmark</value></Data>
      </ExtendedData>
      <Polygon>
        <outerBoundaryIs>
          <LinearRing>
            <coordinates>77.84,12.91,0 77.842,12.91,0 77.842,12.912,0 77.84,12.912,0 77.84,12.91,0</coordinates>
          </LinearRing>
        </outerBoundaryIs>
      </Polygon>
    </Placemark>
    <Placemark>
      <name>Polygon_269</name>
      <ExtendedData>
        <Data name="id"><value>269</value></Data>
        <Data name="category"><value>benchmark</value></Data>
      </ExtendedData>
      <Polygon>
        <outerBoundaryIs>
          <LinearRing>
            <coordinates>77.845,12.91,0 77.847,12.91,0 77.847,12.912,0 77.845,12.912,0 77.845,12.91,0</coordinates>
          </LinearRing>
        </outerBoundaryIs>
      </Polygon>
    </Placemark>
    <Placemark>
      <name>Polygon_270</name>
      <ExtendedData>
        <Data name="id"><value>270</value></Data>
        <Data name="category"><value>benchmark</value></Data>
      </ExtendedData>
      <Polygon>
        <outerBoundaryIs>
          <LinearRing>
            <coordinates>77.85,12.91,0 77.85199999999999,12.91,0 77.85199999999999,12.912,0 77.85,12.912,0 77.85,12.91,0</coordinates>
          </LinearRing>
        </outerBoundaryIs>
      </Polygon>
    </Placemark>
    <Placemark>
      <name>Polygon_271</name>
      <ExtendedData>
        <Data name="id"><value>271</value></Data>
        <Data name="category"><value>benchmark</value></Data>
      </ExtendedData>
      <Polygon>
        <outerBoundaryIs>
          <LinearRing>
            <coordinates>77.855,12.91,0 77.857,12.91,0 77.857,12.912,0 77.855,12.912,0 77.855,12.91,0</coordinates>
          </LinearRing>
        </outerBoundaryIs>
      </Polygon>
    </Placemark>
    <Placemark>
      <name>Polygon_272</name>
      <ExtendedData>
        <Data name="id"><value>272</value></Data>
        <Data name="category"><value>benchmark</value></Data>
      </ExtendedData>
      <Polygon>
        <outerBoundaryIs>
          <LinearRing>
            <coordinates>77.86,12.91,0 77.862,12.91,0 77.862,12.912,0 77.86,12.912,0 77.86,12.91,0</coordinates>
          </LinearRing>
        </outerBoundaryIs>
      </Polygon>
    </Placemark>
    <Placemark>
      <name>Polygon_273</name>
      <ExtendedData>
        <Data name="id"><value>273</value></Data>
        <Data name="category"><value>benchmark</value></Data>
      </ExtendedData>
      <Polygon>
        <outerBoundaryIs>
          <LinearRing>
            <coordinates>77.865,12.91,0 77.86699999999999,12.91,0 77.86699999999999,12.912,0 77.865,12.912,0 77.865,12.91,0</coordinates>
          </LinearRing>
        </outerBoundaryIs>
      </Polygon>
    </Placemark>
    <Placemark>
      <name>Polygon_274</name>
      <ExtendedData>
        <Data name="id"><value>274</value></Data>
        <Data name="category"><value>benchmark</value></Data>
      </ExtendedData>
      <Polygon>
        <outerBoundaryIs>
          <LinearRing>
            <coordinates>77.87,12.91,0 77.872,12.91,0 77.872,12.912,0 77.87,12.912,0 77.87,12.91,0</coordinates>
          </LinearRing>
        </outerBoundaryIs>
      </Polygon>
    </Placemark>
    <Placemark>
      <name>Polygon_275</name>
      <ExtendedData>
        <Data name="id"><value>275</value></Data>
        <Data name="category"><value>benchmark</value></Data>
      </ExtendedData>
      <Polygon>
        <outerBoundaryIs>
          <LinearRing>
            <coordinates>77.875,12.91,0 77.877,12.91,0 77.877,12.912,0 77.875,12.912,0 77.875,12.91,0</coordinates>
          </LinearRing>
        </outerBoundaryIs>
      </Polygon>
    </Placemark>
    <Placemark>
      <name>Polygon_276</name>
      <ExtendedData>
        <Data name="id"><value>276</value></Data>
        <Data name="category"><value>benchmark</value></Data>
      </ExtendedData>
      <Polygon>
        <outerBoundaryIs>
          <LinearRing>
            <coordinates>77.88,12.91,0 77.88199999999999,12.91,0 77.88199999999999,12.912,0 77.88,12.912,0 77.88,12.91,0</coordinates>
          </LinearRing>
        </outerBoundaryIs>
      </Polygon>
    </Placemark>
    <Placemark>
      <name>Polygon_277</name>
      <ExtendedData>
        <Data name="id"><value>277</value></Data>
        <Data name="category"><value>benchmark</value></Data>
      </ExtendedData>
      <Polygon>
        <outerBoundaryIs>
          <LinearRing>
            <coordinates>77.885,12.91,0 77.887,12.91,0 77.887,12.912,0 77.885,12.912,0 77.885,12.91,0</coordinates>
          </LinearRing>
        </outerBoundaryIs>
      </Polygon>
    </Placemark>
    <Placemark>
      <name>Polygon_278</name>
      <ExtendedData>
        <Data name="id"><value>278</value></Data>
        <Data name="category"><value>benchmark</value></Data>
      </ExtendedData>
      <Polygon>
        <outerBoundaryIs>
          <LinearRing>
            <coordinates>77.89,12.91,0 77.892,12.91,0 77.892,12.912,0 77.89,12.912,0 77.89,12.91,0</coordinates>
          </LinearRing>
        </outerBoundaryIs>
      </Polygon>
    </Placemark>
    <Placemark>
      <name>Polygon_279</name>
      <ExtendedData>
        <Data name="id"><value>279</value></Data>
        <Data name="category"><value>benchmark</value></Data>
      </ExtendedData>
      <Polygon>
        <outerBoundaryIs>
          <LinearRing>
            <coordinates>77.895,12.91,0 77.89699999999999,12.91,0 77.89699999999999,12.912,0 77.895,12.912,0 77.895,12.91,0</coordinates>
          </LinearRing>
        </outerBoundaryIs>
      </Polygon>
    </Placemark>
    <Placemark>
      <name>Polygon_280</name>
      <ExtendedData>
        <Data name="id"><value>280</value></Data>
        <Data name="category"><value>benchmark</value></Data>
      </ExtendedData>
      <Polygon>
        <outerBoundaryIs>
          <LinearRing>
            <coordinates>77.9,12.91,0 77.902,12.91,0 77.902,12.912,0 77.9,12.912,0 77.9,12.91,0</coordinates>
          </LinearRing>
        </outerBoundaryIs>
      </Polygon>
    </Placemark>
    <Placemark>
      <name>Polygon_281</name>
      <ExtendedData>
        <Data name="id"><value>281</value></Data>
        <Data name="category"><value>benchmark</value></Data>
      </ExtendedData>
      <Polygon>
        <outerBoundaryIs>
          <LinearRing>
            <coordinates>77.905,12.91,0 77.907,12.91,0 77.907,12.912,0 77.905,12.912,0 77.905,12.91,0</coordinates>
          </LinearRing>
        </outerBoundaryIs>
      </Polygon>
    </Placemark>
    <Placemark>
      <name>Polygon_282</name>
      <ExtendedData>
        <Data name="id"><value>282</value></Data>
        <Data name="category"><value>benchmark</value></Data>
      </ExtendedData>
      <Polygon>
        <outerBoundaryIs>
          <LinearRing>
            <coordinates>77.91,12.91,0 77.91199999999999,12.91,0 77.91199999999999,12.912,0 77.91,12.912,0 77.91,12.91,0</coordinates>
          </LinearRing>
        </outerBoundaryIs>
      </Polygon>
    </Placemark>
    <Placemark>
      <name>Polygon_283</name>
      <ExtendedData>
        <Data name="id"><value>283</value></Data>
        <Data name="category"><value>benchmark</value></Data>
      </ExtendedData>
      <Polygon>
        <outerBoundaryIs>
          <LinearRing>
            <coordinates>77.915,12.91,0 77.917,12.91,0 77.917,12.912,0 77.915,12.912,0 77.915,12.91,0</coordinates>
          </LinearRing>
        </outerBoundaryIs>
      </Polygon>
    </Placemark>
    <Placemark>
      <name>Polygon_284</name>
      <ExtendedData>
        <Data name="id"><value>284</value></Data>
        <Data name="category"><value>benchmark</value></Data>
      </ExtendedData>
      <Polygon>
        <outerBoundaryIs>
          <LinearRing>
            <coordinates>77.92,12.91,0 77.922,12.91,0 77.922,12.912,0 77.92,12.912,0 77.92,12.91,0</coordinates>
          </LinearRing>
        </outerBoundaryIs>
      </Polygon>
    </Placemark>
    <Placemark>
      <name>Polygon_285</name>
      <ExtendedData>
        <Data name="id"><value>285</value></Data>
        <Data name="category"><value>benchmark</value></Data>
      </ExtendedData>
      <Polygon>
        <outerBoundaryIs>
          <LinearRing>
            <coordinates>77.925,12.91,0 77.92699999999999,12.91,0 77.92699999999999,12.912,0 77.925,12.912,0 77.925,12.91,0</coordinates>
          </LinearRing>
        </outerBoundaryIs>
      </Polygon>
    </Placemark>
    <Placemark>
      <name>Polygon_286</name>
      <ExtendedData>
        <Data name="id"><value>286</value></Data>
        <Data name="category"><value>benchmark</value></Data>
      </ExtendedData>
      <Polygon>
        <outerBoundaryIs>
          <LinearRing>
            <coordinates>77.93,12.91,0 77.932,12.91,0 77.932,12.912,0 77.93,12.912,0 77.93,12.91,0</coordinates>
          </LinearRing>
        </outerBoundaryIs>
      </Polygon>
    </Placemark>
    <Placemark>
      <name>Polygon_287</name>
      <ExtendedData>
        <Data name="id"><value>287</value></Data>
        <Data name="category"><value>benchmark</value></Data>
      </ExtendedData>
      <Polygon>
        <outerBoundaryIs>
          <LinearRing>
            <coordinates>77.935,12.91,0 77.937,12.91,0 77.937,12.912,0 77.935,12.912,0 77.935,12.91,0</coordinates>
          </LinearRing>
        </outerBoundaryIs>
      </Polygon>
    </Placemark>
    <Placemark>
      <name>Polygon_288</name>
      <ExtendedData>
        <Data name="id"><value>288</value></Data>
        <Data name="category"><value>benchmark</value></Data>
      </ExtendedData>
      <Polygon>
        <outerBoundaryIs>
          <LinearRing>
            <coordinates>77.94,12.91,0 77.942,12.91,0 77.942,12.912,0 77.94,12.912,0 77.94,12.91,0</coordinates>
          </LinearRing>
        </outerBoundaryIs>
      </Polygon>
    </Placemark>
    <Placemark>
      <name>Polygon_289</name>
      <ExtendedData>
        <Data name="id"><value>289</value></Data>
        <Data name="category"><value>benchmark</value></Data>
      </ExtendedData>
      <Polygon>
        <outerBoundaryIs>
          <LinearRing>
            <coordinates>77.945,12.91,0 77.94699999999999,12.91,0 77.94699999999999,12.912,0 77.945,12.912,0 77.945,12.91,0</coordinates>
          </LinearRing>
        </outerBoundaryIs>
      </Polygon>
    </Placemark>
    <Placemark>
      <name>Polygon_290</name>
      <ExtendedData>
        <Data name="id"><value>290</value></Data>
        <Data name="category"><value>benchmark</value></Data>
      </ExtendedData>
      <Polygon>
        <outerBoundaryIs>
          <LinearRing>
            <coordinates>77.95,12.91,0 77.952,12.91,0 77.952,12.912,0 77.95,12.912,0 77.95,12.91,0</coordinates>
          </LinearRing>
        </outerBoundaryIs>
      </Polygon>
    </Placemark>
    <Placemark>
      <name>Polygon_291</name>
      <ExtendedData>
        <Data name="id"><value>291</value></Data>
        <Data name="category"><value>benchmark</value></Data>
      </ExtendedData>
      <Polygon>
        <outerBoundaryIs>
          <LinearRing>
            <coordinates>77.955,12.91,0 77.957,12.91,0 77.957,12.912,0 77.955,12.912,0 77.955,12.91,0</coordinates>
          </LinearRing>
        </outerBoundaryIs>
      </Polygon>
    </Placemark>
    <Placemark>
      <name>Polygon_292</name>
      <ExtendedData>
        <Data name="id"><value>292</value></Data>
        <Data name="category"><value>benchmark</value></Data>
      </ExtendedData>
      <Polygon>
        <outerBoundaryIs>
          <LinearRing>
            <coordinates>77.96,12.91,0 77.96199999999999,12.91,0 77.96199999999999,12.912,0 77.96,12.912,0 77.96,12.91,0</coordinates>
          </LinearRing>
        </outerBoundaryIs>
      </Polygon>
    </Placemark>
    <Placemark>
      <name>Polygon_293</name>
      <ExtendedData>
        <Data name="id"><value>293</value></Data>
        <Data name="category"><value>benchmark</value></Data>
      </ExtendedData>
      <Polygon>
        <outerBoundaryIs>
          <LinearRing>
            <coordinates>77.965,12.91,0 77.967,12.91,0 77.967,12.912,0 77.965,12.912,0 77.965,12.91,0</coordinates>
          </LinearRing>
        </outerBoundaryIs>
      </Polygon>
    </Placemark>
    <Placemark>
      <name>Polygon_294</name>
      <ExtendedData>
        <Data name="id"><value>294</value></Data>
        <Data name="category"><value>benchmark</value></Data>
      </ExtendedData>
      <Polygon>
        <outerBoundaryIs>
          <LinearRing>
            <coordinates>77.97,12.91,0 77.972,12.91,0 77.972,12.912,0 77.97,12.912,0 77.97,12.91,0</coordinates>
          </LinearRing>
        </outerBoundaryIs>
      </Polygon>
    </Placemark>
    <Placemark>
      <name>Polygon_295</name>
      <ExtendedData>
        <Data name="id"><value>295</value></Data>
        <Data name="category"><value>benchmark</value></Data>
      </ExtendedData>
      <Polygon>
        <outerBoundaryIs>
          <LinearRing>
            <coordinates>77.975,12.91,0 77.97699999999999,12.91,0 77.97699999999999,12.912,0 77.975,12.912,0 77.975,12.91,0</coordinates>
          </LinearRing>
        </outerBoundaryIs>
      </Polygon>
    </Placemark>
    <Placemark>
      <name>Polygon_296</name>
      <ExtendedData>
        <Data name="id"><value>296</value></Data>
        <Data name="category"><value>benchmark</value></Data>
      </ExtendedData>
      <Polygon>
        <outerBoundaryIs>
          <LinearRing>
            <coordinates>77.98,12.91,0 77.982,12.91,0 77.982,12.912,0 77.98,12.912,0 77.98,12.91,0</coordinates>
          </LinearRing>
        </outerBoundaryIs>
      </Polygon>
    </Placemark>
    <Placemark>
      <name>Polygon_297</name>
      <ExtendedData>
        <Data name="id"><value>297</value></Data>
        <Data name="category"><value>benchmark</value></Data>
      </ExtendedData>
      <Polygon>
        <outerBoundaryIs>
          <LinearRing>
            <coordinates>77.985,12.91,0 77.987,12.91,0 77.987,12.912,0 77.985,12.912,0 77.985,12.91,0</coordinates>
          </LinearRing>
        </outerBoundaryIs>
      </Polygon>
    </Placemark>
    <Placemark>
      <name>Polygon_298</name>
      <ExtendedData>
        <Data name="id"><value>298</value></Data>
        <Data name="category"><value>benchmark</value></Data>
      </ExtendedData>
      <Polygon>
        <outerBoundaryIs>
          <LinearRing>
            <coordinates>77.99,12.91,0 77.99199999999999,12.91,0 77.99199999999999,12.912,0 77.99,12.912,0 77.99,12.91,0</coordinates>
          </LinearRing>
        </outerBoundaryIs>
      </Polygon>
    </Placemark>
    <Placemark>
      <name>Polygon_299</name>
      <ExtendedData>
        <Data name="id"><value>299</value></Data>
        <Data name="category"><value>benchmark</value></Data>
      </ExtendedData>
      <Polygon>
        <outerBoundaryIs>
          <LinearRing>
            <coordinates>77.995,12.91,0 77.997,12.91,0 77.997,12.912,0 77.995,12.912,0 77.995,12.91,0</coordinates>
          </LinearRing>
        </outerBoundaryIs>
      </Polygon>
    </Placemark>
    <Placemark>
      <name>Polygon_300</name>
      <ExtendedData>
        <Data name="id"><value>300</value></Data>
        <Data name="category"><value>benchmark</value></Data>
      </ExtendedData>
      <Polygon>
        <outerBoundaryIs>
          <LinearRing>
            <coordinates>77.5,12.915000000000001,0 77.502,12.915000000000001,0 77.502,12.917000000000002,0 77.5,12.917000000000002,0 77.5,12.915000000000001,0</coordinates>
          </LinearRing>
        </outerBoundaryIs>
      </Polygon>
    </Placemark>
    <Placemark>
      <name>Polygon_301</name>
      <ExtendedData>
        <Data name="id"><value>301</value></Data>
        <Data name="category"><value>benchmark</value></Data>
      </ExtendedData>
      <Polygon>
        <outerBoundaryIs>
          <LinearRing>
            <coordinates>77.505,12.915000000000001,0 77.50699999999999,12.915000000000001,0 77.50699999999999,12.917000000000002,0 77.505,12.917000000000002,0 77.505,12.915000000000001,0</coordinates>
          </LinearRing>
        </outerBoundaryIs>
      </Polygon>
    </Placemark>
    <Placemark>
      <name>Polygon_302</name>
      <ExtendedData>
        <Data name="id"><value>302</value></Data>
        <Data name="category"><value>benchmark</value></Data>
      </ExtendedData>
      <Polygon>
        <outerBoundaryIs>
          <LinearRing>
            <coordinates>77.51,12.915000000000001,0 77.512,12.915000000000001,0 77.512,12.917000000000002,0 77.51,12.917000000000002,0 77.51,12.915000000000001,0</coordinates>
          </LinearRing>
        </outerBoundaryIs>
      </Polygon>
    </Placemark>
    <Placemark>
      <name>Polygon_303</name>
      <ExtendedData>
        <Data name="id"><value>303</value></Data>
        <Data name="category"><value>benchmark</value></Data>
      </ExtendedData>
      <Polygon>
        <outerBoundaryIs>
          <LinearRing>
            <coordinates>77.515,12.915000000000001,0 77.517,12.915000000000001,0 77.517,12.917000000000002,0 77.515,12.917000000000002,0 77.515,12.915000000000001,0</coordinates>
          </LinearRing>
        </outerBoundaryIs>
      </Polygon>
    </Placemark>
    <Placemark>
      <name>Polygon_304</name>
      <ExtendedData>
        <Data name="id"><value>304</value></Data>
        <Data name="category"><value>benchmark</value></Data>
      </ExtendedData>
      <Polygon>
        <outerBoundaryIs>
          <LinearRing>
            <coordinates>77.52,12.915000000000001,0 77.52199999999999,12.915000000000001,0 77.52199999999999,12.917000000000002,0 77.52,12.917000000000002,0 77.52,12.915000000000001,0</coordinates>
          </LinearRing>
        </outerBoundaryIs>
      </Polygon>
    </Placemark>
    <Placemark>
      <name>Polygon_305</name>
      <ExtendedData>
        <Data name="id"><value>305</value></Data>
        <Data name="category"><value>benchmark</value></Data>
      </ExtendedData>
      <Polygon>
        <outerBoundaryIs>
          <LinearRing>
            <coordinates>77.525,12.915000000000001,0 77.527,12.915000000000001,0 77.527,12.917000000000002,0 77.525,12.917000000000002,0 77.525,12.915000000000001,0</coordinates>
          </LinearRing>
        </outerBoundaryIs>
      </Polygon>
    </Placemark>
    <Placemark>
      <name>Polygon_306</name>
      <ExtendedData>
        <Data name="id"><value>306</value></Data>
        <Data name="category"><value>benchmark</value></Data>
      </ExtendedData>
      <Polygon>
        <outerBoundaryIs>
          <LinearRing>
            <coordinates>77.53,12.915000000000001,0 77.532,12.915000000000001,0 77.532,12.917000000000002,0 77.53,12.917000000000002,0 77.53,12.915000000000001,0</coordinates>
          </LinearRing>
        </outerBoundaryIs>
      </Polygon>
    </Placemark>
    <Placemark>
      <name>Polygon_307</name>
      <ExtendedData>
        <Data name="id"><value>307</value></Data>
        <Data name="category"><value>benchmark</value></Data>
      </ExtendedData>
      <Polygon>
        <outerBoundaryIs>
          <LinearRing>
            <coordinates>77.535,12.915000000000001,0 77.53699999999999,12.915000000000001,0 77.53699999999999,12.917000000000002,0 77.535,12.917000000000002,0 77.535,12.915000000000001,0</coordinates>
          </LinearRing>
        </outerBoundaryIs>
      </Polygon>
    </Placemark>
    <Placemark>
      <name>Polygon_308</name>
      <ExtendedData>
        <Data name="id"><value>308</value></Data>
        <Data name="category"><value>benchmark</value></Data>
      </ExtendedData>
      <Polygon>
        <outerBoundaryIs>
          <LinearRing>
            <coordinates>77.54,12.915000000000001,0 77.542,12.915000000000001,0 77.542,12.917000000000002,0 77.54,12.917000000000002,0 77.54,12.915000000000001,0</coordinates>
          </LinearRing>
        </outerBoundaryIs>
      </Polygon>
    </Placemark>
    <Placemark>
      <name>Polygon_309</name>
      <ExtendedData>
        <Data name="id"><value>309</value></Data>
        <Data name="category"><value>benchmark</value></Data>
      </ExtendedData>
      <Polygon>
        <outerBoundaryIs>
          <LinearRing>
            <coordinates>77.545,12.915000000000001,0 77.547,12.915000000000001,0 77.547,12.917000000000002,0 77.545,12.917000000000002,0 77.545,12.915000000000001,0</coordinates>
          </LinearRing>
        </outerBoundaryIs>
      </Polygon>
    </Placemark>
    <Placemark>
      <name>Polygon_310</name>
      <ExtendedData>
        <Data name="id"><value>310</value></Data>
        <Data name="category"><value>benchmark</value></Data>
      </ExtendedData>
      <Polygon>
        <outerBoundaryIs>
          <LinearRing>
            <coordinates>77.55,12.915000000000001,0 77.55199999999999,12.915000000000001,0 77.55199999999999,12.917000000000002,0 77.55,12.917000000000002,0 77.55,12.915000000000001,0</coordinates>
          </LinearRing>
        </outerBoundaryIs>
      </Polygon>
    </Placemark>
    <Placemark>
      <name>Polygon_311</name>
      <ExtendedData>
        <Data name="id"><value>311</value></Data>
        <Data name="category"><value>benchmark</value></Data>
      </ExtendedData>
      <Polygon>
        <outerBoundaryIs>
          <LinearRing>
            <coordinates>77.555,12.915000000000001,0 77.557,12.915000000000001,0 77.557,12.917000000000002,0 77.555,12.917000000000002,0 77.555,12.915000000000001,0</coordinates>
          </LinearRing>
        </outerBoundaryIs>
      </Polygon>
    </Placemark>
    <Placemark>
      <name>Polygon_312</name>
      <ExtendedData>
        <Data name="id"><value>312</value></Data>
        <Data name="category"><value>benchmark</value></Data>
      </ExtendedData>
      <Polygon>
        <outerBoundaryIs>
          <LinearRing>
            <coordinates>77.56,12.915000000000001,0 77.562,12.915000000000001,0 77.562,12.917000000000002,0 77.56,12.917000000000002,0 77.56,12.915000000000001,0</coordinates>
          </LinearRing>
        </outerBoundaryIs>
      </Polygon>
    </Placemark>
    <Placemark>
      <name>Polygon_313</name>
      <ExtendedData>
        <Data name="id"><value>313</value></Data>
        <Data name="category"><value>benchmark</value></Data>
      </ExtendedData>
      <Polygon>
        <outerBoundaryIs>
          <LinearRing>
            <coordinates>77.565,12.915000000000001,0 77.567,12.915000000000001,0 77.567,12.917000000000002,0 77.565,12.917000000000002,0 77.565,12.915000000000001,0</coordinates>
          </LinearRing>
        </outerBoundaryIs>
      </Polygon>
    </Placemark>
    <Placemark>
      <name>Polygon_314</name>
      <ExtendedData>
        <Data name="id"><value>314</value></Data>
        <Data name="category"><value>benchmark</value></Data>
      </ExtendedData>
      <Polygon>
        <outerBoundaryIs>
          <LinearRing>
            <coordinates>77.57,12.915000000000001,0 77.57199999999999,12.915000000000001,0 77.57199999999999,12.917000000000002,0 77.57,12.917000000000002,0 77.57,12.915000000000001,0</coordinates>
          </LinearRing>
        </outerBoundaryIs>
      </Polygon>
    </Placemark>
    <Placemark>
      <name>Polygon_315</name>
      <ExtendedData>
        <Data name="id"><value>315</value></Data>
        <Data name="category"><value>benchmark</value></Data>
      </ExtendedData>
      <Polygon>
        <outerBoundaryIs>
          <LinearRing>
            <coordinates>77.575,12.915000000000001,0 77.577,12.915000000000001,0 77.577,12.917000000000002,0 77.575,12.917000000000002,0 77.575,12.915000000000001,0</coordinates>
          </LinearRing>
        </outerBoundaryIs>
      </Polygon>
    </Placemark>
    <Placemark>
      <name>Polygon_316</name>
      <ExtendedData>
        <Data name="id"><value>316</value></Data>
        <Data name="category"><value>benchmark</value></Data>
      </ExtendedData>
      <Polygon>
        <outerBoundaryIs>
          <LinearRing>
            <coordinates>77.58,12.915000000000001,0 77.582,12.915000000000001,0 77.582,12.917000000000002,0 77.58,12.917000000000002,0 77.58,12.915000000000001,0</coordinates>
          </LinearRing>
        </outerBoundaryIs>
      </Polygon>
    </Placemark>
    <Placemark>
      <name>Polygon_317</name>
      <ExtendedData>
        <Data name="id"><value>317</value></Data>
        <Data name="category"><value>benchmark</value></Data>
      </ExtendedData>
      <Polygon>
        <outerBoundaryIs>
          <LinearRing>
            <coordinates>77.585,12.915000000000001,0 77.58699999999999,12.915000000000001,0 77.58699999999999,12.917000000000002,0 77.585,12.917000000000002,0 77.585,12.915000000000001,0</coordinates>
          </LinearRing>
        </outerBoundaryIs>
      </Polygon>
    </Placemark>
    <Placemark>
      <name>Polygon_318</name>
      <ExtendedData>
        <Data name="id"><value>318</value></Data>
        <Data name="category"><value>benchmark</value></Data>
      </ExtendedData>
      <Polygon>
        <outerBoundaryIs>
          <LinearRing>
            <coordinates>77.59,12.915000000000001,0 77.592,12.915000000000001,0 77.592,12.917000000000002,0 77.59,12.917000000000002,0 77.59,12.915000000000001,0</coordinates>
          </LinearRing>
        </outerBoundaryIs>
      </Polygon>
    </Placemark>
    <Placemark>
      <name>Polygon_319</name>
      <ExtendedData>
        <Data name="id"><value>319</value></Data>
        <Data name="category"><value>benchmark</value></Data>
      </ExtendedData>
      <Polygon>
        <outerBoundaryIs>
          <LinearRing>
            <coordinates>77.595,12.915000000000001,0 77.597,12.915000000000001,0 77.597,12.917000000000002,0 77.595,12.917000000000002,0 77.595,12.915000000000001,0</coordinates>
          </LinearRing>
        </outerBoundaryIs>
      </Polygon>
    </Placemark>
    <Placemark>
      <name>Polygon_320</name>
      <ExtendedData>
        <Data name="id"><value>320</value></Data>
        <Data name="category"><value>benchmark</value></Data>
      </ExtendedData>
      <Polygon>
        <outerBoundaryIs>
          <LinearRing>
            <coordinates>77.6,12.915000000000001,0 77.60199999999999,12.915000000000001,0 77.60199999999999,12.917000000000002,0 77.6,12.917000000000002,0 77.6,12.915000000000001,0</coordinates>
          </LinearRing>
        </outerBoundaryIs>
      </Polygon>
    </Placemark>
    <Placemark>
      <name>Polygon_321</name>
      <ExtendedData>
        <Data name="id"><value>321</value></Data>
        <Data name="category"><value>benchmark</value></Data>
      </ExtendedData>
      <Polygon>
        <outerBoundaryIs>
          <LinearRing>
            <coordinates>77.605,12.915000000000001,0 77.607,12.915000000000001,0 77.607,12.917000000000002,0 77.605,12.917000000000002,0 77.605,12.915000000000001,0</coordinates>
          </LinearRing>
        </outerBoundaryIs>
      </Polygon>
    </Placemark>
    <Placemark>
      <name>Polygon_322</name>
      <ExtendedData>
        <Data name="id"><value>322</value></Data>
        <Data name="category"><value>benchmark</value></Data>
      </ExtendedData>
      <Polygon>
        <outerBoundaryIs>
          <LinearRing>
            <coordinates>77.61,12.915000000000001,0 77.612,12.915000000000001,0 77.612,12.917000000000002,0 77.61,12.917000000000002,0 77.61,12.915000000000001,0</coordinates>
          </LinearRing>
        </outerBoundaryIs>
      </Polygon>
    </Placemark>
    <Placemark>
      <name>Polygon_323</name>
      <ExtendedData>
        <Data name="id"><value>323</value></Data>
        <Data name="category"><value>benchmark</value></Data>
      </ExtendedData>
      <Polygon>
        <outerBoundaryIs>
          <LinearRing>
            <coordinates>77.615,12.915000000000001,0 77.61699999999999,12.915000000000001,0 77.61699999999999,12.917000000000002,0 77.615,12.917000000000002,0 77.615,12.915000000000001,0</coordinates>
          </LinearRing>
        </outerBoundaryIs>
      </Polygon>
    </Placemark>
    <Placemark>
      <name>Polygon_324</name>
      <ExtendedData>
        <Data name="id"><value>324</value></Data>
        <Data name="category"><value>benchmark</value></Data>
      </ExtendedData>
      <Polygon>
        <outerBoundaryIs>
          <LinearRing>
            <coordinates>77.62,12.915000000000001,0 77.622,12.915000000000001,0 77.622,12.917000000000002,0 77.62,12.917000000000002,0 77.62,12.915000000000001,0</coordinates>
          </LinearRing>
        </outerBoundaryIs>
      </Polygon>
    </Placemark>
    <Placemark>
      <name>Polygon_325</name>
      <ExtendedData>
        <Data name="id"><value>325</value></Data>
        <Data name="category"><value>benchmark</value></Data>
      </ExtendedData>
      <Polygon>
        <outerBoundaryIs>
          <LinearRing>
            <coordinates>77.625,12.915000000000001,0 77.627,12.915000000000001,0 77.627,12.917000000000002,0 77.625,12.917000000000002,0 77.625,12.915000000000001,0</coordinates>
          </LinearRing>
        </outerBoundaryIs>
      </Polygon>
    </Placemark>
    <Placemark>
      <name>Polygon_326</name>
      <ExtendedData>
        <Data name="id"><value>326</value></Data>
        <Data name="category"><value>benchmark</value></Data>
      </ExtendedData>
      <Polygon>
        <outerBoundaryIs>
          <LinearRing>
            <coordinates>77.63,12.915000000000001,0 77.63199999999999,12.915000000000001,0 77.63199999999999,12.917000000000002,0 77.63,12.917000000000002,0 77.63,12.915000000000001,0</coordinates>
          </LinearRing>
        </outerBoundaryIs>
      </Polygon>
    </Placemark>
    <Placemark>
      <name>Polygon_327</name>
      <ExtendedData>
        <Data name="id"><value>327</value></Data>
        <Data name="category"><value>benchmark</value></Data>
      </ExtendedData>
      <Polygon>
        <outerBoundaryIs>
          <LinearRing>
            <coordinates>77.635,12.915000000000001,0 77.637,12.915000000000001,0 77.637,12.917000000000002,0 77.635,12.917000000000002,0 77.635,12.915000000000001,0</coordinates>
          </LinearRing>
        </outerBoundaryIs>
      </Polygon>
    </Placemark>
    <Placemark>
      <name>Polygon_328</name>
      <ExtendedData>
        <Data name="id"><value>328</value></Data>
        <Data name="category"><value>benchmark</value></Data>
      </ExtendedData>
      <Polygon>
        <outerBoundaryIs>
          <LinearRing>
            <coordinates>77.64,12.915000000000001,0 77.642,12.915000000000001,0 77.642,12.917000000000002,0 77.64,12.917000000000002,0 77.64,12.915000000000001,0</coordinates>
          </LinearRing>
        </outerBoundaryIs>
      </Polygon>
    </Placemark>
    <Placemark>
      <name>Polygon_329</name>
      <ExtendedData>
        <Data name="id"><value>329</value></Data>
        <Data name="category"><value>benchmark</value></Data>
      </ExtendedData>
      <Polygon>
        <outerBoundaryIs>
          <LinearRing>
            <coordinates>77.645,12.915000000000001,0 77.64699999999999,12.915000000000001,0 77.64699999999999,12.917000000000002,0 77.645,12.917000000000002,0 77.645,12.915000000000001,0</coordinates>
          </LinearRing>
        </outerBoundaryIs>
      </Polygon>
    </Placemark>
    <Placemark>
      <name>Polygon_330</name>
      <ExtendedData>
        <Data name="id"><value>330</value></Data>
        <Data name="category"><value>benchmark</value></Data>
      </ExtendedData>
      <Polygon>
        <outerBoundaryIs>
          <LinearRing>
            <coordinates>77.65,12.915000000000001,0 77.652,12.915000000000001,0 77.652,12.917000000000002,0 77.65,12.917000000000002,0 77.65,12.915000000000001,0</coordinates>
          </LinearRing>
        </outerBoundaryIs>
      </Polygon>
    </Placemark>
    <Placemark>
      <name>Polygon_331</name>
      <ExtendedData>
        <Data name="id"><value>331</value></Data>
        <Data name="category"><value>benchmark</value></Data>
      </ExtendedData>
      <Polygon>
        <outerBoundaryIs>
          <LinearRing>
            <coordinates>77.655,12.915000000000001,0 77.657,12.915000000000001,0 77.657,12.917000000000002,0 77.655,12.917000000000002,0 77.655,12.915000000000001,0</coordinates>
          </LinearRing>
        </outerBoundaryIs>
      </Polygon>
    </Placemark>
    <Placemark>
      <name>Polygon_332</name>
      <ExtendedData>
        <Data name="id"><value>332</value></Data>
        <Data name="category"><value>benchmark</value></Data>
      </ExtendedData>
      <Polygon>
        <outerBoundaryIs>
          <LinearRing>
            <coordinates>77.66,12.915000000000001,0 77.66199999999999,12.915000000000001,0 77.66199999999999,12.917000000000002,0 77.66,12.917000000000002,0 77.66,12.915000000000001,0</coordinates>
          </LinearRing>
        </outerBoundaryIs>
      </Polygon>
    </Placemark>
    <Placemark>
      <name>Polygon_333</name>
      <ExtendedData>
        <Data name="id"><value>333</value></Data>
        <Data name="category"><value>benchmark</value></Data>
      </ExtendedData>
      <Polygon>
        <outerBoundaryIs>
          <LinearRing>
            <coordinates>77.665,12.915000000000001,0 77.667,12.915000000000001,0 77.667,12.917000000000002,0 77.665,12.917000000000002,0 77.665,12.915000000000001,0</coordinates>
          </LinearRing>
        </outerBoundaryIs>
      </Polygon>
    </Placemark>
    <Placemark>
      <name>Polygon_334</name>
      <ExtendedData>
        <Data name="id"><value>334</value></Data>
        <Data name="category"><value>benchmark</value></Data>
      </ExtendedData>
      <Polygon>
        <outerBoundaryIs>
          <LinearRing>
            <coordinates>77.67,12.915000000000001,0 77.672,12.915000000000001,0 77.672,12.917000000000002,0 77.67,12.917000000000002,0 77.67,12.915000000000001,0</coordinates>
          </LinearRing>
        </outerBoundaryIs>
      </Polygon>
    </Placemark>
    <Placemark>
      <name>Polygon_335</name>
      <ExtendedData>
        <Data name="id"><value>335</value></Data>
        <Data name="category"><value>benchmark</value></Data>
      </ExtendedData>
      <Polygon>
        <outerBoundaryIs>
          <LinearRing>
            <coordinates>77.675,12.915000000000001,0 77.67699999999999,12.915000000000001,0 77.67699999999999,12.917000000000002,0 77.675,12.917000000000002,0 77.675,12.915000000000001,0</coordinates>
          </LinearRing>
        </outerBoundaryIs>
      </Polygon>
    </Placemark>
    <Placemark>
      <name>Polygon_336</name>
      <ExtendedData>
        <Data name="id"><value>336</value></Data>
        <Data name="category"><value>benchmark</value></Data>
      </ExtendedData>
      <Polygon>
        <outerBoundaryIs>
          <LinearRing>
            <coordinates>77.68,12.915000000000001,0 77.682,12.915000000000001,0 77.682,12.917000000000002,0 77.68,12.917000000000002,0 77.68,12.915000000000001,0</coordinates>
          </LinearRing>
        </outerBoundaryIs>
      </Polygon>
    </Placemark>
    <Placemark>
      <name>Polygon_337</name>
      <ExtendedData>
        <Data name="id"><value>337</value></Data>
        <Data name="category"><value>benchmark</value></Data>
      </ExtendedData>
      <Polygon>
        <outerBoundaryIs>
          <LinearRing>
            <coordinates>77.685,12.915000000000001,0 77.687,12.915000000000001,0 77.687,12.917000000000002,0 77.685,12.917000000000002,0 77.685,12.915000000000001,0</coordinates>
          </LinearRing>
        </outerBoundaryIs>
      </Polygon>
    </Placemark>
    <Placemark>
      <name>Polygon_338</name>
      <ExtendedData>
        <Data name="id"><value>338</value></Data>
        <Data name="category"><value>benchmark</value></Data>
      </ExtendedData>
      <Polygon>
        <outerBoundaryIs>
          <LinearRing>
            <coordinates>77.69,12.915000000000001,0 77.692,12.915000000000001,0 77.692,12.917000000000002,0 77.69,12.917000000000002,0 77.69,12.915000000000001,0</coordinates>
          </LinearRing>
        </outerBoundaryIs>
      </Polygon>
    </Placemark>
    <Placemark>
      <name>Polygon_339</name>
      <ExtendedData>
        <Data name="id"><value>339</value></Data>
        <Data name="category"><value>benchmark</value></Data>
      </ExtendedData>
      <Polygon>
        <outerBoundaryIs>
          <LinearRing>
            <coordinates>77.695,12.915000000000001,0 77.69699999999999,12.915000000000001,0 77.69699999999999,12.917000000000002,0 77.695,12.917000000000002,0 77.695,12.915000000000001,0</coordinates>
          </LinearRing>
        </outerBoundaryIs>
      </Polygon>
    </Placemark>
    <Placemark>
      <name>Polygon_340</name>
      <ExtendedData>
        <Data name="id"><value>340</value></Data>
        <Data name="category"><value>benchmark</value></Data>
      </ExtendedData>
      <Polygon>
        <outerBoundaryIs>
          <LinearRing>
            <coordinates>77.7,12.915000000000001,0 77.702,12.915000000000001,0 77.702,12.917000000000002,0 77.7,12.917000000000002,0 77.7,12.915000000000001,0</coordinates>
          </LinearRing>
        </outerBoundaryIs>
      </Polygon>
    </Placemark>
    <Placemark>
      <name>Polygon_341</name>
      <ExtendedData>
        <Data name="id"><value>341</value></Data>
        <Data name="category"><value>benchmark</value></Data>
      </ExtendedData>
      <Polygon>
        <outerBoundaryIs>
          <LinearRing>
            <coordinates>77.705,12.915000000000001,0 77.707,12.915000000000001,0 77.707,12.917000000000002,0 77.705,12.917000000000002,0 77.705,12.915000000000001,0</coordinates>
          </LinearRing>
        </outerBoundaryIs>
      </Polygon>
    </Placemark>
    <Placemark>
      <name>Polygon_342</name>
      <ExtendedData>
        <Data name="id"><value>342</value></Data>
        <Data name="category"><value>benchmark</value></Data>
      </ExtendedData>
      <Polygon>
        <outerBoundaryIs>
          <LinearRing>
            <coordinates>77.71,12.915000000000001,0 77.71199999999999,12.915000000000001,0 77.71199999999999,12.917000000000002,0 77.71,12.917000000000002,0 77.71,12.915000000000001,0</coordinates>
          </LinearRing>
        </outerBoundaryIs>
      </Polygon>
    </Placemark>
    <Placemark>
      <name>Polygon_343</name>
      <ExtendedData>
        <Data name="id"><value>343</value></Data>
        <Data name="category"><value>benchmark</value></Data>
      </ExtendedData>
      <Polygon>
        <outerBoundaryIs>
          <LinearRing>
            <coordinates>77.715,12.915000000000001,0 77.717,12.915000000000001,0 77.717,12.917000000000002,0 77.715,12.917000000000002,0 77.715,12.915000000000001,0</coordinates>
          </LinearRing>
        </outerBoundaryIs>
      </Polygon>
    </Placemark>
    <Placemark>
      <name>Polygon_344</name>
      <ExtendedData>
        <Data name="id"><value>344</value></Data>
        <Data name="category"><value>benchmark</value></Data>
      </ExtendedData>
      <Polygon>
        <outerBoundaryIs>
          <LinearRing>
            <coordinates>77.72,12.915000000000001,0 77.722,12.915000000000001,0 77.722,12.917000000000002,0 77.72,12.917000000000002,0 77.72,12.915000000000001,0</coordinates>
          </LinearRing>
        </outerBoundaryIs>
      </Polygon>
    </Placemark>
    <Placemark>
      <name>Polygon_345</name>
      <ExtendedData>
        <Data name="id"><value>345</value></Data>
        <Data name="category"><value>benchmark</value></Data>
      </ExtendedData>
      <Polygon>
        <outerBoundaryIs>
          <LinearRing>
            <coordinates>77.725,12.915000000000001,0 77.72699999999999,12.915000000000001,0 77.72699999999999,12.917000000000002,0 77.725,12.917000000000002,0 77.725,12.915000000000001,0</coordinates>
          </LinearRing>
        </outerBoundaryIs>
      </Polygon>
    </Placemark>
    <Placemark>
      <name>Polygon_346</name>
      <ExtendedData>
        <Data name="id"><value>346</value></Data>
        <Data name="category"><value>benchmark</value></Data>
      </ExtendedData>
      <Polygon>
        <outerBoundaryIs>
          <LinearRing>
            <coordinates>77.73,12.915000000000001,0 77.732,12.915000000000001,0 77.732,12.917000000000002,0 77.73,12.917000000000002,0 77.73,12.915000000000001,0</coordinates>
          </LinearRing>
        </outerBoundaryIs>
      </Polygon>
    </Placemark>
    <Placemark>
      <name>Polygon_347</name>
      <ExtendedData>
        <Data name="id"><value>347</value></Data>
        <Data name="category"><value>benchmark</value></Data>
      </ExtendedData>
      <Polygon>
        <outerBoundaryIs>
          <LinearRing>
            <coordinates>77.735,12.915000000000001,0 77.737,12.915000000000001,0 77.737,12.917000000000002,0 77.735,12.917000000000002,0 77.735,12.915000000000001,0</coordinates>
          </LinearRing>
        </outerBoundaryIs>
      </Polygon>
    </Placemark>
    <Placemark>
      <name>Polygon_348</name>
      <ExtendedData>
        <Data name="id"><value>348</value></Data>
        <Data name="category"><value>benchmark</value></Data>
      </ExtendedData>
      <Polygon>
        <outerBoundaryIs>
          <LinearRing>
            <coordinates>77.74,12.915000000000001,0 77.74199999999999,12.915000000000001,0 77.74199999999999,12.917000000000002,0 77.74,12.917000000000002,0 77.74,12.915000000000001,0</coordinates>
          </LinearRing>
        </outerBoundaryIs>
      </Polygon>
    </Placemark>
    <Placemark>
      <name>Polygon_349</name>
      <ExtendedData>
        <Data name="id"><value>349</value></Data>
        <Data name="category"><value>benchmark</value></Data>
      </ExtendedData>
      <Polygon>
        <outerBoundaryIs>
          <LinearRing>
            <coordinates>77.745,12.915000000000001,0 77.747,12.915000000000001,0 77.747,12.917000000000002,0 77.745,12.917000000000002,0 77.745,12.915000000000001,0</coordinates>
          </LinearRing>
        </outerBoundaryIs>
      </Polygon>
    </Placemark>
    <Placemark>
      <name>Polygon_350</name>
      <ExtendedData>
        <Data name="id"><value>350</value></Data>
        <Data name="category"><value>benchmark</value></Data>
      </ExtendedData>
      <Polygon>
        <outerBoundaryIs>
          <LinearRing>
            <coordinates>77.75,12.915000000000001,0 77.752,12.915000000000001,0 77.752,12.917000000000002,0 77.75,12.917000000000002,0 77.75,12.915000000000001,0</coordinates>
          </LinearRing>
        </outerBoundaryIs>
      </Polygon>
    </Placemark>
    <Placemark>
      <name>Polygon_351</name>
      <ExtendedData>
        <Data name="id"><value>351</value></Data>
        <Data name="category"><value>benchmark</value></Data>
      </ExtendedData>
      <Polygon>
        <outerBoundaryIs>
          <LinearRing>
            <coordinates>77.755,12.915000000000001,0 77.75699999999999,12.915000000000001,0 77.75699999999999,12.917000000000002,0 77.755,12.917000000000002,0 77.755,12.915000000000001,0</coordinates>
          </LinearRing>
        </outerBoundaryIs>
      </Polygon>
    </Placemark>
    <Placemark>
      <name>Polygon_352</name>
      <ExtendedData>
        <Data name="id"><value>352</value></Data>
        <Data name="category"><value>benchmark</value></Data>
      </ExtendedData>
      <Polygon>
        <outerBoundaryIs>
          <LinearRing>
            <coordinates>77.76,12.915000000000001,0 77.762,12.915000000000001,0 77.762,12.917000000000002,0 77.76,12.917000000000002,0 77.76,12.915000000000001,0</coordinates>
          </LinearRing>
        </outerBoundaryIs>
      </Polygon>
    </Placemark>
    <Placemark>
      <name>Polygon_353</name>
      <ExtendedData>
        <Data name="id"><value>353</value></Data>
        <Data name="category"><value>benchmark</value></Data>
      </ExtendedData>
      <Polygon>
        <outerBoundaryIs>
          <LinearRing>
            <coordinates>77.765,12.915000000000001,0 77.767,12.915000000000001,0 77.767,12.917000000000002,0 77.765,12.917000000000002,0 77.765,12.915000000000001,0</coordinates>
          </LinearRing>
        </outerBoundaryIs>
      </Polygon>
    </Placemark>
    <Placemark>
      <name>Polygon_354</name>
      <ExtendedData>
        <Data name="id"><value>354</value></Data>
        <Data name="category"><value>benchmark</value></Data>
      </ExtendedData>
      <Polygon>
        <outerBoundaryIs>
          <LinearRing>
            <coordinates>77.77,12.915000000000001,0 77.77199999999999,12.915000000000001,0 77.77199999999999,12.917000000000002,0 77.77,12.917000000000002,0 77.77,12.915000000000001,0</coordinates>
          </LinearRing>
        </outerBoundaryIs>
      </Polygon>
    </Placemark>
    <Placemark>
      <name>Polygon_355</name>
      <ExtendedData>
        <Data name="id"><value>355</value></Data>
        <Data name="category"><value>benchmark</value></Data>
      </ExtendedData>
      <Polygon>
        <outerBoundaryIs>
          <LinearRing>
            <coordinates>77.775,12.915000000000001,0 77.777,12.915000000000001,0 77.777,12.917000000000002,0 77.775,12.917000000000002,0 77.775,12.915000000000001,0</coordinates>
          </LinearRing>
        </outerBoundaryIs>
      </Polygon>
    </Placemark>
    <Placemark>
      <name>Polygon_356</name>
      <ExtendedData>
        <Data name="id"><value>356</value></Data>
        <Data name="category"><value>benchmark</value></Data>
      </ExtendedData>
      <Polygon>
        <outerBoundaryIs>
          <LinearRing>
            <coordinates>77.78,12.915000000000001,0 77.782,12.915000000000001,0 77.782,12.917000000000002,0 77.78,12.917000000000002,0 77.78,12.915000000000001,0</coordinates>
          </LinearRing>
        </outerBoundaryIs>
      </Polygon>
    </Placemark>
    <Placemark>
      <name>Polygon_357</name>
      <ExtendedData>
        <Data name="id"><value>357</value></Data>
        <Data name="category"><value>benchmark</value></Data>
      </ExtendedData>
      <Polygon>
        <outerBoundaryIs>
          <LinearRing>
            <coordinates>77.785,12.915000000000001,0 77.78699999999999,12.915000000000001,0 77.78699999999999,12.917000000000002,0 77.785,12.917000000000002,0 77.785,12.915000000000001,0</coordinates>
          </LinearRing>
        </outerBoundaryIs>
      </Polygon>
    </Placemark>
    <Placemark>
      <name>Polygon_358</name>
      <ExtendedData>
        <Data name="id"><value>358</value></Data>
        <Data name="category"><value>benchmark</value></Data>
      </ExtendedData>
      <Polygon>
        <outerBoundaryIs>
          <LinearRing>
            <coordinates>77.79,12.915000000000001,0 77.792,12.915000000000001,0 77.792,12.917000000000002,0 77.79,12.917000000000002,0 77.79,12.915000000000001,0</coordinates>
          </LinearRing>
        </outerBoundaryIs>
      </Polygon>
    </Placemark>
    <Placemark>
      <name>Polygon_359</name>
      <ExtendedData>
        <Data name="id"><value>359</value></Data>
        <Data name="category"><value>benchmark</value></Data>
      </ExtendedData>
      <Polygon>
        <outerBoundaryIs>
          <LinearRing>
            <coordinates>77.795,12.915000000000001,0 77.797,12.915000000000001,0 77.797,12.917000000000002,0 77.795,12.917000000000002,0 77.795,12.915000000000001,0</coordinates>
          </LinearRing>
        </outerBoundaryIs>
      </Polygon>
    </Placemark>
    <Placemark>
      <name>Polygon_360</name>
      <ExtendedData>
        <Data name="id"><value>360</value></Data>
        <Data name="category"><value>benchmark</value></Data>
      </ExtendedData>
      <Polygon>
        <outerBoundaryIs>
          <LinearRing>
            <coordinates>77.8,12.915000000000001,0 77.80199999999999,12.915000000000001,0 77.80199999999999,12.917000000000002,0 77.8,12.917000000000002,0 77.8,12.915000000000001,0</coordinates>
          </LinearRing>
        </outerBoundaryIs>
      </Polygon>
    </Placemark>
    <Placemark>
      <name>Polygon_361</name>
      <ExtendedData>
        <Data name="id"><value>361</value></Data>
        <Data name="category"><value>benchmark</value></Data>
      </ExtendedData>
      <Polygon>
        <outerBoundaryIs>
          <LinearRing>
            <coordinates>77.805,12.915000000000001,0 77.807,12.915000000000001,0 77.807,12.917000000000002,0 77.805,12.917000000000002,0 77.805,12.915000000000001,0</coordinates>
          </LinearRing>
        </outerBoundaryIs>
      </Polygon>
    </Placemark>
    <Placemark>
      <name>Polygon_362</name>
      <ExtendedData>
        <Data name="id"><value>362</value></Data>
        <Data name="category"><value>benchmark</value></Data>
      </ExtendedData>
      <Polygon>
        <outerBoundaryIs>
          <LinearRing>
            <coordinates>77.81,12.915000000000001,0 77.812,12.915000000000001,0 77.812,12.917000000000002,0 77.81,12.917000000000002,0 77.81,12.915000000000001,0</coordinates>
          </LinearRing>
        </outerBoundaryIs>
      </Polygon>
    </Placemark>
    <Placemark>
      <name>Polygon_363</name>
      <ExtendedData>
        <Data name="id"><value>363</value></Data>
        <Data name="category"><value>benchmark</value></Data>
      </ExtendedData>
      <Polygon>
        <outerBoundaryIs>
          <LinearRing>
            <coordinates>77.815,12.915000000000001,0 77.817,12.915000000000001,0 77.817,12.917000000000002,0 77.815,12.917000000000002,0 77.815,12.915000000000001,0</coordinates>
          </LinearRing>
        </outerBoundaryIs>
      </Polygon>
    </Placemark>
    <Placemark>
      <name>Polygon_364</name>
      <ExtendedData>
        <Data name="id"><value>364</value></Data>
        <Data name="category"><value>benchmark</value></Data>
      </ExtendedData>
      <Polygon>
        <outerBoundaryIs>
          <LinearRing>
            <coordinates>77.82,12.915000000000001,0 77.82199999999999,12.915000000000001,0 77.82199999999999,12.917000000000002,0 77.82,12.917000000000002,0 77.82,12.915000000000001,0</coordinates>
          </LinearRing>
        </outerBoundaryIs>
      </Polygon>
    </Placemark>
    <Placemark>
      <name>Polygon_365</name>
      <ExtendedData>
        <Data name="id"><value>365</value></Data>
        <Data name="category"><value>benchmark</value></Data>
      </ExtendedData>
      <Polygon>
        <outerBoundaryIs>
          <LinearRing>
            <coordinates>77.825,12.915000000000001,0 77.827,12.915000000000001,0 77.827,12.917000000000002,0 77.825,12.917000000000002,0 77.825,12.915000000000001,0</coordinates>
          </LinearRing>
        </outerBoundaryIs>
      </Polygon>
    </Placemark>
    <Placemark>
      <name>Polygon_366</name>
      <ExtendedData>
        <Data name="id"><value>366</value></Data>
        <Data name="category"><value>benchmark</value></Data>
      </ExtendedData>
      <Polygon>
        <outerBoundaryIs>
          <LinearRing>
            <coordinates>77.83,12.915000000000001,0 77.832,12.915000000000001,0 77.832,12.917000000000002,0 77.83,12.917000000000002,0 77.83,12.915000000000001,0</coordinates>
          </LinearRing>
        </outerBoundaryIs>
      </Polygon>
    </Placemark>
    <Placemark>
      <name>Polygon_367</name>
      <ExtendedData>
        <Data name="id"><value>367</value></Data>
        <Data name="category"><value>benchmark</value></Data>
      </ExtendedData>
      <Polygon>
        <outerBoundaryIs>
          <LinearRing>
            <coordinates>77.835,12.915000000000001,0 77.83699999999999,12.915000000000001,0 77.83699999999999,12.917000000000002,0 77.835,12.917000000000002,0 77.835,12.915000000000001,0</coordinates>
          </LinearRing>
        </outerBoundaryIs>
      </Polygon>
    </Placemark>
    <Placemark>
      <name>Polygon_368</name>
      <ExtendedData>
        <Data name="id"><value>368</value></Data>
        <Data name="category"><value>benchmark</value></Data>
      </ExtendedData>
      <Polygon>
        <outerBoundaryIs>
          <LinearRing>
            <coordinates>77.84,12.915000000000001,0 77.842,12.915000000000001,0 77.842,12.917000000000002,0 77.84,12.917000000000002,0 77.84,12.915000000000001,0</coordinates>
          </LinearRing>
        </outerBoundaryIs>
      </Polygon>
    </Placemark>
    <Placemark>
      <name>Polygon_369</name>
      <ExtendedData>
        <Data name="id"><value>369</value></Data>
        <Data name="category"><value>benchmark</value></Data>
      </ExtendedData>
      <Polygon>
        <outerBoundaryIs>
          <LinearRing>
            <coordinates>77.845,12.915000000000001,0 77.847,12.915000000000001,0 77.847,12.917000000000002,0 77.845,12.917000000000002,0 77.845,12.915000000000001,0</coordinates>
          </LinearRing>
        </outerBoundaryIs>
      </Polygon>
    </Placemark>
    <Placemark>
      <name>Polygon_370</name>
      <ExtendedData>
        <Data name="id"><value>370</value></Data>
        <Data name="category"><value>benchmark</value></Data>
      </ExtendedData>
      <Polygon>
        <outerBoundaryIs>
          <LinearRing>
            <coordinates>77.85,12.915000000000001,0 77.85199999999999,12.915000000000001,0 77.85199999999999,12.917000000000002,0 77.85,12.917000000000002,0 77.85,12.915000000000001,0</coordinates>
          </LinearRing>
        </outerBoundaryIs>
      </Polygon>
    </Placemark>
    <Placemark>
      <name>Polygon_371</name>
      <ExtendedData>
        <Data name="id"><value>371</value></Data>
        <Data name="category"><value>benchmark</value></Data>
      </ExtendedData>
      <Polygon>
        <outerBoundaryIs>
          <LinearRing>
            <coordinates>77.855,12.915000000000001,0 77.857,12.915000000000001,0 77.857,12.917000000000002,0 77.855,12.917000000000002,0 77.855,12.915000000000001,0</coordinates>
          </LinearRing>
        </outerBoundaryIs>
      </Polygon>
    </Placemark>
    <Placemark>
      <name>Polygon_372</name>
      <ExtendedData>
        <Data name="id"><value>372</value></Data>
        <Data name="category"><value>benchmark</value></Data>
      </ExtendedData>
      <Polygon>
        <outerBoundaryIs>
          <LinearRing>
            <coordinates>77.86,12.915000000000001,0 77.862,12.915000000000001,0 77.862,12.917000000000002,0 77.86,12.917000000000002,0 77.86,12.915000000000001,0</coordinates>
          </LinearRing>
        </outerBoundaryIs>
      </Polygon>
    </Placemark>
    <Placemark>
      <name>Polygon_373</name>
      <ExtendedData>
        <Data name="id"><value>373</value></Data>
        <Data name="category"><value>benchmark</value></Data>
      </ExtendedData>
      <Polygon>
        <outerBoundaryIs>
          <LinearRing>
            <coordinates>77.865,12.915000000000001,0 77.86699999999999,12.915000000000001,0 77.86699999999999,12.917000000000002,0 77.865,12.917000000000002,0 77.865,12.915000000000001,0</coordinates>
          </LinearRing>
        </outerBoundaryIs>
      </Polygon>
    </Placemark>
    <Placemark>
      <name>Polygon_374</name>
      <ExtendedData>
        <Data name="id"><value>374</value></Data>
        <Data name="category"><value>benchmark</value></Data>
      </ExtendedData>
      <Polygon>
        <outerBoundaryIs>
          <LinearRing>
            <coordinates>77.87,12.915000000000001,0 77.872,12.915000000000001,0 77.872,12.917000000000002,0 77.87,12.917000000000002,0 77.87,12.915000000000001,0</coordinates>
          </LinearRing>
        </outerBoundaryIs>
      </Polygon>
    </Placemark>
    <Placemark>
      <name>Polygon_375</name>
      <ExtendedData>
        <Data name="id"><value>375</value></Data>
        <Data name="category"><value>benchmark</value></Data>
      </ExtendedData>
      <Polygon>
        <outerBoundaryIs>
          <LinearRing>
            <coordinates>77.875,12.915000000000001,0 77.877,12.915000000000001,0 77.877,12.917000000000002,0 77.875,12.917000000000002,0 77.875,12.915000000000001,0</coordinates>
          </LinearRing>
        </outerBoundaryIs>
      </Polygon>
    </Placemark>
    <Placemark>
      <name>Polygon_376</name>
      <ExtendedData>
        <Data name="id"><value>376</value></Data>
        <Data name="category"><value>benchmark</value></Data>
      </ExtendedData>
      <Polygon>
        <outerBoundaryIs>
          <LinearRing>
            <coordinates>77.88,12.915000000000001,0 77.88199999999999,12.915000000000001,0 77.88199999999999,12.917000000000002,0 77.88,12.917000000000002,0 77.88,12.915000000000001,0</coordinates>
          </LinearRing>
        </outerBoundaryIs>
      </Polygon>
    </Placemark>
    <Placemark>
      <name>Polygon_377</name>
      <ExtendedData>
        <Data name="id"><value>377</value></Data>
        <Data name="category"><value>benchmark</value></Data>
      </ExtendedData>
      <Polygon>
        <outerBoundaryIs>
          <LinearRing>
            <coordinates>77.885,12.915000000000001,0 77.887,12.915000000000001,0 77.887,12.917000000000002,0 77.885,12.917000000000002,0 77.885,12.915000000000001,0</coordinates>
          </LinearRing>
        </outerBoundaryIs>
      </Polygon>
    </Placemark>
    <Placemark>
      <name>Polygon_378</name>
      <ExtendedData>
        <Data name="id"><value>378</value></Data>
        <Data name="category"><value>benchmark</value></Data>
      </ExtendedData>
      <Polygon>
        <outerBoundaryIs>
          <LinearRing>
            <coordinates>77.89,12.915000000000001,0 77.892,12.915000000000001,0 77.892,12.917000000000002,0 77.89,12.917000000000002,0 77.89,12.915000000000001,0</coordinates>
          </LinearRing>
        </outerBoundaryIs>
      </Polygon>
    </Placemark>
    <Placemark>
      <name>Polygon_379</name>
      <ExtendedData>
        <Data name="id"><value>379</value></Data>
        <Data name="category"><value>benchmark</value></Data>
      </ExtendedData>
      <Polygon>
        <outerBoundaryIs>
          <LinearRing>
            <coordinates>77.895,12.915000000000001,0 77.89699999999999,12.915000000000001,0 77.89699999999999,12.917000000000002,0 77.895,12.917000000000002,0 77.895,12.915000000000001,0</coordinates>
          </LinearRing>
        </outerBoundaryIs>
      </Polygon>
    </Placemark>
    <Placemark>
      <name>Polygon_380</name>
      <ExtendedData>
        <Data name="id"><value>380</value></Data>
        <Data name="category"><value>benchmark</value></Data>
      </ExtendedData>
      <Polygon>
        <outerBoundaryIs>
          <LinearRing>
            <coordinates>77.9,12.915000000000001,0 77.902,12.915000000000001,0 77.902,12.917000000000002,0 77.9,12.917000000000002,0 77.9,12.915000000000001,0</coordinates>
          </LinearRing>
        </outerBoundaryIs>
      </Polygon>
    </Placemark>
    <Placemark>
      <name>Polygon_381</name>
      <ExtendedData>
        <Data name="id"><value>381</value></Data>
        <Data name="category"><value>benchmark</value></Data>
      </ExtendedData>
      <Polygon>
        <outerBoundaryIs>
          <LinearRing>
            <coordinates>77.905,12.915000000000001,0 77.907,12.915000000000001,0 77.907,12.917000000000002,0 77.905,12.917000000000002,0 77.905,12.915000000000001,0</coordinates>
          </LinearRing>
        </outerBoundaryIs>
      </Polygon>
    </Placemark>
    <Placemark>
      <name>Polygon_382</name>
      <ExtendedData>
        <Data name="id"><value>382</value></Data>
        <Data name="category"><value>benchmark</value></Data>
      </ExtendedData>
      <Polygon>
        <outerBoundaryIs>
          <LinearRing>
            <coordinates>77.91,12.915000000000001,0 77.91199999999999,12.915000000000001,0 77.91199999999999,12.917000000000002,0 77.91,12.917000000000002,0 77.91,12.915000000000001,0</coordinates>
          </LinearRing>
        </outerBoundaryIs>
      </Polygon>
    </Placemark>
    <Placemark>
      <name>Polygon_383</name>
      <ExtendedData>
        <Data name="id"><value>383</value></Data>
        <Data name="category"><value>benchmark</value></Data>
      </ExtendedData>
      <Polygon>
        <outerBoundaryIs>
          <LinearRing>
            <coordinates>77.915,12.915000000000001,0 77.917,12.915000000000001,0 77.917,12.917000000000002,0 77.915,12.917000000000002,0 77.915,12.915000000000001,0</coordinates>
          </LinearRing>
        </outerBoundaryIs>
      </Polygon>
    </Placemark>
    <Placemark>
      <name>Polygon_384</name>
      <ExtendedData>
        <Data name="id"><value>384</value></Data>
        <Data name="category"><value>benchmark</value></Data>
      </ExtendedData>
      <Polygon>
        <outerBoundaryIs>
          <LinearRing>
            <coordinates>77.92,12.915000000000001,0 77.922,12.915000000000001,0 77.922,12.917000000000002,0 77.92,12.917000000000002,0 77.92,12.915000000000001,0</coordinates>
          </LinearRing>
        </outerBoundaryIs>
      </Polygon>
    </Placemark>
    <Placemark>
      <name>Polygon_385</name>
      <ExtendedData>
        <Data name="id"><value>385</value></Data>
        <Data name="category"><value>benchmark</value></Data>
      </ExtendedData>
      <Polygon>
        <outerBoundaryIs>
          <LinearRing>
            <coordinates>77.925,12.915000000000001,0 77.92699999999999,12.915000000000001,0 77.92699999999999,12.917000000000002,0 77.925,12.917000000000002,0 77.925,12.915000000000001,0</coordinates>
          </LinearRing>
        </outerBoundaryIs>
      </Polygon>
    </Placemark>
    <Placemark>
      <name>Polygon_386</name>
      <ExtendedData>
        <Data name="id"><value>386</value></Data>
        <Data name="category"><value>benchmark</value></Data>
      </ExtendedData>
      <Polygon>
        <outerBoundaryIs>
          <LinearRing>
            <coordinates>77.93,12.915000000000001,0 77.932,12.915000000000001,0 77.932,12.917000000000002,0 77.93,12.917000000000002,0 77.93,12.915000000000001,0</coordinates>
          </LinearRing>
        </outerBoundaryIs>
      </Polygon>
    </Placemark>
    <Placemark>
      <name>Polygon_387</name>
      <ExtendedData>
        <Data name="id"><value>387</value></Data>
        <Data name="category"><value>benchmark</value></Data>
      </ExtendedData>
      <Polygon>
        <outerBoundaryIs>
          <LinearRing>
            <coordinates>77.935,12.915000000000001,0 77.937,12.915000000000001,0 77.937,12.917000000000002,0 77.935,12.917000000000002,0 77.935,12.915000000000001,0</coordinates>
          </LinearRing>
        </outerBoundaryIs>
      </Polygon>
    </Placemark>
    <Placemark>
      <name>Polygon_388</name>
      <ExtendedData>
        <Data name="id"><value>388</value></Data>
        <Data name="category"><value>benchmark</value></Data>
      </ExtendedData>
      <Polygon>
        <outerBoundaryIs>
          <LinearRing>
            <coordinates>77.94,12.915000000000001,0 77.942,12.915000000000001,0 77.942,12.917000000000002,0 77.94,12.917000000000002,0 77.94,12.915000000000001,0</coordinates>
          </LinearRing>
        </outerBoundaryIs>
      </Polygon>
    </Placemark>
    <Placemark>
      <name>Polygon_389</name>
      <ExtendedData>
        <Data name="id"><value>389</value></Data>
        <Data name="category"><value>benchmark</value></Data>
      </ExtendedData>
      <Polygon>
        <outerBoundaryIs>
          <LinearRing>
            <coordinates>77.945,12.915000000000001,0 77.94699999999999,12.915000000000001,0 77.94699999999999,12.917000000000002,0 77.945,12.917000000000002,0 77.945,12.915000000000001,0</coordinates>
          </LinearRing>
        </outerBoundaryIs>
      </Polygon>
    </Placemark>
    <Placemark>
      <name>Polygon_390</name>
      <ExtendedData>
        <Data name="id"><value>390</value></Data>
        <Data name="category"><value>benchmark</value></Data>
      </ExtendedData>
      <Polygon>
        <outerBoundaryIs>
          <LinearRing>
            <coordinates>77.95,12.915000000000001,0 77.952,12.915000000000001,0 77.952,12.917000000000002,0 77.95,12.917000000000002,0 77.95,12.915000000000001,0</coordinates>
          </LinearRing>
        </outerBoundaryIs>
      </Polygon>
    </Placemark>
    <Placemark>
      <name>Polygon_391</name>
      <ExtendedData>
        <Data name="id"><value>391</value></Data>
        <Data name="category"><value>benchmark</value></Data>
      </ExtendedData>
      <Polygon>
        <outerBoundaryIs>
          <LinearRing>
            <coordinates>77.955,12.915000000000001,0 77.957,12.915000000000001,0 77.957,12.917000000000002,0 77.955,12.917000000000002,0 77.955,12.915000000000001,0</coordinates>
          </LinearRing>
        </outerBoundaryIs>
      </Polygon>
    </Placemark>
    <Placemark>
      <name>Polygon_392</name>
      <ExtendedData>
        <Data name="id"><value>392</value></Data>
        <Data name="category"><value>benchmark</value></Data>
      </ExtendedData>
      <Polygon>
        <outerBoundaryIs>
          <LinearRing>
            <coordinates>77.96,12.915000000000001,0 77.96199999999999,12.915000000000001,0 77.96199999999999,12.917000000000002,0 77.96,12.917000000000002,0 77.96,12.915000000000001,0</coordinates>
          </LinearRing>
        </outerBoundaryIs>
      </Polygon>
    </Placemark>
    <Placemark>
      <name>Polygon_393</name>
      <ExtendedData>
        <Data name="id"><value>393</value></Data>
        <Data name="category"><value>benchmark</value></Data>
      </ExtendedData>
      <Polygon>
        <outerBoundaryIs>
          <LinearRing>
            <coordinates>77.965,12.915000000000001,0 77.967,12.915000000000001,0 77.967,12.917000000000002,0 77.965,12.917000000000002,0 77.965,12.915000000000001,0</coordinates>
          </LinearRing>
        </outerBoundaryIs>
      </Polygon>
    </Placemark>
    <Placemark>
      <name>Polygon_394</name>
      <ExtendedData>
        <Data name="id"><value>394</value></Data>
        <Data name="category"><value>benchmark</value></Data>
      </ExtendedData>
      <Polygon>
        <outerBoundaryIs>
          <LinearRing>
            <coordinates>77.97,12.915000000000001,0 77.972,12.915000000000001,0 77.972,12.917000000000002,0 77.97,12.917000000000002,0 77.97,12.915000000000001,0</coordinates>
          </LinearRing>
        </outerBoundaryIs>
      </Polygon>
    </Placemark>
    <Placemark>
      <name>Polygon_395</name>
      <ExtendedData>
        <Data name="id"><value>395</value></Data>
        <Data name="category"><value>benchmark</value></Data>
      </ExtendedData>
      <Polygon>
        <outerBoundaryIs>
          <LinearRing>
            <coordinates>77.975,12.915000000000001,0 77.97699999999999,12.915000000000001,0 77.97699999999999,12.917000000000002,0 77.975,12.917000000000002,0 77.975,12.915000000000001,0</coordinates>
          </LinearRing>
        </outerBoundaryIs>
      </Polygon>
    </Placemark>
    <Placemark>
      <name>Polygon_396</name>
      <ExtendedData>
        <Data name="id"><value>396</value></Data>
        <Data name="category"><value>benchmark</value></Data>
      </ExtendedData>
      <Polygon>
        <outerBoundaryIs>
          <LinearRing>
            <coordinates>77.98,12.915000000000001,0 77.982,12.915000000000001,0 77.982,12.917000000000002,0 77.98,12.917000000000002,0 77.98,12.915000000000001,0</coordinates>
          </LinearRing>
        </outerBoundaryIs>
      </Polygon>
    </Placemark>
    <Placemark>
      <name>Polygon_397</name>
      <ExtendedData>
        <Data name="id"><value>397</value></Data>
        <Data name="category"><value>benchmark</value></Data>
      </ExtendedData>
      <Polygon>
        <outerBoundaryIs>
          <LinearRing>
            <coordinates>77.985,12.915000000000001,0 77.987,12.915000000000001,0 77.987,12.917000000000002,0 77.985,12.917000000000002,0 77.985,12.915000000000001,0</coordinates>
          </LinearRing>
        </outerBoundaryIs>
      </Polygon>
    </Placemark>
    <Placemark>
      <name>Polygon_398</name>
      <ExtendedData>
        <Data name="id"><value>398</value></Data>
        <Data name="category"><value>benchmark</value></Data>
      </ExtendedData>
      <Polygon>
        <outerBoundaryIs>
          <LinearRing>
            <coordinates>77.99,12.915000000000001,0 77.99199999999999,12.915000000000001,0 77.99199999999999,12.917000000000002,0 77.99,12.917000000000002,0 77.99,12.915000000000001,0</coordinates>
          </LinearRing>
        </outerBoundaryIs>
      </Polygon>
    </Placemark>
    <Placemark>
      <name>Polygon_399</name>
      <ExtendedData>
        <Data name="id"><value>399</value></Data>
        <Data name="category"><value>benchmark</value></Data>
      </ExtendedData>
      <Polygon>
        <outerBoundaryIs>
          <LinearRing>
            <coordinates>77.995,12.915000000000001,0 77.997,12.915000000000001,0 77.997,12.917000000000002,0 77.995,12.917000000000002,0 77.995,12.915000000000001,0</coordinates>
          </LinearRing>
        </outerBoundaryIs>
      </Polygon>
    </Placemark>
    <Placemark>
      <name>Polygon_400</name>
      <ExtendedData>
        <Data name="id"><value>400</value></Data>
        <Data name="category"><value>benchmark</value></Data>
      </ExtendedData>
      <Polygon>
        <outerBoundaryIs>
          <LinearRing>
            <coordinates>77.5,12.92,0 77.502,12.92,0 77.502,12.922,0 77.5,12.922,0 77.5,12.92,0</coordinates>
          </LinearRing>
        </outerBoundaryIs>
      </Polygon>
    </Placemark>
    <Placemark>
      <name>Polygon_401</name>
      <ExtendedData>
        <Data name="id"><value>401</value></Data>
        <Data name="category"><value>benchmark</value></Data>
      </ExtendedData>
      <Polygon>
        <outerBoundaryIs>
          <LinearRing>
            <coordinates>77.505,12.92,0 77.50699999999999,12.92,0 77.50699999999999,12.922,0 77.505,12.922,0 77.505,12.92,0</coordinates>
          </LinearRing>
        </outerBoundaryIs>
      </Polygon>
    </Placemark>
    <Placemark>
      <name>Polygon_402</name>
      <ExtendedData>
        <Data name="id"><value>402</value></Data>
        <Data name="category"><value>benchmark</value></Data>
      </ExtendedData>
      <Polygon>
        <outerBoundaryIs>
          <LinearRing>
            <coordinates>77.51,12.92,0 77.512,12.92,0 77.512,12.922,0 77.51,12.922,0 77.51,12.92,0</coordinates>
          </LinearRing>
        </outerBoundaryIs>
      </Polygon>
    </Placemark>
    <Placemark>
      <name>Polygon_403</name>
      <ExtendedData>
        <Data name="id"><value>403</value></Data>
        <Data name="category"><value>benchmark</value></Data>
      </ExtendedData>
      <Polygon>
        <outerBoundaryIs>
          <LinearRing>
            <coordinates>77.515,12.92,0 77.517,12.92,0 77.517,12.922,0 77.515,12.922,0 77.515,12.92,0</coordinates>
          </LinearRing>
        </outerBoundaryIs>
      </Polygon>
    </Placemark>
    <Placemark>
      <name>Polygon_404</name>
      <ExtendedData>
        <Data name="id"><value>404</value></Data>
        <Data name="category"><value>benchmark</value></Data>
      </ExtendedData>
      <Polygon>
        <outerBoundaryIs>
          <LinearRing>
            <coordinates>77.52,12.92,0 77.52199999999999,12.92,0 77.52199999999999,12.922,0 77.52,12.922,0 77.52,12.92,0</coordinates>
          </LinearRing>
        </outerBoundaryIs>
      </Polygon>
    </Placemark>
    <Placemark>
      <name>Polygon_405</name>
      <ExtendedData>
        <Data name="id"><value>405</value></Data>
        <Data name="category"><value>benchmark</value></Data>
      </ExtendedData>
      <Polygon>
        <outerBoundaryIs>
          <LinearRing>
            <coordinates>77.525,12.92,0 77.527,12.92,0 77.527,12.922,0 77.525,12.922,0 77.525,12.92,0</coordinates>
          </LinearRing>
        </outerBoundaryIs>
      </Polygon>
    </Placemark>
    <Placemark>
      <name>Polygon_406</name>
      <ExtendedData>
        <Data name="id"><value>406</value></Data>
        <Data name="category"><value>benchmark</value></Data>
      </ExtendedData>
      <Polygon>
        <outerBoundaryIs>
          <LinearRing>
            <coordinates>77.53,12.92,0 77.532,12.92,0 77.532,12.922,0 77.53,12.922,0 77.53,12.92,0</coordinates>
          </LinearRing>
        </outerBoundaryIs>
      </Polygon>
    </Placemark>
    <Placemark>
      <name>Polygon_407</name>
      <ExtendedData>
        <Data name="id"><value>407</value></Data>
        <Data name="category"><value>benchmark</value></Data>
      </ExtendedData>
      <Polygon>
        <outerBoundaryIs>
          <LinearRing>
            <coordinates>77.535,12.92,0 77.53699999999999,12.92,0 77.53699999999999,12.922,0 77.535,12.922,0 77.535,12.92,0</coordinates>
          </LinearRing>
        </outerBoundaryIs>
      </Polygon>
    </Placemark>
    <Placemark>
      <name>Polygon_408</name>
      <ExtendedData>
        <Data name="id"><value>408</value></Data>
        <Data name="category"><value>benchmark</value></Data>
      </ExtendedData>
      <Polygon>
        <outerBoundaryIs>
          <LinearRing>
            <coordinates>77.54,12.92,0 77.542,12.92,0 77.542,12.922,0 77.54,12.922,0 77.54,12.92,0</coordinates>
          </LinearRing>
        </outerBoundaryIs>
      </Polygon>
    </Placemark>
    <Placemark>
      <name>Polygon_409</name>
      <ExtendedData>
        <Data name="id"><value>409</value></Data>
        <Data name="category"><value>benchmark</value></Data>
      </ExtendedData>
      <Polygon>
        <outerBoundaryIs>
          <LinearRing>
            <coordinates>77.545,12.92,0 77.547,12.92,0 77.547,12.922,0 77.545,12.922,0 77.545,12.92,0</coordinates>
          </LinearRing>
        </outerBoundaryIs>
      </Polygon>
    </Placemark>
    <Placemark>
      <name>Polygon_410</name>
      <ExtendedData>
        <Data name="id"><value>410</value></Data>
        <Data name="category"><value>benchmark</value></Data>
      </ExtendedData>
      <Polygon>
        <outerBoundaryIs>
          <LinearRing>
            <coordinates>77.55,12.92,0 77.55199999999999,12.92,0 77.55199999999999,12.922,0 77.55,12.922,0 77.55,12.92,0</coordinates>
          </LinearRing>
        </outerBoundaryIs>
      </Polygon>
    </Placemark>
    <Placemark>
      <name>Polygon_411</name>
      <ExtendedData>
        <Data name="id"><value>411</value></Data>
        <Data name="category"><value>benchmark</value></Data>
      </ExtendedData>
      <Polygon>
        <outerBoundaryIs>
          <LinearRing>
            <coordinates>77.555,12.92,0 77.557,12.92,0 77.557,12.922,0 77.555,12.922,0 77.555,12.92,0</coordinates>
          </LinearRing>
        </outerBoundaryIs>
      </Polygon>
    </Placemark>
    <Placemark>
      <name>Polygon_412</name>
      <ExtendedData>
        <Data name="id"><value>412</value></Data>
        <Data name="category"><value>benchmark</value></Data>
      </ExtendedData>
      <Polygon>
        <outerBoundaryIs>
          <LinearRing>
            <coordinates>77.56,12.92,0 77.562,12.92,0 77.562,12.922,0 77.56,12.922,0 77.56,12.92,0</coordinates>
          </LinearRing>
        </outerBoundaryIs>
      </Polygon>
    </Placemark>
    <Placemark>
      <name>Polygon_413</name>
      <ExtendedData>
        <Data name="id"><value>413</value></Data>
        <Data name="category"><value>benchmark</value></Data>
      </ExtendedData>
      <Polygon>
        <outerBoundaryIs>
          <LinearRing>
            <coordinates>77.565,12.92,0 77.567,12.92,0 77.567,12.922,0 77.565,12.922,0 77.565,12.92,0</coordinates>
          </LinearRing>
        </outerBoundaryIs>
      </Polygon>
    </Placemark>
    <Placemark>
      <name>Polygon_414</name>
      <ExtendedData>
        <Data name="id"><value>414</value></Data>
        <Data name="category"><value>benchmark</value></Data>
      </ExtendedData>
      <Polygon>
        <outerBoundaryIs>
          <LinearRing>
            <coordinates>77.57,12.92,0 77.57199999999999,12.92,0 77.57199999999999,12.922,0 77.57,12.922,0 77.57,12.92,0</coordinates>
          </LinearRing>
        </outerBoundaryIs>
      </Polygon>
    </Placemark>
    <Placemark>
      <name>Polygon_415</name>
      <ExtendedData>
        <Data name="id"><value>415</value></Data>
        <Data name="category"><value>benchmark</value></Data>
      </ExtendedData>
      <Polygon>
        <outerBoundaryIs>
          <LinearRing>
            <coordinates>77.575,12.92,0 77.577,12.92,0 77.577,12.922,0 77.575,12.922,0 77.575,12.92,0</coordinates>
          </LinearRing>
        </outerBoundaryIs>
      </Polygon>
    </Placemark>
    <Placemark>
      <name>Polygon_416</name>
      <ExtendedData>
        <Data name="id"><value>416</value></Data>
        <Data name="category"><value>benchmark</value></Data>
      </ExtendedData>
      <Polygon>
        <outerBoundaryIs>
          <LinearRing>
            <coordinates>77.58,12.92,0 77.582,12.92,0 77.582,12.922,0 77.58,12.922,0 77.58,12.92,0</coordinates>
          </LinearRing>
        </outerBoundaryIs>
      </Polygon>
    </Placemark>
    <Placemark>
      <name>Polygon_417</name>
      <ExtendedData>
        <Data name="id"><value>417</value></Data>
        <Data name="category"><value>benchmark</value></Data>
      </ExtendedData>
      <Polygon>
        <outerBoundaryIs>
          <LinearRing>
            <coordinates>77.585,12.92,0 77.58699999999999,12.92,0 77.58699999999999,12.922,0 77.585,12.922,0 77.585,12.92,0</coordinates>
          </LinearRing>
        </outerBoundaryIs>
      </Polygon>
    </Placemark>
    <Placemark>
      <name>Polygon_418</name>
      <ExtendedData>
        <Data name="id"><value>418</value></Data>
        <Data name="category"><value>benchmark</value></Data>
      </ExtendedData>
      <Polygon>
        <outerBoundaryIs>
          <LinearRing>
            <coordinates>77.59,12.92,0 77.592,12.92,0 77.592,12.922,0 77.59,12.922,0 77.59,12.92,0</coordinates>
          </LinearRing>
        </outerBoundaryIs>
      </Polygon>
    </Placemark>
    <Placemark>
      <name>Polygon_419</name>
      <ExtendedData>
        <Data name="id"><value>419</value></Data>
        <Data name="category"><value>benchmark</value></Data>
      </ExtendedData>
      <Polygon>
        <outerBoundaryIs>
          <LinearRing>
            <coordinates>77.595,12.92,0 77.597,12.92,0 77.597,12.922,0 77.595,12.922,0 77.595,12.92,0</coordinates>
          </LinearRing>
        </outerBoundaryIs>
      </Polygon>
    </Placemark>
    <Placemark>
      <name>Polygon_420</name>
      <ExtendedData>
        <Data name="id"><value>420</value></Data>
        <Data name="category"><value>benchmark</value></Data>
      </ExtendedData>
      <Polygon>
        <outerBoundaryIs>
          <LinearRing>
            <coordinates>77.6,12.92,0 77.60199999999999,12.92,0 77.60199999999999,12.922,0 77.6,12.922,0 77.6,12.92,0</coordinates>
          </LinearRing>
        </outerBoundaryIs>
      </Polygon>
    </Placemark>
    <Placemark>
      <name>Polygon_421</name>
      <ExtendedData>
        <Data name="id"><value>421</value></Data>
        <Data name="category"><value>benchmark</value></Data>
      </ExtendedData>
      <Polygon>
        <outerBoundaryIs>
          <LinearRing>
            <coordinates>77.605,12.92,0 77.607,12.92,0 77.607,12.922,0 77.605,12.922,0 77.605,12.92,0</coordinates>
          </LinearRing>
        </outerBoundaryIs>
      </Polygon>
    </Placemark>
    <Placemark>
      <name>Polygon_422</name>
      <ExtendedData>
        <Data name="id"><value>422</value></Data>
        <Data name="category"><value>benchmark</value></Data>
      </ExtendedData>
      <Polygon>
        <outerBoundaryIs>
          <LinearRing>
            <coordinates>77.61,12.92,0 77.612,12.92,0 77.612,12.922,0 77.61,12.922,0 77.61,12.92,0</coordinates>
          </LinearRing>
        </outerBoundaryIs>
      </Polygon>
    </Placemark>
    <Placemark>
      <name>Polygon_423</name>
      <ExtendedData>
        <Data name="id"><value>423</value></Data>
        <Data name="category"><value>benchmark</value></Data>
      </ExtendedData>
      <Polygon>
        <outerBoundaryIs>
          <LinearRing>
            <coordinates>77.615,12.92,0 77.61699999999999,12.92,0 77.61699999999999,12.922,0 77.615,12.922,0 77.615,12.92,0</coordinates>
          </LinearRing>
        </outerBoundaryIs>
      </Polygon>
    </Placemark>
    <Placemark>
      <name>Polygon_424</name>
      <ExtendedData>
        <Data name="id"><value>424</value></Data>
        <Data name="category"><value>benchmark</value></Data>
      </ExtendedData>
      <Polygon>
        <outerBoundaryIs>
          <LinearRing>
            <coordinates>77.62,12.92,0 77.622,12.92,0 77.622,12.922,0 77.62,12.922,0 77.62,12.92,0</coordinates>
          </LinearRing>
        </outerBoundaryIs>
      </Polygon>
    </Placemark>
    <Placemark>
      <name>Polygon_425</name>
      <ExtendedData>
        <Data name="id"><value>425</value></Data>
        <Data name="category"><value>benchmark</value></Data>
      </ExtendedData>
      <Polygon>
        <outerBoundaryIs>
          <LinearRing>
            <coordinates>77.625,12.92,0 77.627,12.92,0 77.627,12.922,0 77.625,12.922,0 77.625,12.92,0</coordinates>
          </LinearRing>
        </outerBoundaryIs>
      </Polygon>
    </Placemark>
    <Placemark>
      <name>Polygon_426</name>
      <ExtendedData>
        <Data name="id"><value>426</value></Data>
        <Data name="category"><value>benchmark</value></Data>
      </ExtendedData>
      <Polygon>
        <outerBoundaryIs>
          <LinearRing>
            <coordinates>77.63,12.92,0 77.63199999999999,12.92,0 77.63199999999999,12.922,0 77.63,12.922,0 77.63,12.92,0</coordinates>
          </LinearRing>
        </outerBoundaryIs>
      </Polygon>
    </Placemark>
    <Placemark>
      <name>Polygon_427</name>
      <ExtendedData>
        <Data name="id"><value>427</value></Data>
        <Data name="category"><value>benchmark</value></Data>
      </ExtendedData>
      <Polygon>
        <outerBoundaryIs>
          <LinearRing>
            <coordinates>77.635,12.92,0 77.637,12.92,0 77.637,12.922,0 77.635,12.922,0 77.635,12.92,0</coordinates>
          </LinearRing>
        </outerBoundaryIs>
      </Polygon>
    </Placemark>
    <Placemark>
      <name>Polygon_428</name>
      <ExtendedData>
        <Data name="id"><value>428</value></Data>
        <Data name="category"><value>benchmark</value></Data>
      </ExtendedData>
      <Polygon>
        <outerBoundaryIs>
          <LinearRing>
            <coordinates>77.64,12.92,0 77.642,12.92,0 77.642,12.922,0 77.64,12.922,0 77.64,12.92,0</coordinates>
          </LinearRing>
        </outerBoundaryIs>
      </Polygon>
    </Placemark>
    <Placemark>
      <name>Polygon_429</name>
      <ExtendedData>
        <Data name="id"><value>429</value></Data>
        <Data name="category"><value>benchmark</value></Data>
      </ExtendedData>
      <Polygon>
        <outerBoundaryIs>
          <LinearRing>
            <coordinates>77.645,12.92,0 77.64699999999999,12.92,0 77.64699999999999,12.922,0 77.645,12.922,0 77.645,12.92,0</coordinates>
          </LinearRing>
        </outerBoundaryIs>
      </Polygon>
    </Placemark>
    <Placemark>
      <name>Polygon_430</name>
      <ExtendedData>
        <Data name="id"><value>430</value></Data>
        <Data name="category"><value>benchmark</value></Data>
      </ExtendedData>
      <Polygon>
        <outerBoundaryIs>
          <LinearRing>
            <coordinates>77.65,12.92,0 77.652,12.92,0 77.652,12.922,0 77.65,12.922,0 77.65,12.92,0</coordinates>
          </LinearRing>
        </outerBoundaryIs>
      </Polygon>
    </Placemark>
    <Placemark>
      <name>Polygon_431</name>
      <ExtendedData>
        <Data name="id"><value>431</value></Data>
        <Data name="category"><value>benchmark</value></Data>
      </ExtendedData>
      <Polygon>
        <outerBoundaryIs>
          <LinearRing>
            <coordinates>77.655,12.92,0 77.657,12.92,0 77.657,12.922,0 77.655,12.922,0 77.655,12.92,0</coordinates>
          </LinearRing>
        </outerBoundaryIs>
      </Polygon>
    </Placemark>
    <Placemark>
      <name>Polygon_432</name>
      <ExtendedData>
        <Data name="id"><value>432</value></Data>
        <Data name="category"><value>benchmark</value></Data>
      </ExtendedData>
      <Polygon>
        <outerBoundaryIs>
          <LinearRing>
            <coordinates>77.66,12.92,0 77.66199999999999,12.92,0 77.66199999999999,12.922,0 77.66,12.922,0 77.66,12.92,0</coordinates>
          </LinearRing>
        </outerBoundaryIs>
      </Polygon>
    </Placemark>
    <Placemark>
      <name>Polygon_433</name>
      <ExtendedData>
        <Data name="id"><value>433</value></Data>
        <Data name="category"><value>benchmark</value></Data>
      </ExtendedData>
      <Polygon>
        <outerBoundaryIs>
          <LinearRing>
            <coordinates>77.665,12.92,0 77.667,12.92,0 77.667,12.922,0 77.665,12.922,0 77.665,12.92,0</coordinates>
          </LinearRing>
        </outerBoundaryIs>
      </Polygon>
    </Placemark>
    <Placemark>
      <name>Polygon_434</name>
      <ExtendedData>
        <Data name="id"><value>434</value></Data>
        <Data name="category"><value>benchmark</value></Data>
      </ExtendedData>
      <Polygon>
        <outerBoundaryIs>
          <LinearRing>
            <coordinates>77.67,12.92,0 77.672,12.92,0 77.672,12.922,0 77.67,12.922,0 77.67,12.92,0</coordinates>
          </LinearRing>
        </outerBoundaryIs>
      </Polygon>
    </Placemark>
    <Placemark>
      <name>Polygon_435</name>
      <ExtendedData>
        <Data name="id"><value>435</value></Data>
        <Data name="category"><value>benchmark</value></Data>
      </ExtendedData>
      <Polygon>
        <outerBoundaryIs>
          <LinearRing>
            <coordinates>77.675,12.92,0 77.67699999999999,12.92,0 77.67699999999999,12.922,0 77.675,12.922,0 77.675,12.92,0</coordinates>
          </LinearRing>
        </outerBoundaryIs>
      </Polygon>
    </Placemark>
    <Placemark>
      <name>Polygon_436</name>
      <ExtendedData>
        <Data name="id"><value>436</value></Data>
        <Data name="category"><value>benchmark</value></Data>
      </ExtendedData>
      <Polygon>
        <outerBoundaryIs>
          <LinearRing>
            <coordinates>77.68,12.92,0 77.682,12.92,0 77.682,12.922,0 77.68,12.922,0 77.68,12.92,0</coordinates>
          </LinearRing>
        </outerBoundaryIs>
      </Polygon>
    </Placemark>
    <Placemark>
      <name>Polygon_437</name>
      <ExtendedData>
        <Data name="id"><value>437</value></Data>
        <Data name="category"><value>benchmark</value></Data>
      </ExtendedData>
      <Polygon>
        <outerBoundaryIs>
          <LinearRing>
            <coordinates>77.685,12.92,0 77.687,12.92,0 77.687,12.922,0 77.685,12.922,0 77.685,12.92,0</coordinates>
          </LinearRing>
        </outerBoundaryIs>
      </Polygon>
    </Placemark>
    <Placemark>
      <name>Polygon_438</name>
      <ExtendedData>
        <Data name="id"><value>438</value></Data>
        <Data name="category"><value>benchmark</value></Data>
      </ExtendedData>
      <Polygon>
        <outerBoundaryIs>
          <LinearRing>
            <coordinates>77.69,12.92,0 77.692,12.92,0 77.692,12.922,0 77.69,12.922,0 77.69,12.92,0</coordinates>
          </LinearRing>
        </outerBoundaryIs>
      </Polygon>
    </Placemark>
    <Placemark>
      <name>Polygon_439</name>
      <ExtendedData>
        <Data name="id"><value>439</value></Data>
        <Data name="category"><value>benchmark</value></Data>
      </ExtendedData>
      <Polygon>
        <outerBoundaryIs>
          <LinearRing>
            <coordinates>77.695,12.92,0 77.69699999999999,12.92,0 77.69699999999999,12.922,0 77.695,12.922,0 77.695,12.92,0</coordinates>
          </LinearRing>
        </outerBoundaryIs>
      </Polygon>
    </Placemark>
    <Placemark>
      <name>Polygon_440</name>
      <ExtendedData>
        <Data name="id"><value>440</value></Data>
        <Data name="category"><value>benchmark</value></Data>
      </ExtendedData>
      <Polygon>
        <outerBoundaryIs>
          <LinearRing>
            <coordinates>77.7,12.92,0 77.702,12.92,0 77.702,12.922,0 77.7,12.922,0 77.7,12.92,0</coordinates>
          </LinearRing>
        </outerBoundaryIs>
      </Polygon>
    </Placemark>
    <Placemark>
      <name>Polygon_441</name>
      <ExtendedData>
        <Data name="id"><value>441</value></Data>
        <Data name="category"><value>benchmark</value></Data>
      </ExtendedData>
      <Polygon>
        <outerBoundaryIs>
          <LinearRing>
            <coordinates>77.705,12.92,0 77.707,12.92,0 77.707,12.922,0 77.705,12.922,0 77.705,12.92,0</coordinates>
          </LinearRing>
        </outerBoundaryIs>
      </Polygon>
    </Placemark>
    <Placemark>
      <name>Polygon_442</name>
      <ExtendedData>
        <Data name="id"><value>442</value></Data>
        <Data name="category"><value>benchmark</value></Data>
      </ExtendedData>
      <Polygon>
        <outerBoundaryIs>
          <LinearRing>
            <coordinates>77.71,12.92,0 77.71199999999999,12.92,0 77.71199999999999,12.922,0 77.71,12.922,0 77.71,12.92,0</coordinates>
          </LinearRing>
        </outerBoundaryIs>
      </Polygon>
    </Placemark>
    <Placemark>
      <name>Polygon_443</name>
      <ExtendedData>
        <Data name="id"><value>443</value></Data>
        <Data name="category"><value>benchmark</value></Data>
      </ExtendedData>
      <Polygon>
        <outerBoundaryIs>
          <LinearRing>
            <coordinates>77.715,12.92,0 77.717,12.92,0 77.717,12.922,0 77.715,12.922,0 77.715,12.92,0</coordinates>
          </LinearRing>
        </outerBoundaryIs>
      </Polygon>
    </Placemark>
    <Placemark>
      <name>Polygon_444</name>
      <ExtendedData>
        <Data name="id"><value>444</value></Data>
        <Data name="category"><value>benchmark</value></Data>
      </ExtendedData>
      <Polygon>
        <outerBoundaryIs>
          <LinearRing>
            <coordinates>77.72,12.92,0 77.722,12.92,0 77.722,12.922,0 77.72,12.922,0 77.72,12.92,0</coordinates>
          </LinearRing>
        </outerBoundaryIs>
      </Polygon>
    </Placemark>
    <Placemark>
      <name>Polygon_445</name>
      <ExtendedData>
        <Data name="id"><value>445</value></Data>
        <Data name="category"><value>benchmark</value></Data>
      </ExtendedData>
      <Polygon>
        <outerBoundaryIs>
          <LinearRing>
            <coordinates>77.725,12.92,0 77.72699999999999,12.92,0 77.72699999999999,12.922,0 77.725,12.922,0 77.725,12.92,0</coordinates>
          </LinearRing>
        </outerBoundaryIs>
      </Polygon>
    </Placemark>
    <Placemark>
      <name>Polygon_446</name>
      <ExtendedData>
        <Data name="id"><value>446</value></Data>
        <Data name="category"><value>benchmark</value></Data>
      </ExtendedData>
      <Polygon>
        <outerBoundaryIs>
          <LinearRing>
            <coordinates>77.73,12.92,0 77.732,12.92,0 77.732,12.922,0 77.73,12.922,0 77.73,12.92,0</coordinates>
          </LinearRing>
        </outerBoundaryIs>
      </Polygon>
    </Placemark>
    <Placemark>
      <name>Polygon_447</name>
      <ExtendedData>
        <Data name="id"><value>447</value></Data>
        <Data name="category"><value>benchmark</value></Data>
      </ExtendedData>
      <Polygon>
        <outerBoundaryIs>
          <LinearRing>
            <coordinates>77.735,12.92,0 77.737,12.92,0 77.737,12.922,0 77.735,12.922,0 77.735,12.92,0</coordinates>
          </LinearRing>
        </outerBoundaryIs>
      </Polygon>
    </Placemark>
    <Placemark>
      <name>Polygon_448</name>
      <ExtendedData>
        <Data name="id"><value>448</value></Data>
        <Data name="category"><value>benchmark</value></Data>
      </ExtendedData>
      <Polygon>
        <outerBoundaryIs>
          <LinearRing>
            <coordinates>77.74,12.92,0 77.74199999999999,12.92,0 77.74199999999999,12.922,0 77.74,12.922,0 77.74,12.92,0</coordinates>
          </LinearRing>
        </outerBoundaryIs>
      </Polygon>
    </Placemark>
    <Placemark>
      <name>Polygon_449</name>
      <ExtendedData>
        <Data name="id"><value>449</value></Data>
        <Data name="category"><value>benchmark</value></Data>
      </ExtendedData>
      <Polygon>
        <outerBoundaryIs>
          <LinearRing>
            <coordinates>77.745,12.92,0 77.747,12.92,0 77.747,12.922,0 77.745,12.922,0 77.745,12.92,0</coordinates>
          </LinearRing>
        </outerBoundaryIs>
      </Polygon>
    </Placemark>
    <Placemark>
      <name>Polygon_450</name>
      <ExtendedData>
        <Data name="id"><value>450</value></Data>
        <Data name="category"><value>benchmark</value></Data>
      </ExtendedData>
      <Polygon>
        <outerBoundaryIs>
          <LinearRing>
            <coordinates>77.75,12.92,0 77.752,12.92,0 77.752,12.922,0 77.75,12.922,0 77.75,12.92,0</coordinates>
          </LinearRing>
        </outerBoundaryIs>
      </Polygon>
    </Placemark>
    <Placemark>
      <name>Polygon_451</name>
      <ExtendedData>
        <Data name="id"><value>451</value></Data>
        <Data name="category"><value>benchmark</value></Data>
      </ExtendedData>
      <Polygon>
        <outerBoundaryIs>
          <LinearRing>
            <coordinates>77.755,12.92,0 77.75699999999999,12.92,0 77.75699999999999,12.922,0 77.755,12.922,0 77.755,12.92,0</coordinates>
          </LinearRing>
        </outerBoundaryIs>
      </Polygon>
    </Placemark>
    <Placemark>
      <name>Polygon_452</name>
      <ExtendedData>
        <Data name="id"><value>452</value></Data>
        <Data name="category"><value>benchmark</value></Data>
      </ExtendedData>
      <Polygon>
        <outerBoundaryIs>
          <LinearRing>
            <coordinates>77.76,12.92,0 77.762,12.92,0 77.762,12.922,0 77.76,12.922,0 77.76,12.92,0</coordinates>
          </LinearRing>
        </outerBoundaryIs>
      </Polygon>
    </Placemark>
    <Placemark>
      <name>Polygon_453</name>
      <ExtendedData>
        <Data name="id"><value>453</value></Data>
        <Data name="category"><value>benchmark</value></Data>
      </ExtendedData>
      <Polygon>
        <outerBoundaryIs>
          <LinearRing>
            <coordinates>77.765,12.92,0 77.767,12.92,0 77.767,12.922,0 77.765,12.922,0 77.765,12.92,0</coordinates>
          </LinearRing>
        </outerBoundaryIs>
      </Polygon>
    </Placemark>
    <Placemark>
      <name>Polygon_454</name>
      <ExtendedData>
        <Data name="id"><value>454</value></Data>
        <Data name="category"><value>benchmark</value></Data>
      </ExtendedData>
      <Polygon>
        <outerBoundaryIs>
          <LinearRing>
            <coordinates>77.77,12.92,0 77.77199999999999,12.92,0 77.77199999999999,12.922,0 77.77,12.922,0 77.77,12.92,0</coordinates>
          </LinearRing>
        </outerBoundaryIs>
      </Polygon>
    </Placemark>
    <Placemark>
      <name>Polygon_455</name>
      <ExtendedData>
        <Data name="id"><value>455</value></Data>
        <Data name="category"><value>benchmark</value></Data>
      </ExtendedData>
      <Polygon>
        <outerBoundaryIs>
          <LinearRing>
            <coordinates>77.775,12.92,0 77.777,12.92,0 77.777,12.922,0 77.775,12.922,0 77.775,12.92,0</coordinates>
          </LinearRing>
        </outerBoundaryIs>
      </Polygon>
    </Placemark>
    <Placemark>
      <name>Polygon_456</name>
      <ExtendedData>
        <Data name="id"><value>456</value></Data>
        <Data name="category"><value>benchmark</value></Data>
      </ExtendedData>
      <Polygon>
        <outerBoundaryIs>
          <LinearRing>
            <coordinates>77.78,12.92,0 77.782,12.92,0 77.782,12.922,0 77.78,12.922,0 77.78,12.92,0</coordinates>
          </LinearRing>
        </outerBoundaryIs>
      </Polygon>
    </Placemark>
    <Placemark>
      <name>Polygon_457</name>
      <ExtendedData>
        <Data name="id"><value>457</value></Data>
        <Data name="category"><value>benchmark</value></Data>
      </ExtendedData>
      <Polygon>
        <outerBoundaryIs>
          <LinearRing>
            <coordinates>77.785,12.92,0 77.78699999999999,12.92,0 77.78699999999999,12.922,0 77.785,12.922,0 77.785,12.92,0</coordinates>
          </LinearRing>
        </outerBoundaryIs>
      </Polygon>
    </Placemark>
    <Placemark>
      <name>Polygon_458</name>
      <ExtendedData>
        <Data name="id"><value>458</value></Data>
        <Data name="category"><value>benchmark</value></Data>
      </ExtendedData>
      <Polygon>
        <outerBoundaryIs>
          <LinearRing>
            <coordinates>77.79,12.92,0 77.792,12.92,0 77.792,12.922,0 77.79,12.922,0 77.79,12.92,0</coordinates>
          </LinearRing>
        </outerBoundaryIs>
      </Polygon>
    </Placemark>
    <Placemark>
      <name>Polygon_459</name>
      <ExtendedData>
        <Data name="id"><value>459</value></Data>
        <Data name="category"><value>benchmark</value></Data>
      </ExtendedData>
      <Polygon>
        <outerBoundaryIs>
          <LinearRing>
            <coordinates>77.795,12.92,0 77.797,12.92,0 77.797,12.922,0 77.795,12.922,0 77.795,12.92,0</coordinates>
          </LinearRing>
        </outerBoundaryIs>
      </Polygon>
    </Placemark>
    <Placemark>
      <name>Polygon_460</name>
      <ExtendedData>
        <Data name="id"><value>460</value></Data>
        <Data name="category"><value>benchmark</value></Data>
      </ExtendedData>
      <Polygon>
        <outerBoundaryIs>
          <LinearRing>
            <coordinates>77.8,12.92,0 77.80199999999999,12.92,0 77.80199999999999,12.922,0 77.8,12.922,0 77.8,12.92,0</coordinates>
          </LinearRing>
        </outerBoundaryIs>
      </Polygon>
    </Placemark>
    <Placemark>
      <name>Polygon_461</name>
      <ExtendedData>
        <Data name="id"><value>461</value></Data>
        <Data name="category"><value>benchmark</value></Data>
      </ExtendedData>
      <Polygon>
        <outerBoundaryIs>
          <LinearRing>
            <coordinates>77.805,12.92,0 77.807,12.92,0 77.807,12.922,0 77.805,12.922,0 77.805,12.92,0</coordinates>
          </LinearRing>
        </outerBoundaryIs>
      </Polygon>
    </Placemark>
    <Placemark>
      <name>Polygon_462</name>
      <ExtendedData>
        <Data name="id"><value>462</value></Data>
        <Data name="category"><value>benchmark</value></Data>
      </ExtendedData>
      <Polygon>
        <outerBoundaryIs>
          <LinearRing>
            <coordinates>77.81,12.92,0 77.812,12.92,0 77.812,12.922,0 77.81,12.922,0 77.81,12.92,0</coordinates>
          </LinearRing>
        </outerBoundaryIs>
      </Polygon>
    </Placemark>
    <Placemark>
      <name>Polygon_463</name>
      <ExtendedData>
        <Data name="id"><value>463</value></Data>
        <Data name="category"><value>benchmark</value></Data>
      </ExtendedData>
      <Polygon>
        <outerBoundaryIs>
          <LinearRing>
            <coordinates>77.815,12.92,0 77.817,12.92,0 77.817,12.922,0 77.815,12.922,0 77.815,12.92,0</coordinates>
          </LinearRing>
        </outerBoundaryIs>
      </Polygon>
    </Placemark>
    <Placemark>
      <name>Polygon_464</name>
      <ExtendedData>
        <Data name="id"><value>464</value></Data>
        <Data name="category"><value>benchmark</value></Data>
      </ExtendedData>
      <Polygon>
        <outerBoundaryIs>
          <LinearRing>
            <coordinates>77.82,12.92,0 77.82199999999999,12.92,0 77.82199999999999,12.922,0 77.82,12.922,0 77.82,12.92,0</coordinates>
          </LinearRing>
        </outerBoundaryIs>
      </Polygon>
    </Placemark>
    <Placemark>
      <name>Polygon_465</name>
      <ExtendedData>
        <Data name="id"><value>465</value></Data>
        <Data name="category"><value>benchmark</value></Data>
      </ExtendedData>
      <Polygon>
        <outerBoundaryIs>
          <LinearRing>
            <coordinates>77.825,12.92,0 77.827,12.92,0 77.827,12.922,0 77.825,12.922,0 77.825,12.92,0</coordinates>
          </LinearRing>
        </outerBoundaryIs>
      </Polygon>
    </Placemark>
    <Placemark>
      <name>Polygon_466</name>
      <ExtendedData>
        <Data name="id"><value>466</value></Data>
        <Data name="category"><value>benchmark</value></Data>
      </ExtendedData>
      <Polygon>
        <outerBoundaryIs>
          <LinearRing>
            <coordinates>77.83,12.92,0 77.832,12.92,0 77.832,12.922,0 77.83,12.922,0 77.83,12.92,0</coordinates>
          </LinearRing>
        </outerBoundaryIs>
      </Polygon>
    </Placemark>
    <Placemark>
      <name>Polygon_467</name>
      <ExtendedData>
        <Data name="id"><value>467</value></Data>
        <Data name="category"><value>benchmark</value></Data>
      </ExtendedData>
      <Polygon>
        <outerBoundaryIs>
          <LinearRing>
            <coordinates>77.835,12.92,0 77.83699999999999,12.92,0 77.83699999999999,12.922,0 77.835,12.922,0 77.835,12.92,0</coordinates>
          </LinearRing>
        </outerBoundaryIs>
      </Polygon>
    </Placemark>
    <Placemark>
      <name>Polygon_468</name>
      <ExtendedData>
        <Data name="id"><value>468</value></Data>
        <Data name="category"><value>benchmark</value></Data>
      </ExtendedData>
      <Polygon>
        <outerBoundaryIs>
          <LinearRing>
            <coordinates>77.84,12.92,0 77.842,12.92,0 77.842,12.922,0 77.84,12.922,0 77.84,12.92,0</coordinates>
          </LinearRing>
        </outerBoundaryIs>
      </Polygon>
    </Placemark>
    <Placemark>
      <name>Polygon_469</name>
      <ExtendedData>
        <Data name="id"><value>469</value></Data>
        <Data name="category"><value>benchmark</value></Data>
      </ExtendedData>
      <Polygon>
        <outerBoundaryIs>
          <LinearRing>
            <coordinates>77.845,12.92,0 77.847,12.92,0 77.847,12.922,0 77.845,12.922,0 77.845,12.92,0</coordinates>
          </LinearRing>
        </outerBoundaryIs>
      </Polygon>
    </Placemark>
    <Placemark>
      <name>Polygon_470</name>
      <ExtendedData>
        <Data name="id"><value>470</value></Data>
        <Data name="category"><value>benchmark</value></Data>
      </ExtendedData>
      <Polygon>
        <outerBoundaryIs>
          <LinearRing>
            <coordinates>77.85,12.92,0 77.85199999999999,12.92,0 77.85199999999999,12.922,0 77.85,12.922,0 77.85,12.92,0</coordinates>
          </LinearRing>
        </outerBoundaryIs>
      </Polygon>
    </Placemark>
    <Placemark>
      <name>Polygon_471</name>
      <ExtendedData>
        <Data name="id"><value>471</value></Data>
        <Data name="category"><value>benchmark</value></Data>
      </ExtendedData>
      <Polygon>
        <outerBoundaryIs>
          <LinearRing>
            <coordinates>77.855,12.92,0 77.857,12.92,0 77.857,12.922,0 77.855,12.922,0 77.855,12.92,0</coordinates>
          </LinearRing>
        </outerBoundaryIs>
      </Polygon>
    </Placemark>
    <Placemark>
      <name>Polygon_472</name>
      <ExtendedData>
        <Data name="id"><value>472</value></Data>
        <Data name="category"><value>benchmark</value></Data>
      </ExtendedData>
      <Polygon>
        <outerBoundaryIs>
          <LinearRing>
            <coordinates>77.86,12.92,0 77.862,12.92,0 77.862,12.922,0 77.86,12.922,0 77.86,12.92,0</coordinates>
          </LinearRing>
        </outerBoundaryIs>
      </Polygon>
    </Placemark>
    <Placemark>
      <name>Polygon_473</name>
      <ExtendedData>
        <Data name="id"><value>473</value></Data>
        <Data name="category"><value>benchmark</value></Data>
      </ExtendedData>
      <Polygon>
        <outerBoundaryIs>
          <LinearRing>
            <coordinates>77.865,12.92,0 77.86699999999999,12.92,0 77.86699999999999,12.922,0 77.865,12.922,0 77.865,12.92,0</coordinates>
          </LinearRing>
        </outerBoundaryIs>
      </Polygon>
    </Placemark>
    <Placemark>
      <name>Polygon_474</name>
      <ExtendedData>
        <Data name="id"><value>474</value></Data>
        <Data name="category"><value>benchmark</value></Data>
      </ExtendedData>
      <Polygon>
        <outerBoundaryIs>
          <LinearRing>
            <coordinates>77.87,12.92,0 77.872,12.92,0 77.872,12.922,0 77.87,12.922,0 77.87,12.92,0</coordinates>
          </LinearRing>
        </outerBoundaryIs>
      </Polygon>
    </Placemark>
    <Placemark>
      <name>Polygon_475</name>
      <ExtendedData>
        <Data name="id"><value>475</value></Data>
        <Data name="category"><value>benchmark</value></Data>
      </ExtendedData>
      <Polygon>
        <outerBoundaryIs>
          <LinearRing>
            <coordinates>77.875,12.92,0 77.877,12.92,0 77.877,12.922,0 77.875,12.922,0 77.875,12.92,0</coordinates>
          </LinearRing>
        </outerBoundaryIs>
      </Polygon>
    </Placemark>
    <Placemark>
      <name>Polygon_476</name>
      <ExtendedData>
        <Data name="id"><value>476</value></Data>
        <Data name="category"><value>benchmark</value></Data>
      </ExtendedData>
      <Polygon>
        <outerBoundaryIs>
          <LinearRing>
            <coordinates>77.88,12.92,0 77.88199999999999,12.92,0 77.88199999999999,12.922,0 77.88,12.922,0 77.88,12.92,0</coordinates>
          </LinearRing>
        </outerBoundaryIs>
      </Polygon>
    </Placemark>
    <Placemark>
      <name>Polygon_477</name>
      <ExtendedData>
        <Data name="id"><value>477</value></Data>
        <Data name="category"><value>benchmark</value></Data>
      </ExtendedData>
      <Polygon>
        <outerBoundaryIs>
          <LinearRing>
            <coordinates>77.885,12.92,0 77.887,12.92,0 77.887,12.922,0 77.885,12.922,0 77.885,12.92,0</coordinates>
          </LinearRing>
        </outerBoundaryIs>
      </Polygon>
    </Placemark>
    <Placemark>
      <name>Polygon_478</name>
      <ExtendedData>
        <Data name="id"><value>478</value></Data>
        <Data name="category"><value>benchmark</value></Data>
      </ExtendedData>
      <Polygon>
        <outerBoundaryIs>
          <LinearRing>
            <coordinates>77.89,12.92,0 77.892,12.92,0 77.892,12.922,0 77.89,12.922,0 77.89,12.92,0</coordinates>
          </LinearRing>
        </outerBoundaryIs>
      </Polygon>
    </Placemark>
    <Placemark>
      <name>Polygon_479</name>
      <ExtendedData>
        <Data name="id"><value>479</value></Data>
        <Data name="category"><value>benchmark</value></Data>
      </ExtendedData>
      <Polygon>
        <outerBoundaryIs>
          <LinearRing>
            <coordinates>77.895,12.92,0 77.89699999999999,12.92,0 77.89699999999999,12.922,0 77.895,12.922,0 77.895,12.92,0</coordinates>
          </LinearRing>
        </outerBoundaryIs>
      </Polygon>
    </Placemark>
    <Placemark>
      <name>Polygon_480</name>
      <ExtendedData>
        <Data name="id"><value>480</value></Data>
        <Data name="category"><value>benchmark</value></Data>
      </ExtendedData>
      <Polygon>
        <outerBoundaryIs>
          <LinearRing>
            <coordinates>77.9,12.92,0 77.902,12.92,0 77.902,12.922,0 77.9,12.922,0 77.9,12.92,0</coordinates>
          </LinearRing>
        </outerBoundaryIs>
      </Polygon>
    </Placemark>
    <Placemark>
      <name>Polygon_481</name>
      <ExtendedData>
        <Data name="id"><value>481</value></Data>
        <Data name="category"><value>benchmark</value></Data>
      </ExtendedData>
      <Polygon>
        <outerBoundaryIs>
          <LinearRing>
            <coordinates>77.905,12.92,0 77.907,12.92,0 77.907,12.922,0 77.905,12.922,0 77.905,12.92,0</coordinates>
          </LinearRing>
        </outerBoundaryIs>
      </Polygon>
    </Placemark>
    <Placemark>
      <name>Polygon_482</name>
      <ExtendedData>
        <Data name="id"><value>482</value></Data>
        <Data name="category"><value>benchmark</value></Data>
      </ExtendedData>
      <Polygon>
        <outerBoundaryIs>
          <LinearRing>
            <coordinates>77.91,12.92,0 77.91199999999999,12.92,0 77.91199999999999,12.922,0 77.91,12.922,0 77.91,12.92,0</coordinates>
          </LinearRing>
        </outerBoundaryIs>
      </Polygon>
    </Placemark>
    <Placemark>
      <name>Polygon_483</name>
      <ExtendedData>
        <Data name="id"><value>483</value></Data>
        <Data name="category"><value>benchmark</value></Data>
      </ExtendedData>
      <Polygon>
        <outerBoundaryIs>
          <LinearRing>
            <coordinates>77.915,12.92,0 77.917,12.92,0 77.917,12.922,0 77.915,12.922,0 77.915,12.92,0</coordinates>
          </LinearRing>
        </outerBoundaryIs>
      </Polygon>
    </Placemark>
    <Placemark>
      <name>Polygon_484</name>
      <ExtendedData>
        <Data name="id"><value>484</value></Data>
        <Data name="category"><value>benchmark</value></Data>
      </ExtendedData>
      <Polygon>
        <outerBoundaryIs>
          <LinearRing>
            <coordinates>77.92,12.92,0 77.922,12.92,0 77.922,12.922,0 77.92,12.922,0 77.92,12.92,0</coordinates>
          </LinearRing>
        </outerBoundaryIs>
      </Polygon>
    </Placemark>
    <Placemark>
      <name>Polygon_485</name>
      <ExtendedData>
        <Data name="id"><value>485</value></Data>
        <Data name="category"><value>benchmark</value></Data>
      </ExtendedData>
      <Polygon>
        <outerBoundaryIs>
          <LinearRing>
            <coordinates>77.925,12.92,0 77.92699999999999,12.92,0 77.92699999999999,12.922,0 77.925,12.922,0 77.925,12.92,0</coordinates>
          </LinearRing>
        </outerBoundaryIs>
      </Polygon>
    </Placemark>
    <Placemark>
      <name>Polygon_486</name>
      <ExtendedData>
        <Data name="id"><value>486</value></Data>
        <Data name="category"><value>benchmark</value></Data>
      </ExtendedData>
      <Polygon>
        <outerBoundaryIs>
          <LinearRing>
            <coordinates>77.93,12.92,0 77.932,12.92,0 77.932,12.922,0 77.93,12.922,0 77.93,12.92,0</coordinates>
          </LinearRing>
        </outerBoundaryIs>
      </Polygon>
    </Placemark>
    <Placemark>
      <name>Polygon_487</name>
      <ExtendedData>
        <Data name="id"><value>487</value></Data>
        <Data name="category"><value>benchmark</value></Data>
      </ExtendedData>
      <Polygon>
        <outerBoundaryIs>
          <LinearRing>
            <coordinates>77.935,12.92,0 77.937,12.92,0 77.937,12.922,0 77.935,12.922,0 77.935,12.92,0</coordinates>
          </LinearRing>
        </outerBoundaryIs>
      </Polygon>
    </Placemark>
    <Placemark>
      <name>Polygon_488</name>
      <ExtendedData>
        <Data name="id"><value>488</value></Data>
        <Data name="category"><value>benchmark</value></Data>
      </ExtendedData>
      <Polygon>
        <outerBoundaryIs>
          <LinearRing>
            <coordinates>77.94,12.92,0 77.942,12.92,0 77.942,12.922,0 77.94,12.922,0 77.94,12.92,0</coordinates>
          </LinearRing>
        </outerBoundaryIs>
      </Polygon>
    </Placemark>
    <Placemark>
      <name>Polygon_489</name>
      <ExtendedData>
        <Data name="id"><value>489</value></Data>
        <Data name="category"><value>benchmark</value></Data>
      </ExtendedData>
      <Polygon>
        <outerBoundaryIs>
          <LinearRing>
            <coordinates>77.945,12.92,0 77.94699999999999,12.92,0 77.94699999999999,12.922,0 77.945,12.922,0 77.945,12.92,0</coordinates>
          </LinearRing>
        </outerBoundaryIs>
      </Polygon>
    </Placemark>
    <Placemark>
      <name>Polygon_490</name>
      <ExtendedData>
        <Data name="id"><value>490</value></Data>
        <Data name="category"><value>benchmark</value></Data>
      </ExtendedData>
      <Polygon>
        <outerBoundaryIs>
          <LinearRing>
            <coordinates>77.95,12.92,0 77.952,12.92,0 77.952,12.922,0 77.95,12.922,0 77.95,12.92,0</coordinates>
          </LinearRing>
        </outerBoundaryIs>
      </Polygon>
    </Placemark>
    <Placemark>
      <name>Polygon_491</name>
      <ExtendedData>
        <Data name="id"><value>491</value></Data>
        <Data name="category"><value>benchmark</value></Data>
      </ExtendedData>
      <Polygon>
        <outerBoundaryIs>
          <LinearRing>
            <coordinates>77.955,12.92,0 77.957,12.92,0 77.957,12.922,0 77.955,12.922,0 77.955,12.92,0</coordinates>
          </LinearRing>
        </outerBoundaryIs>
      </Polygon>
    </Placemark>
    <Placemark>
      <name>Polygon_492</name>
      <ExtendedData>
        <Data name="id"><value>492</value></Data>
        <Data name="category"><value>benchmark</value></Data>
      </ExtendedData>
      <Polygon>
        <outerBoundaryIs>
          <LinearRing>
            <coordinates>77.96,12.92,0 77.96199999999999,12.92,0 77.96199999999999,12.922,0 77.96,12.922,0 77.96,12.92,0</coordinates>
          </LinearRing>
        </outerBoundaryIs>
      </Polygon>
    </Placemark>
    <Placemark>
      <name>Polygon_493</name>
      <ExtendedData>
        <Data name="id"><value>493</value></Data>
        <Data name="category"><value>benchmark</value></Data>
      </ExtendedData>
      <Polygon>
        <outerBoundaryIs>
          <LinearRing>
            <coordinates>77.965,12.92,0 77.967,12.92,0 77.967,12.922,0 77.965,12.922,0 77.965,12.92,0</coordinates>
          </LinearRing>
        </outerBoundaryIs>
      </Polygon>
    </Placemark>
    <Placemark>
      <name>Polygon_494</name>
      <ExtendedData>
        <Data name="id"><value>494</value></Data>
        <Data name="category"><value>benchmark</value></Data>
      </ExtendedData>
      <Polygon>
        <outerBoundaryIs>
          <LinearRing>
            <coordinates>77.97,12.92,0 77.972,12.92,0 77.972,12.922,0 77.97,12.922,0 77.97,12.92,0</coordinates>
          </LinearRing>
        </outerBoundaryIs>
      </Polygon>
    </Placemark>
    <Placemark>
      <name>Polygon_495</name>
      <ExtendedData>
        <Data name="id"><value>495</value></Data>
        <Data name="category"><value>benchmark</value></Data>
      </ExtendedData>
      <Polygon>
        <outerBoundaryIs>
          <LinearRing>
            <coordinates>77.975,12.92,0 77.97699999999999,12.92,0 77.97699999999999,12.922,0 77.975,12.922,0 77.975,12.92,0</coordinates>
          </LinearRing>
        </outerBoundaryIs>
      </Polygon>
    </Placemark>
    <Placemark>
      <name>Polygon_496</name>
      <ExtendedData>
        <Data name="id"><value>496</value></Data>
        <Data name="category"><value>benchmark</value></Data>
      </ExtendedData>
      <Polygon>
        <outerBoundaryIs>
          <LinearRing>
            <coordinates>77.98,12.92,0 77.982,12.92,0 77.982,12.922,0 77.98,12.922,0 77.98,12.92,0</coordinates>
          </LinearRing>
        </outerBoundaryIs>
      </Polygon>
    </Placemark>
    <Placemark>
      <name>Polygon_497</name>
      <ExtendedData>
        <Data name="id"><value>497</value></Data>
        <Data name="category"><value>benchmark</value></Data>
      </ExtendedData>
      <Polygon>
        <outerBoundaryIs>
          <LinearRing>
            <coordinates>77.985,12.92,0 77.987,12.92,0 77.987,12.922,0 77.985,12.922,0 77.985,12.92,0</coordinates>
          </LinearRing>
        </outerBoundaryIs>
      </Polygon>
    </Placemark>
    <Placemark>
      <name>Polygon_498</name>
      <ExtendedData>
        <Data name="id"><value>498</value></Data>
        <Data name="category"><value>benchmark</value></Data>
      </ExtendedData>
      <Polygon>
        <outerBoundaryIs>
          <LinearRing>
            <coordinates>77.99,12.92,0 77.99199999999999,12.92,0 77.99199999999999,12.922,0 77.99,12.922,0 77.99,12.92,0</coordinates>
          </LinearRing>
        </outerBoundaryIs>
      </Polygon>
    </Placemark>
    <Placemark>
      <name>Polygon_499</name>
      <ExtendedData>
        <Data name="id"><value>499</value></Data>
        <Data name="category"><value>benchmark</value></Data>
      </ExtendedData>
      <Polygon>
        <outerBoundaryIs>
          <LinearRing>
            <coordinates>77.995,12.92,0 77.997,12.92,0 77.997,12.922,0 77.995,12.922,0 77.995,12.92,0</coordinates>
          </LinearRing>
        </outerBoundaryIs>
      </Polygon>
    </Placemark>
    <Placemark>
      <name>Polygon_500</name>
      <ExtendedData>
        <Data name="id"><value>500</value></Data>
        <Data name="category"><value>benchmark</value></Data>
      </ExtendedData>
      <Polygon>
        <outerBoundaryIs>
          <LinearRing>
            <coordinates>77.5,12.925,0 77.502,12.925,0 77.502,12.927000000000001,0 77.5,12.927000000000001,0 77.5,12.925,0</coordinates>
          </LinearRing>
        </outerBoundaryIs>
      </Polygon>
    </Placemark>
    <Placemark>
      <name>Polygon_501</name>
      <ExtendedData>
        <Data name="id"><value>501</value></Data>
        <Data name="category"><value>benchmark</value></Data>
      </ExtendedData>
      <Polygon>
        <outerBoundaryIs>
          <LinearRing>
            <coordinates>77.505,12.925,0 77.50699999999999,12.925,0 77.50699999999999,12.927000000000001,0 77.505,12.927000000000001,0 77.505,12.925,0</coordinates>
          </LinearRing>
        </outerBoundaryIs>
      </Polygon>
    </Placemark>
    <Placemark>
      <name>Polygon_502</name>
      <ExtendedData>
        <Data name="id"><value>502</value></Data>
        <Data name="category"><value>benchmark</value></Data>
      </ExtendedData>
      <Polygon>
        <outerBoundaryIs>
          <LinearRing>
            <coordinates>77.51,12.925,0 77.512,12.925,0 77.512,12.927000000000001,0 77.51,12.927000000000001,0 77.51,12.925,0</coordinates>
          </LinearRing>
        </outerBoundaryIs>
      </Polygon>
    </Placemark>
    <Placemark>
      <name>Polygon_503</name>
      <ExtendedData>
        <Data name="id"><value>503</value></Data>
        <Data name="category"><value>benchmark</value></Data>
      </ExtendedData>
      <Polygon>
        <outerBoundaryIs>
          <LinearRing>
            <coordinates>77.515,12.925,0 77.517,12.925,0 77.517,12.927000000000001,0 77.515,12.927000000000001,0 77.515,12.925,0</coordinates>
          </LinearRing>
        </outerBoundaryIs>
      </Polygon>
    </Placemark>
    <Placemark>
      <name>Polygon_504</name>
      <ExtendedData>
        <Data name="id"><value>504</value></Data>
        <Data name="category"><value>benchmark</value></Data>
      </ExtendedData>
      <Polygon>
        <outerBoundaryIs>
          <LinearRing>
            <coordinates>77.52,12.925,0 77.52199999999999,12.925,0 77.52199999999999,12.927000000000001,0 77.52,12.927000000000001,0 77.52,12.925,0</coordinates>
          </LinearRing>
        </outerBoundaryIs>
      </Polygon>
    </Placemark>
    <Placemark>
      <name>Polygon_505</name>
      <ExtendedData>
        <Data name="id"><value>505</value></Data>
        <Data name="category"><value>benchmark</value></Data>
      </ExtendedData>
      <Polygon>
        <outerBoundaryIs>
          <LinearRing>
            <coordinates>77.525,12.925,0 77.527,12.925,0 77.527,12.927000000000001,0 77.525,12.927000000000001,0 77.525,12.925,0</coordinates>
          </LinearRing>
        </outerBoundaryIs>
      </Polygon>
    </Placemark>
    <Placemark>
      <name>Polygon_506</name>
      <ExtendedData>
        <Data name="id"><value>506</value></Data>
        <Data name="category"><value>benchmark</value></Data>
      </ExtendedData>
      <Polygon>
        <outerBoundaryIs>
          <LinearRing>
            <coordinates>77.53,12.925,0 77.532,12.925,0 77.532,12.927000000000001,0 77.53,12.927000000000001,0 77.53,12.925,0</coordinates>
          </LinearRing>
        </outerBoundaryIs>
      </Polygon>
    </Placemark>
    <Placemark>
      <name>Polygon_507</name>
      <ExtendedData>
        <Data name="id"><value>507</value></Data>
        <Data name="category"><value>benchmark</value></Data>
      </ExtendedData>
      <Polygon>
        <outerBoundaryIs>
          <LinearRing>
            <coordinates>77.535,12.925,0 77.53699999999999,12.925,0 77.53699999999999,12.927000000000001,0 77.535,12.927000000000001,0 77.535,12.925,0</coordinates>
          </LinearRing>
        </outerBoundaryIs>
      </Polygon>
    </Placemark>
    <Placemark>
      <name>Polygon_508</name>
      <ExtendedData>
        <Data name="id"><value>508</value></Data>
        <Data name="category"><value>benchmark</value></Data>
      </ExtendedData>
      <Polygon>
        <outerBoundaryIs>
          <LinearRing>
            <coordinates>77.54,12.925,0 77.542,12.925,0 77.542,12.927000000000001,0 77.54,12.927000000000001,0 77.54,12.925,0</coordinates>
          </LinearRing>
        </outerBoundaryIs>
      </Polygon>
    </Placemark>
    <Placemark>
      <name>Polygon_509</name>
      <ExtendedData>
        <Data name="id"><value>509</value></Data>
        <Data name="category"><value>benchmark</value></Data>
      </ExtendedData>
      <Polygon>
        <outerBoundaryIs>
          <LinearRing>
            <coordinates>77.545,12.925,0 77.547,12.925,0 77.547,12.927000000000001,0 77.545,12.927000000000001,0 77.545,12.925,0</coordinates>
          </LinearRing>
        </outerBoundaryIs>
      </Polygon>
    </Placemark>
    <Placemark>
      <name>Polygon_510</name>
      <ExtendedData>
        <Data name="id"><value>510</value></Data>
        <Data name="category"><value>benchmark</value></Data>
      </ExtendedData>
      <Polygon>
        <outerBoundaryIs>
          <LinearRing>
            <coordinates>77.55,12.925,0 77.55199999999999,12.925,0 77.55199999999999,12.927000000000001,0 77.55,12.927000000000001,0 77.55,12.925,0</coordinates>
          </LinearRing>
        </outerBoundaryIs>
      </Polygon>
    </Placemark>
    <Placemark>
      <name>Polygon_511</name>
      <ExtendedData>
        <Data name="id"><value>511</value></Data>
        <Data name="category"><value>benchmark</value></Data>
      </ExtendedData>
      <Polygon>
        <outerBoundaryIs>
          <LinearRing>
            <coordinates>77.555,12.925,0 77.557,12.925,0 77.557,12.927000000000001,0 77.555,12.927000000000001,0 77.555,12.925,0</coordinates>
          </LinearRing>
        </outerBoundaryIs>
      </Polygon>
    </Placemark>
    <Placemark>
      <name>Polygon_512</name>
      <ExtendedData>
        <Data name="id"><value>512</value></Data>
        <Data name="category"><value>benchmark</value></Data>
      </ExtendedData>
      <Polygon>
        <outerBoundaryIs>
          <LinearRing>
            <coordinates>77.56,12.925,0 77.562,12.925,0 77.562,12.927000000000001,0 77.56,12.927000000000001,0 77.56,12.925,0</coordinates>
          </LinearRing>
        </outerBoundaryIs>
      </Polygon>
    </Placemark>
    <Placemark>
      <name>Polygon_513</name>
      <ExtendedData>
        <Data name="id"><value>513</value></Data>
        <Data name="category"><value>benchmark</value></Data>
      </ExtendedData>
      <Polygon>
        <outerBoundaryIs>
          <LinearRing>
            <coordinates>77.565,12.925,0 77.567,12.925,0 77.567,12.927000000000001,0 77.565,12.927000000000001,0 77.565,12.925,0</coordinates>
          </LinearRing>
        </outerBoundaryIs>
      </Polygon>
    </Placemark>
    <Placemark>
      <name>Polygon_514</name>
      <ExtendedData>
        <Data name="id"><value>514</value></Data>
        <Data name="category"><value>benchmark</value></Data>
      </ExtendedData>
      <Polygon>
        <outerBoundaryIs>
          <LinearRing>
            <coordinates>77.57,12.925,0 77.57199999999999,12.925,0 77.57199999999999,12.927000000000001,0 77.57,12.927000000000001,0 77.57,12.925,0</coordinates>
          </LinearRing>
        </outerBoundaryIs>
      </Polygon>
    </Placemark>
    <Placemark>
      <name>Polygon_515</name>
      <ExtendedData>
        <Data name="id"><value>515</value></Data>
        <Data name="category"><value>benchmark</value></Data>
      </ExtendedData>
      <Polygon>
        <outerBoundaryIs>
          <LinearRing>
            <coordinates>77.575,12.925,0 77.577,12.925,0 77.577,12.927000000000001,0 77.575,12.927000000000001,0 77.575,12.925,0</coordinates>
          </LinearRing>
        </outerBoundaryIs>
      </Polygon>
    </Placemark>
    <Placemark>
      <name>Polygon_516</name>
      <ExtendedData>
        <Data name="id"><value>516</value></Data>
        <Data name="category"><value>benchmark</value></Data>
      </ExtendedData>
      <Polygon>
        <outerBoundaryIs>
          <LinearRing>
            <coordinates>77.58,12.925,0 77.582,12.925,0 77.582,12.927000000000001,0 77.58,12.927000000000001,0 77.58,12.925,0</coordinates>
          </LinearRing>
        </outerBoundaryIs>
      </Polygon>
    </Placemark>
    <Placemark>
      <name>Polygon_517</name>
      <ExtendedData>
        <Data name="id"><value>517</value></Data>
        <Data name="category"><value>benchmark</value></Data>
      </ExtendedData>
      <Polygon>
        <outerBoundaryIs>
          <LinearRing>
            <coordinates>77.585,12.925,0 77.58699999999999,12.925,0 77.58699999999999,12.927000000000001,0 77.585,12.927000000000001,0 77.585,12.925,0</coordinates>
          </LinearRing>
        </outerBoundaryIs>
      </Polygon>
    </Placemark>
    <Placemark>
      <name>Polygon_518</name>
      <ExtendedData>
        <Data name="id"><value>518</value></Data>
        <Data name="category"><value>benchmark</value></Data>
      </ExtendedData>
      <Polygon>
        <outerBoundaryIs>
          <LinearRing>
            <coordinates>77.59,12.925,0 77.592,12.925,0 77.592,12.927000000000001,0 77.59,12.927000000000001,0 77.59,12.925,0</coordinates>
          </LinearRing>
        </outerBoundaryIs>
      </Polygon>
    </Placemark>
    <Placemark>
      <name>Polygon_519</name>
      <ExtendedData>
        <Data name="id"><value>519</value></Data>
        <Data name="category"><value>benchmark</value></Data>
      </ExtendedData>
      <Polygon>
        <outerBoundaryIs>
          <LinearRing>
            <coordinates>77.595,12.925,0 77.597,12.925,0 77.597,12.927000000000001,0 77.595,12.927000000000001,0 77.595,12.925,0</coordinates>
          </LinearRing>
        </outerBoundaryIs>
      </Polygon>
    </Placemark>
    <Placemark>
      <name>Polygon_520</name>
      <ExtendedData>
        <Data name="id"><value>520</value></Data>
        <Data name="category"><value>benchmark</value></Data>
      </ExtendedData>
      <Polygon>
        <outerBoundaryIs>
          <LinearRing>
            <coordinates>77.6,12.925,0 77.60199999999999,12.925,0 77.60199999999999,12.927000000000001,0 77.6,12.927000000000001,0 77.6,12.925,0</coordinates>
          </LinearRing>
        </outerBoundaryIs>
      </Polygon>
    </Placemark>
    <Placemark>
      <name>Polygon_521</name>
      <ExtendedData>
        <Data name="id"><value>521</value></Data>
        <Data name="category"><value>benchmark</value></Data>
      </ExtendedData>
      <Polygon>
        <outerBoundaryIs>
          <LinearRing>
            <coordinates>77.605,12.925,0 77.607,12.925,0 77.607,12.927000000000001,0 77.605,12.927000000000001,0 77.605,12.925,0</coordinates>
          </LinearRing>
        </outerBoundaryIs>
      </Polygon>
    </Placemark>
    <Placemark>
      <name>Polygon_522</name>
      <ExtendedData>
        <Data name="id"><value>522</value></Data>
        <Data name="category"><value>benchmark</value></Data>
      </ExtendedData>
      <Polygon>
        <outerBoundaryIs>
          <LinearRing>
            <coordinates>77.61,12.925,0 77.612,12.925,0 77.612,12.927000000000001,0 77.61,12.927000000000001,0 77.61,12.925,0</coordinates>
          </LinearRing>
        </outerBoundaryIs>
      </Polygon>
    </Placemark>
    <Placemark>
      <name>Polygon_523</name>
      <ExtendedData>
        <Data name="id"><value>523</value></Data>
        <Data name="category"><value>benchmark</value></Data>
      </ExtendedData>
      <Polygon>
        <outerBoundaryIs>
          <LinearRing>
            <coordinates>77.615,12.925,0 77.61699999999999,12.925,0 77.61699999999999,12.927000000000001,0 77.615,12.927000000000001,0 77.615,12.925,0</coordinates>
          </LinearRing>
        </outerBoundaryIs>
      </Polygon>
    </Placemark>
    <Placemark>
      <name>Polygon_524</name>
      <ExtendedData>
        <Data name="id"><value>524</value></Data>
        <Data name="category"><value>benchmark</value></Data>
      </ExtendedData>
      <Polygon>
        <outerBoundaryIs>
          <LinearRing>
            <coordinates>77.62,12.925,0 77.622,12.925,0 77.622,12.927000000000001,0 77.62,12.927000000000001,0 77.62,12.925,0</coordinates>
          </LinearRing>
        </outerBoundaryIs>
      </Polygon>
    </Placemark>
    <Placemark>
      <name>Polygon_525</name>
      <ExtendedData>
        <Data name="id"><value>525</value></Data>
        <Data name="category"><value>benchmark</value></Data>
      </ExtendedData>
      <Polygon>
        <outerBoundaryIs>
          <LinearRing>
            <coordinates>77.625,12.925,0 77.627,12.925,0 77.627,12.927000000000001,0 77.625,12.927000000000001,0 77.625,12.925,0</coordinates>
          </LinearRing>
        </outerBoundaryIs>
      </Polygon>
    </Placemark>
    <Placemark>
      <name>Polygon_526</name>
      <ExtendedData>
        <Data name="id"><value>526</value></Data>
        <Data name="category"><value>benchmark</value></Data>
      </ExtendedData>
      <Polygon>
        <outerBoundaryIs>
          <LinearRing>
            <coordinates>77.63,12.925,0 77.63199999999999,12.925,0 77.63199999999999,12.927000000000001,0 77.63,12.927000000000001,0 77.63,12.925,0</coordinates>
          </LinearRing>
        </outerBoundaryIs>
      </Polygon>
    </Placemark>
    <Placemark>
      <name>Polygon_527</name>
      <ExtendedData>
        <Data name="id"><value>527</value></Data>
        <Data name="category"><value>benchmark</value></Data>
      </ExtendedData>
      <Polygon>
        <outerBoundaryIs>
          <LinearRing>
            <coordinates>77.635,12.925,0 77.637,12.925,0 77.637,12.927000000000001,0 77.635,12.927000000000001,0 77.635,12.925,0</coordinates>
          </LinearRing>
        </outerBoundaryIs>
      </Polygon>
    </Placemark>
    <Placemark>
      <name>Polygon_528</name>
      <ExtendedData>
        <Data name="id"><value>528</value></Data>
        <Data name="category"><value>benchmark</value></Data>
      </ExtendedData>
      <Polygon>
        <outerBoundaryIs>
          <LinearRing>
            <coordinates>77.64,12.925,0 77.642,12.925,0 77.642,12.927000000000001,0 77.64,12.927000000000001,0 77.64,12.925,0</coordinates>
          </LinearRing>
        </outerBoundaryIs>
      </Polygon>
    </Placemark>
    <Placemark>
      <name>Polygon_529</name>
      <ExtendedData>
        <Data name="id"><value>529</value></Data>
        <Data name="category"><value>benchmark</value></Data>
      </ExtendedData>
      <Polygon>
        <outerBoundaryIs>
          <LinearRing>
            <coordinates>77.645,12.925,0 77.64699999999999,12.925,0 77.64699999999999,12.927000000000001,0 77.645,12.927000000000001,0 77.645,12.925,0</coordinates>
          </LinearRing>
        </outerBoundaryIs>
      </Polygon>
    </Placemark>
    <Placemark>
      <name>Polygon_530</name>
      <ExtendedData>
        <Data name="id"><value>530</value></Data>
        <Data name="category"><value>benchmark</value></Data>
      </ExtendedData>
      <Polygon>
        <outerBoundaryIs>
          <LinearRing>
            <coordinates>77.65,12.925,0 77.652,12.925,0 77.652,12.927000000000001,0 77.65,12.927000000000001,0 77.65,12.925,0</coordinates>
          </LinearRing>
        </outerBoundaryIs>
      </Polygon>
    </Placemark>
    <Placemark>
      <name>Polygon_531</name>
      <ExtendedData>
        <Data name="id"><value>531</value></Data>
        <Data name="category"><value>benchmark</value></Data>
      </ExtendedData>
      <Polygon>
        <outerBoundaryIs>
          <LinearRing>
            <coordinates>77.655,12.925,0 77.657,12.925,0 77.657,12.927000000000001,0 77.655,12.927000000000001,0 77.655,12.925,0</coordinates>
          </LinearRing>
        </outerBoundaryIs>
      </Polygon>
    </Placemark>
    <Placemark>
      <name>Polygon_532</name>
      <ExtendedData>
        <Data name="id"><value>532</value></Data>
        <Data name="category"><value>benchmark</value></Data>
      </ExtendedData>
      <Polygon>
        <outerBoundaryIs>
          <LinearRing>
            <coordinates>77.66,12.925,0 77.66199999999999,12.925,0 77.66199999999999,12.927000000000001,0 77.66,12.927000000000001,0 77.66,12.925,0</coordinates>
          </LinearRing>
        </outerBoundaryIs>
      </Polygon>
    </Placemark>
    <Placemark>
      <name>Polygon_533</name>
      <ExtendedData>
        <Data name="id"><value>533</value></Data>
        <Data name="category"><value>benchmark</value></Data>
      </ExtendedData>
      <Polygon>
        <outerBoundaryIs>
          <LinearRing>
            <coordinates>77.665,12.925,0 77.667,12.925,0 77.667,12.927000000000001,0 77.665,12.927000000000001,0 77.665,12.925,0</coordinates>
          </LinearRing>
        </outerBoundaryIs>
      </Polygon>
    </Placemark>
    <Placemark>
      <name>Polygon_534</name>
      <ExtendedData>
        <Data name="id"><value>534</value></Data>
        <Data name="category"><value>benchmark</value></Data>
      </ExtendedData>
      <Polygon>
        <outerBoundaryIs>
          <LinearRing>
            <coordinates>77.67,12.925,0 77.672,12.925,0 77.672,12.927000000000001,0 77.67,12.927000000000001,0 77.67,12.925,0</coordinates>
          </LinearRing>
        </outerBoundaryIs>
      </Polygon>
    </Placemark>
    <Placemark>
      <name>Polygon_535</name>
      <ExtendedData>
        <Data name="id"><value>535</value></Data>
        <Data name="category"><value>benchmark</value></Data>
      </ExtendedData>
      <Polygon>
        <outerBoundaryIs>
          <LinearRing>
            <coordinates>77.675,12.925,0 77.67699999999999,12.925,0 77.67699999999999,12.927000000000001,0 77.675,12.927000000000001,0 77.675,12.925,0</coordinates>
          </LinearRing>
        </outerBoundaryIs>
      </Polygon>
    </Placemark>
    <Placemark>
      <name>Polygon_536</name>
      <ExtendedData>
        <Data name="id"><value>536</value></Data>
        <Data name="category"><value>benchmark</value></Data>
      </ExtendedData>
      <Polygon>
        <outerBoundaryIs>
          <LinearRing>
            <coordinates>77.68,12.925,0 77.682,12.925,0 77.682,12.927000000000001,0 77.68,12.927000000000001,0 77.68,12.925,0</coordinates>
          </LinearRing>
        </outerBoundaryIs>
      </Polygon>
    </Placemark>
    <Placemark>
      <name>Polygon_537</name>
      <ExtendedData>
        <Data name="id"><value>537</value></Data>
        <Data name="category"><value>benchmark</value></Data>
      </ExtendedData>
      <Polygon>
        <outerBoundaryIs>
          <LinearRing>
            <coordinates>77.685,12.925,0 77.687,12.925,0 77.687,12.927000000000001,0 77.685,12.927000000000001,0 77.685,12.925,0</coordinates>
          </LinearRing>
        </outerBoundaryIs>
      </Polygon>
    </Placemark>
    <Placemark>
      <name>Polygon_538</name>
      <ExtendedData>
        <Data name="id"><value>538</value></Data>
        <Data name="category"><value>benchmark</value></Data>
      </ExtendedData>
      <Polygon>
        <outerBoundaryIs>
          <LinearRing>
            <coordinates>77.69,12.925,0 77.692,12.925,0 77.692,12.927000000000001,0 77.69,12.927000000000001,0 77.69,12.925,0</coordinates>
          </LinearRing>
        </outerBoundaryIs>
      </Polygon>
    </Placemark>
    <Placemark>
      <name>Polygon_539</name>
      <ExtendedData>
        <Data name="id"><value>539</value></Data>
        <Data name="category"><value>benchmark</value></Data>
      </ExtendedData>
      <Polygon>
        <outerBoundaryIs>
          <LinearRing>
            <coordinates>77.695,12.925,0 77.69699999999999,12.925,0 77.69699999999999,12.927000000000001,0 77.695,12.927000000000001,0 77.695,12.925,0</coordinates>
          </LinearRing>
        </outerBoundaryIs>
      </Polygon>
    </Placemark>
    <Placemark>
      <name>Polygon_540</name>
      <ExtendedData>
        <Data name="id"><value>540</value></Data>
        <Data name="category"><value>benchmark</value></Data>
      </ExtendedData>
      <Polygon>
        <outerBoundaryIs>
          <LinearRing>
            <coordinates>77.7,12.925,0 77.702,12.925,0 77.702,12.927000000000001,0 77.7,12.927000000000001,0 77.7,12.925,0</coordinates>
          </LinearRing>
        </outerBoundaryIs>
      </Polygon>
    </Placemark>
    <Placemark>
      <name>Polygon_541</name>
      <ExtendedData>
        <Data name="id"><value>541</value></Data>
        <Data name="category"><value>benchmark</value></Data>
      </ExtendedData>
      <Polygon>
        <outerBoundaryIs>
          <LinearRing>
            <coordinates>77.705,12.925,0 77.707,12.925,0 77.707,12.927000000000001,0 77.705,12.927000000000001,0 77.705,12.925,0</coordinates>
          </LinearRing>
        </outerBoundaryIs>
      </Polygon>
    </Placemark>
    <Placemark>
      <name>Polygon_542</name>
      <ExtendedData>
        <Data name="id"><value>542</value></Data>
        <Data name="category"><value>benchmark</value></Data>
      </ExtendedData>
      <Polygon>
        <outerBoundaryIs>
          <LinearRing>
            <coordinates>77.71,12.925,0 77.71199999999999,12.925,0 77.71199999999999,12.927000000000001,0 77.71,12.927000000000001,0 77.71,12.925,0</coordinates>
          </LinearRing>
        </outerBoundaryIs>
      </Polygon>
    </Placemark>
    <Placemark>
      <name>Polygon_543</name>
      <ExtendedData>
        <Data name="id"><value>543</value></Data>
        <Data name="category"><value>benchmark</value></Data>
      </ExtendedData>
      <Polygon>
        <outerBoundaryIs>
          <LinearRing>
            <coordinates>77.715,12.925,0 77.717,12.925,0 77.717,12.927000000000001,0 77.715,12.927000000000001,0 77.715,12.925,0</coordinates>
          </LinearRing>
        </outerBoundaryIs>
      </Polygon>
    </Placemark>
    <Placemark>
      <name>Polygon_544</name>
      <ExtendedData>
        <Data name="id"><value>544</value></Data>
        <Data name="category"><value>benchmark</value></Data>
      </ExtendedData>
      <Polygon>
        <outerBoundaryIs>
          <LinearRing>
            <coordinates>77.72,12.925,0 77.722,12.925,0 77.722,12.927000000000001,0 77.72,12.927000000000001,0 77.72,12.925,0</coordinates>
          </LinearRing>
        </outerBoundaryIs>
      </Polygon>
    </Placemark>
    <Placemark>
      <name>Polygon_545</name>
      <ExtendedData>
        <Data name="id"><value>545</value></Data>
        <Data name="category"><value>benchmark</value></Data>
      </ExtendedData>
      <Polygon>
        <outerBoundaryIs>
          <LinearRing>
            <coordinates>77.725,12.925,0 77.72699999999999,12.925,0 77.72699999999999,12.927000000000001,0 77.725,12.927000000000001,0 77.725,12.925,0</coordinates>
          </LinearRing>
        </outerBoundaryIs>
      </Polygon>
    </Placemark>
    <Placemark>
      <name>Polygon_546</name>
      <ExtendedData>
        <Data name="id"><value>546</value></Data>
        <Data name="category"><value>benchmark</value></Data>
      </ExtendedData>
      <Polygon>
        <outerBoundaryIs>
          <LinearRing>
            <coordinates>77.73,12.925,0 77.732,12.925,0 77.732,12.927000000000001,0 77.73,12.927000000000001,0 77.73,12.925,0</coordinates>
          </LinearRing>
        </outerBoundaryIs>
      </Polygon>
    </Placemark>
    <Placemark>
      <name>Polygon_547</name>
      <ExtendedData>
        <Data name="id"><value>547</value></Data>
        <Data name="category"><value>benchmark</value></Data>
      </ExtendedData>
      <Polygon>
        <outerBoundaryIs>
          <LinearRing>
            <coordinates>77.735,12.925,0 77.737,12.925,0 77.737,12.927000000000001,0 77.735,12.927000000000001,0 77.735,12.925,0</coordinates>
          </LinearRing>
        </outerBoundaryIs>
      </Polygon>
    </Placemark>
    <Placemark>
      <name>Polygon_548</name>
      <ExtendedData>
        <Data name="id"><value>548</value></Data>
        <Data name="category"><value>benchmark</value></Data>
      </ExtendedData>
      <Polygon>
        <outerBoundaryIs>
          <LinearRing>
            <coordinates>77.74,12.925,0 77.74199999999999,12.925,0 77.74199999999999,12.927000000000001,0 77.74,12.927000000000001,0 77.74,12.925,0</coordinates>
          </LinearRing>
        </outerBoundaryIs>
      </Polygon>
    </Placemark>
    <Placemark>
      <name>Polygon_549</name>
      <ExtendedData>
        <Data name="id"><value>549</value></Data>
        <Data name="category"><value>benchmark</value></Data>
      </ExtendedData>
      <Polygon>
        <outerBoundaryIs>
          <LinearRing>
            <coordinates>77.745,12.925,0 77.747,12.925,0 77.747,12.927000000000001,0 77.745,12.927000000000001,0 77.745,12.925,0</coordinates>
          </LinearRing>
        </outerBoundaryIs>
      </Polygon>
    </Placemark>
    <Placemark>
      <name>Polygon_550</name>
      <ExtendedData>
        <Data name="id"><value>550</value></Data>
        <Data name="category"><value>benchmark</value></Data>
      </ExtendedData>
      <Polygon>
        <outerBoundaryIs>
          <LinearRing>
            <coordinates>77.75,12.925,0 77.752,12.925,0 77.752,12.927000000000001,0 77.75,12.927000000000001,0 77.75,12.925,0</coordinates>
          </LinearRing>
        </outerBoundaryIs>
      </Polygon>
    </Placemark>
    <Placemark>
      <name>Polygon_551</name>
      <ExtendedData>
        <Data name="id"><value>551</value></Data>
        <Data name="category"><value>benchmark</value></Data>
      </ExtendedData>
      <Polygon>
        <outerBoundaryIs>
          <LinearRing>
            <coordinates>77.755,12.925,0 77.75699999999999,12.925,0 77.75699999999999,12.927000000000001,0 77.755,12.927000000000001,0 77.755,12.925,0</coordinates>
          </LinearRing>
        </outerBoundaryIs>
      </Polygon>
    </Placemark>
    <Placemark>
      <name>Polygon_552</name>
      <ExtendedData>
        <Data name="id"><value>552</value></Data>
        <Data name="category"><value>benchmark</value></Data>
      </ExtendedData>
      <Polygon>
        <outerBoundaryIs>
          <LinearRing>
            <coordinates>77.76,12.925,0 77.762,12.925,0 77.762,12.927000000000001,0 77.76,12.927000000000001,0 77.76,12.925,0</coordinates>
          </LinearRing>
        </outerBoundaryIs>
      </Polygon>
    </Placemark>
    <Placemark>
      <name>Polygon_553</name>
      <ExtendedData>
        <Data name="id"><value>553</value></Data>
        <Data name="category"><value>benchmark</value></Data>
      </ExtendedData>
      <Polygon>
        <outerBoundaryIs>
          <LinearRing>
            <coordinates>77.765,12.925,0 77.767,12.925,0 77.767,12.927000000000001,0 77.765,12.927000000000001,0 77.765,12.925,0</coordinates>
          </LinearRing>
        </outerBoundaryIs>
      </Polygon>
    </Placemark>
    <Placemark>
      <name>Polygon_554</name>
      <ExtendedData>
        <Data name="id"><value>554</value></Data>
        <Data name="category"><value>benchmark</value></Data>
      </ExtendedData>
      <Polygon>
        <outerBoundaryIs>
          <LinearRing>
            <coordinates>77.77,12.925,0 77.77199999999999,12.925,0 77.77199999999999,12.927000000000001,0 77.77,12.927000000000001,0 77.77,12.925,0</coordinates>
          </LinearRing>
        </outerBoundaryIs>
      </Polygon>
    </Placemark>
    <Placemark>
      <name>Polygon_555</name>
      <ExtendedData>
        <Data name="id"><value>555</value></Data>
        <Data name="category"><value>benchmark</value></Data>
      </ExtendedData>
      <Polygon>
        <outerBoundaryIs>
          <LinearRing>
            <coordinates>77.775,12.925,0 77.777,12.925,0 77.777,12.927000000000001,0 77.775,12.927000000000001,0 77.775,12.925,0</coordinates>
          </LinearRing>
        </outerBoundaryIs>
      </Polygon>
    </Placemark>
    <Placemark>
      <name>Polygon_556</name>
      <ExtendedData>
        <Data name="id"><value>556</value></Data>
        <Data name="category"><value>benchmark</value></Data>
      </ExtendedData>
      <Polygon>
        <outerBoundaryIs>
          <LinearRing>
            <coordinates>77.78,12.925,0 77.782,12.925,0 77.782,12.927000000000001,0 77.78,12.927000000000001,0 77.78,12.925,0</coordinates>
          </LinearRing>
        </outerBoundaryIs>
      </Polygon>
    </Placemark>
    <Placemark>
      <name>Polygon_557</name>
      <ExtendedData>
        <Data name="id"><value>557</value></Data>
        <Data name="category"><value>benchmark</value></Data>
      </ExtendedData>
      <Polygon>
        <outerBoundaryIs>
          <LinearRing>
            <coordinates>77.785,12.925,0 77.78699999999999,12.925,0 77.78699999999999,12.927000000000001,0 77.785,12.927000000000001,0 77.785,12.925,0</coordinates>
          </LinearRing>
        </outerBoundaryIs>
      </Polygon>
    </Placemark>
    <Placemark>
      <name>Polygon_558</name>
      <ExtendedData>
        <Data name="id"><value>558</value></Data>
        <Data name="category"><value>benchmark</value></Data>
      </ExtendedData>
      <Polygon>
        <outerBoundaryIs>
          <LinearRing>
            <coordinates>77.79,12.925,0 77.792,12.925,0 77.792,12.927000000000001,0 77.79,12.927000000000001,0 77.79,12.925,0</coordinates>
          </LinearRing>
        </outerBoundaryIs>
      </Polygon>
    </Placemark>
    <Placemark>
      <name>Polygon_559</name>
      <ExtendedData>
        <Data name="id"><value>559</value></Data>
        <Data name="category"><value>benchmark</value></Data>
      </ExtendedData>
      <Polygon>
        <outerBoundaryIs>
          <LinearRing>
            <coordinates>77.795,12.925,0 77.797,12.925,0 77.797,12.927000000000001,0 77.795,12.927000000000001,0 77.795,12.925,0</coordinates>
          </LinearRing>
        </outerBoundaryIs>
      </Polygon>
    </Placemark>
    <Placemark>
      <name>Polygon_560</name>
      <ExtendedData>
        <Data name="id"><value>560</value></Data>
        <Data name="category"><value>benchmark</value></Data>
      </ExtendedData>
      <Polygon>
        <outerBoundaryIs>
          <LinearRing>
            <coordinates>77.8,12.925,0 77.80199999999999,12.925,0 77.80199999999999,12.927000000000001,0 77.8,12.927000000000001,0 77.8,12.925,0</coordinates>
          </LinearRing>
        </outerBoundaryIs>
      </Polygon>
    </Placemark>
    <Placemark>
      <name>Polygon_561</name>
      <ExtendedData>
        <Data name="id"><value>561</value></Data>
        <Data name="category"><value>benchmark</value></Data>
      </ExtendedData>
      <Polygon>
        <outerBoundaryIs>
          <LinearRing>
            <coordinates>77.805,12.925,0 77.807,12.925,0 77.807,12.927000000000001,0 77.805,12.927000000000001,0 77.805,12.925,0</coordinates>
          </LinearRing>
        </outerBoundaryIs>
      </Polygon>
    </Placemark>
    <Placemark>
      <name>Polygon_562</name>
      <ExtendedData>
        <Data name="id"><value>562</value></Data>
        <Data name="category"><value>benchmark</value></Data>
      </ExtendedData>
      <Polygon>
        <outerBoundaryIs>
          <LinearRing>
            <coordinates>77.81,12.925,0 77.812,12.925,0 77.812,12.927000000000001,0 77.81,12.927000000000001,0 77.81,12.925,0</coordinates>
          </LinearRing>
        </outerBoundaryIs>
      </Polygon>
    </Placemark>
    <Placemark>
      <name>Polygon_563</name>
      <ExtendedData>
        <Data name="id"><value>563</value></Data>
        <Data name="category"><value>benchmark</value></Data>
      </ExtendedData>
      <Polygon>
        <outerBoundaryIs>
          <LinearRing>
            <coordinates>77.815,12.925,0 77.817,12.925,0 77.817,12.927000000000001,0 77.815,12.927000000000001,0 77.815,12.925,0</coordinates>
          </LinearRing>
        </outerBoundaryIs>
      </Polygon>
    </Placemark>
    <Placemark>
      <name>Polygon_564</name>
      <ExtendedData>
        <Data name="id"><value>564</value></Data>
        <Data name="category"><value>benchmark</value></Data>
      </ExtendedData>
      <Polygon>
        <outerBoundaryIs>
          <LinearRing>
            <coordinates>77.82,12.925,0 77.82199999999999,12.925,0 77.82199999999999,12.927000000000001,0 77.82,12.927000000000001,0 77.82,12.925,0</coordinates>
          </LinearRing>
        </outerBoundaryIs>
      </Polygon>
    </Placemark>
    <Placemark>
      <name>Polygon_565</name>
      <ExtendedData>
        <Data name="id"><value>565</value></Data>
        <Data name="category"><value>benchmark</value></Data>
      </ExtendedData>
      <Polygon>
        <outerBoundaryIs>
          <LinearRing>
            <coordinates>77.825,12.925,0 77.827,12.925,0 77.827,12.927000000000001,0 77.825,12.927000000000001,0 77.825,12.925,0</coordinates>
          </LinearRing>
        </outerBoundaryIs>
      </Polygon>
    </Placemark>
    <Placemark>
      <name>Polygon_566</name>
      <ExtendedData>
        <Data name="id"><value>566</value></Data>
        <Data name="category"><value>benchmark</value></Data>
      </ExtendedData>
      <Polygon>
        <outerBoundaryIs>
          <LinearRing>
            <coordinates>77.83,12.925,0 77.832,12.925,0 77.832,12.927000000000001,0 77.83,12.927000000000001,0 77.83,12.925,0</coordinates>
          </LinearRing>
        </outerBoundaryIs>
      </Polygon>
    </Placemark>
    <Placemark>
      <name>Polygon_567</name>
      <ExtendedData>
        <Data name="id"><value>567</value></Data>
        <Data name="category"><value>benchmark</value></Data>
      </ExtendedData>
      <Polygon>
        <outerBoundaryIs>
          <LinearRing>
            <coordinates>77.835,12.925,0 77.83699999999999,12.925,0 77.83699999999999,12.927000000000001,0 77.835,12.927000000000001,0 77.835,12.925,0</coordinates>
          </LinearRing>
        </outerBoundaryIs>
      </Polygon>
    </Placemark>
    <Placemark>
      <name>Polygon_568</name>
      <ExtendedData>
        <Data name="id"><value>568</value></Data>
        <Data name="category"><value>benchmark</value></Data>
      </ExtendedData>
      <Polygon>
        <outerBoundaryIs>
          <LinearRing>
            <coordinates>77.84,12.925,0 77.842,12.925,0 77.842,12.927000000000001,0 77.84,12.927000000000001,0 77.84,12.925,0</coordinates>
          </LinearRing>
        </outerBoundaryIs>
      </Polygon>
    </Placemark>
    <Placemark>
      <name>Polygon_569</name>
      <ExtendedData>
        <Data name="id"><value>569</value></Data>
        <Data name="category"><value>benchmark</value></Data>
      </ExtendedData>
      <Polygon>
        <outerBoundaryIs>
          <LinearRing>
            <coordinates>77.845,12.925,0 77.847,12.925,0 77.847,12.927000000000001,0 77.845,12.927000000000001,0 77.845,12.925,0</coordinates>
          </LinearRing>
        </outerBoundaryIs>
      </Polygon>
    </Placemark>
    <Placemark>
      <name>Polygon_570</name>
      <ExtendedData>
        <Data name="id"><value>570</value></Data>
        <Data name="category"><value>benchmark</value></Data>
      </ExtendedData>
      <Polygon>
        <outerBoundaryIs>
          <LinearRing>
            <coordinates>77.85,12.925,0 77.85199999999999,12.925,0 77.85199999999999,12.927000000000001,0 77.85,12.927000000000001,0 77.85,12.925,0</coordinates>
          </LinearRing>
        </outerBoundaryIs>
      </Polygon>
    </Placemark>
    <Placemark>
      <name>Polygon_571</name>
      <ExtendedData>
        <Data name="id"><value>571</value></Data>
        <Data name="category"><value>benchmark</value></Data>
      </ExtendedData>
      <Polygon>
        <outerBoundaryIs>
          <LinearRing>
            <coordinates>77.855,12.925,0 77.857,12.925,0 77.857,12.927000000000001,0 77.855,12.927000000000001,0 77.855,12.925,0</coordinates>
          </LinearRing>
        </outerBoundaryIs>
      </Polygon>
    </Placemark>
    <Placemark>
      <name>Polygon_572</name>
      <ExtendedData>
        <Data name="id"><value>572</value></Data>
        <Data name="category"><value>benchmark</value></Data>
      </ExtendedData>
      <Polygon>
        <outerBoundaryIs>
          <LinearRing>
            <coordinates>77.86,12.925,0 77.862,12.925,0 77.862,12.927000000000001,0 77.86,12.927000000000001,0 77.86,12.925,0</coordinates>
          </LinearRing>
        </outerBoundaryIs>
      </Polygon>
    </Placemark>
    <Placemark>
      <name>Polygon_573</name>
      <ExtendedData>
        <Data name="id"><value>573</value></Data>
        <Data name="category"><value>benchmark</value></Data>
      </ExtendedData>
      <Polygon>
        <outerBoundaryIs>
          <LinearRing>
            <coordinates>77.865,12.925,0 77.86699999999999,12.925,0 77.86699999999999,12.927000000000001,0 77.865,12.927000000000001,0 77.865,12.925,0</coordinates>
          </LinearRing>
        </outerBoundaryIs>
      </Polygon>
    </Placemark>
    <Placemark>
      <name>Polygon_574</name>
      <ExtendedData>
        <Data name="id"><value>574</value></Data>
        <Data name="category"><value>benchmark</value></Data>
      </ExtendedData>
      <Polygon>
        <outerBoundaryIs>
          <LinearRing>
            <coordinates>77.87,12.925,0 77.872,12.925,0 77.872,12.927000000000001,0 77.87,12.927000000000001,0 77.87,12.925,0</coordinates>
          </LinearRing>
        </outerBoundaryIs>
      </Polygon>
    </Placemark>
    <Placemark>
      <name>Polygon_575</name>
      <ExtendedData>
        <Data name="id"><value>575</value></Data>
        <Data name="category"><value>benchmark</value></Data>
      </ExtendedData>
      <Polygon>
        <outerBoundaryIs>
          <LinearRing>
            <coordinates>77.875,12.925,0 77.877,12.925,0 77.877,12.927000000000001,0 77.875,12.927000000000001,0 77.875,12.925,0</coordinates>
          </LinearRing>
        </outerBoundaryIs>
      </Polygon>
    </Placemark>
    <Placemark>
      <name>Polygon_576</name>
      <ExtendedData>
        <Data name="id"><value>576</value></Data>
        <Data name="category"><value>benchmark</value></Data>
      </ExtendedData>
      <Polygon>
        <outerBoundaryIs>
          <LinearRing>
            <coordinates>77.88,12.925,0 77.88199999999999,12.925,0 77.88199999999999,12.927000000000001,0 77.88,12.927000000000001,0 77.88,12.925,0</coordinates>
          </LinearRing>
        </outerBoundaryIs>
      </Polygon>
    </Placemark>
    <Placemark>
      <name>Polygon_577</name>
      <ExtendedData>
        <Data name="id"><value>577</value></Data>
        <Data name="category"><value>benchmark</value></Data>
      </ExtendedData>
      <Polygon>
        <outerBoundaryIs>
          <LinearRing>
            <coordinates>77.885,12.925,0 77.887,12.925,0 77.887,12.927000000000001,0 77.885,12.927000000000001,0 77.885,12.925,0</coordinates>
          </LinearRing>
        </outerBoundaryIs>
      </Polygon>
    </Placemark>
    <Placemark>
      <name>Polygon_578</name>
      <ExtendedData>
        <Data name="id"><value>578</value></Data>
        <Data name="category"><value>benchmark</value></Data>
      </ExtendedData>
      <Polygon>
        <outerBoundaryIs>
          <LinearRing>
            <coordinates>77.89,12.925,0 77.892,12.925,0 77.892,12.927000000000001,0 77.89,12.927000000000001,0 77.89,12.925,0</coordinates>
          </LinearRing>
        </outerBoundaryIs>
      </Polygon>
    </Placemark>
    <Placemark>
      <name>Polygon_579</name>
      <ExtendedData>
        <Data name="id"><value>579</value></Data>
        <Data name="category"><value>benchmark</value></Data>
      </ExtendedData>
      <Polygon>
        <outerBoundaryIs>
          <LinearRing>
            <coordinates>77.895,12.925,0 77.89699999999999,12.925,0 77.89699999999999,12.927000000000001,0 77.895,12.927000000000001,0 77.895,12.925,0</coordinates>
          </LinearRing>
        </outerBoundaryIs>
      </Polygon>
    </Placemark>
    <Placemark>
      <name>Polygon_580</name>
      <ExtendedData>
        <Data name="id"><value>580</value></Data>
        <Data name="category"><value>benchmark</value></Data>
      </ExtendedData>
      <Polygon>
        <outerBoundaryIs>
          <LinearRing>
            <coordinates>77.9,12.925,0 77.902,12.925,0 77.902,12.927000000000001,0 77.9,12.927000000000001,0 77.9,12.925,0</coordinates>
          </LinearRing>
        </outerBoundaryIs>
      </Polygon>
    </Placemark>
    <Placemark>
      <name>Polygon_581</name>
      <ExtendedData>
        <Data name="id"><value>581</value></Data>
        <Data name="category"><value>benchmark</value></Data>
      </ExtendedData>
      <Polygon>
        <outerBoundaryIs>
          <LinearRing>
            <coordinates>77.905,12.925,0 77.907,12.925,0 77.907,12.927000000000001,0 77.905,12.927000000000001,0 77.905,12.925,0</coordinates>
          </LinearRing>
        </outerBoundaryIs>
      </Polygon>
    </Placemark>
    <Placemark>
      <name>Polygon_582</name>
      <ExtendedData>
        <Data name="id"><value>582</value></Data>
        <Data name="category"><value>benchmark</value></Data>
      </ExtendedData>
      <Polygon>
        <outerBoundaryIs>
          <LinearRing>
            <coordinates>77.91,12.925,0 77.91199999999999,12.925,0 77.91199999999999,12.927000000000001,0 77.91,12.927000000000001,0 77.91,12.925,0</coordinates>
          </LinearRing>
        </outerBoundaryIs>
      </Polygon>
    </Placemark>
    <Placemark>
      <name>Polygon_583</name>
      <ExtendedData>
        <Data name="id"><value>583</value></Data>
        <Data name="category"><value>benchmark</value></Data>
      </ExtendedData>
      <Polygon>
        <outerBoundaryIs>
          <LinearRing>
            <coordinates>77.915,12.925,0 77.917,12.925,0 77.917,12.927000000000001,0 77.915,12.927000000000001,0 77.915,12.925,0</coordinates>
          </LinearRing>
        </outerBoundaryIs>
      </Polygon>
    </Placemark>
    <Placemark>
      <name>Polygon_584</name>
      <ExtendedData>
        <Data name="id"><value>584</value></Data>
        <Data name="category"><value>benchmark</value></Data>
      </ExtendedData>
      <Polygon>
        <outerBoundaryIs>
          <LinearRing>
            <coordinates>77.92,12.925,0 77.922,12.925,0 77.922,12.927000000000001,0 77.92,12.927000000000001,0 77.92,12.925,0</coordinates>
          </LinearRing>
        </outerBoundaryIs>
      </Polygon>
    </Placemark>
    <Placemark>
      <name>Polygon_585</name>
      <ExtendedData>
        <Data name="id"><value>585</value></Data>
        <Data name="category"><value>benchmark</value></Data>
      </ExtendedData>
      <Polygon>
        <outerBoundaryIs>
          <LinearRing>
            <coordinates>77.925,12.925,0 77.92699999999999,12.925,0 77.92699999999999,12.927000000000001,0 77.925,12.927000000000001,0 77.925,12.925,0</coordinates>
          </LinearRing>
        </outerBoundaryIs>
      </Polygon>
    </Placemark>
    <Placemark>
      <name>Polygon_586</name>
      <ExtendedData>
        <Data name="id"><value>586</value></Data>
        <Data name="category"><value>benchmark</value></Data>
      </ExtendedData>
      <Polygon>
        <outerBoundaryIs>
          <LinearRing>
            <coordinates>77.93,12.925,0 77.932,12.925,0 77.932,12.927000000000001,0 77.93,12.927000000000001,0 77.93,12.925,0</coordinates>
          </LinearRing>
        </outerBoundaryIs>
      </Polygon>
    </Placemark>
    <Placemark>
      <name>Polygon_587</name>
      <ExtendedData>
        <Data name="id"><value>587</value></Data>
        <Data name="category"><value>benchmark</value></Data>
      </ExtendedData>
      <Polygon>
        <outerBoundaryIs>
          <LinearRing>
            <coordinates>77.935,12.925,0 77.937,12.925,0 77.937,12.927000000000001,0 77.935,12.927000000000001,0 77.935,12.925,0</coordinates>
          </LinearRing>
        </outerBoundaryIs>
      </Polygon>
    </Placemark>
    <Placemark>
      <name>Polygon_588</name>
      <ExtendedData>
        <Data name="id"><value>588</value></Data>
        <Data name="category"><value>benchmark</value></Data>
      </ExtendedData>
      <Polygon>
        <outerBoundaryIs>
          <LinearRing>
            <coordinates>77.94,12.925,0 77.942,12.925,0 77.942,12.927000000000001,0 77.94,12.927000000000001,0 77.94,12.925,0</coordinates>
          </LinearRing>
        </outerBoundaryIs>
      </Polygon>
    </Placemark>
    <Placemark>
      <name>Polygon_589</name>
      <ExtendedData>
        <Data name="id"><value>589</value></Data>
        <Data name="category"><value>benchmark</value></Data>
      </ExtendedData>
      <Polygon>
        <outerBoundaryIs>
          <LinearRing>
            <coordinates>77.945,12.925,0 77.94699999999999,12.925,0 77.94699999999999,12.927000000000001,0 77.945,12.927000000000001,0 77.945,12.925,0</coordinates>
          </LinearRing>
        </outerBoundaryIs>
      </Polygon>
    </Placemark>
    <Placemark>
      <name>Polygon_590</name>
      <ExtendedData>
        <Data name="id"><value>590</value></Data>
        <Data name="category"><value>benchmark</value></Data>
      </ExtendedData>
      <Polygon>
        <outerBoundaryIs>
          <LinearRing>
            <coordinates>77.95,12.925,0 77.952,12.925,0 77.952,12.927000000000001,0 77.95,12.927000000000001,0 77.95,12.925,0</coordinates>
          </LinearRing>
        </outerBoundaryIs>
      </Polygon>
    </Placemark>
    <Placemark>
      <name>Polygon_591</name>
      <ExtendedData>
        <Data name="id"><value>591</value></Data>
        <Data name="category"><value>benchmark</value></Data>
      </ExtendedData>
      <Polygon>
        <outerBoundaryIs>
          <LinearRing>
            <coordinates>77.955,12.925,0 77.957,12.925,0 77.957,12.927000000000001,0 77.955,12.927000000000001,0 77.955,12.925,0</coordinates>
          </LinearRing>
        </outerBoundaryIs>
      </Polygon>
    </Placemark>
    <Placemark>
      <name>Polygon_592</name>
      <ExtendedData>
        <Data name="id"><value>592</value></Data>
        <Data name="category"><value>benchmark</value></Data>
      </ExtendedData>
      <Polygon>
        <outerBoundaryIs>
          <LinearRing>
            <coordinates>77.96,12.925,0 77.96199999999999,12.925,0 77.96199999999999,12.927000000000001,0 77.96,12.927000000000001,0 77.96,12.925,0</coordinates>
          </LinearRing>
        </outerBoundaryIs>
      </Polygon>
    </Placemark>
    <Placemark>
      <name>Polygon_593</name>
      <ExtendedData>
        <Data name="id"><value>593</value></Data>
        <Data name="category"><value>benchmark</value></Data>
      </ExtendedData>
      <Polygon>
        <outerBoundaryIs>
          <LinearRing>
            <coordinates>77.965,12.925,0 77.967,12.925,0 77.967,12.927000000000001,0 77.965,12.927000000000001,0 77.965,12.925,0</coordinates>
          </LinearRing>
        </outerBoundaryIs>
      </Polygon>
    </Placemark>
    <Placemark>
      <name>Polygon_594</name>
      <ExtendedData>
        <Data name="id"><value>594</value></Data>
        <Data name="category"><value>benchmark</value></Data>
      </ExtendedData>
      <Polygon>
        <outerBoundaryIs>
          <LinearRing>
            <coordinates>77.97,12.925,0 77.972,12.925,0 77.972,12.927000000000001,0 77.97,12.927000000000001,0 77.97,12.925,0</coordinates>
          </LinearRing>
        </outerBoundaryIs>
      </Polygon>
    </Placemark>
    <Placemark>
      <name>Polygon_595</name>
      <ExtendedData>
        <Data name="id"><value>595</value></Data>
        <Data name="category"><value>benchmark</value></Data>
      </ExtendedData>
      <Polygon>
        <outerBoundaryIs>
          <LinearRing>
            <coordinates>77.975,12.925,0 77.97699999999999,12.925,0 77.97699999999999,12.927000000000001,0 77.975,12.927000000000001,0 77.975,12.925,0</coordinates>
          </LinearRing>
        </outerBoundaryIs>
      </Polygon>
    </Placemark>
    <Placemark>
      <name>Polygon_596</name>
      <ExtendedData>
        <Data name="id"><value>596</value></Data>
        <Data name="category"><value>benchmark</value></Data>
      </ExtendedData>
      <Polygon>
        <outerBoundaryIs>
          <LinearRing>
            <coordinates>77.98,12.925,0 77.982,12.925,0 77.982,12.927000000000001,0 77.98,12.927000000000001,0 77.98,12.925,0</coordinates>
          </LinearRing>
        </outerBoundaryIs>
      </Polygon>
    </Placemark>
    <Placemark>
      <name>Polygon_597</name>
      <ExtendedData>
        <Data name="id"><value>597</value></Data>
        <Data name="category"><value>benchmark</value></Data>
      </ExtendedData>
      <Polygon>
        <outerBoundaryIs>
          <LinearRing>
            <coordinates>77.985,12.925,0 77.987,12.925,0 77.987,12.927000000000001,0 77.985,12.927000000000001,0 77.985,12.925,0</coordinates>
          </LinearRing>
        </outerBoundaryIs>
      </Polygon>
    </Placemark>
    <Placemark>
      <name>Polygon_598</name>
      <ExtendedData>
        <Data name="id"><value>598</value></Data>
        <Data name="category"><value>benchmark</value></Data>
      </ExtendedData>
      <Polygon>
        <outerBoundaryIs>
          <LinearRing>
            <coordinates>77.99,12.925,0 77.99199999999999,12.925,0 77.99199999999999,12.927000000000001,0 77.99,12.927000000000001,0 77.99,12.925,0</coordinates>
          </LinearRing>
        </outerBoundaryIs>
      </Polygon>
    </Placemark>
    <Placemark>
      <name>Polygon_599</name>
      <ExtendedData>
        <Data name="id"><value>599</value></Data>
        <Data name="category"><value>benchmark</value></Data>
      </ExtendedData>
      <Polygon>
        <outerBoundaryIs>
          <LinearRing>
            <coordinates>77.995,12.925,0 77.997,12.925,0 77.997,12.927000000000001,0 77.995,12.927000000000001,0 77.995,12.925,0</coordinates>
          </LinearRing>
        </outerBoundaryIs>
      </Polygon>
    </Placemark>
    <Placemark>
      <name>Polygon_600</name>
      <ExtendedData>
        <Data name="id"><value>600</value></Data>
        <Data name="category"><value>benchmark</value></Data>
      </ExtendedData>
      <Polygon>
        <outerBoundaryIs>
          <LinearRing>
            <coordinates>77.5,12.93,0 77.502,12.93,0 77.502,12.932,0 77.5,12.932,0 77.5,12.93,0</coordinates>
          </LinearRing>
        </outerBoundaryIs>
      </Polygon>
    </Placemark>
    <Placemark>
      <name>Polygon_601</name>
      <ExtendedData>
        <Data name="id"><value>601</value></Data>
        <Data name="category"><value>benchmark</value></Data>
      </ExtendedData>
      <Polygon>
        <outerBoundaryIs>
          <LinearRing>
            <coordinates>77.505,12.93,0 77.50699999999999,12.93,0 77.50699999999999,12.932,0 77.505,12.932,0 77.505,12.93,0</coordinates>
          </LinearRing>
        </outerBoundaryIs>
      </Polygon>
    </Placemark>
    <Placemark>
      <name>Polygon_602</name>
      <ExtendedData>
        <Data name="id"><value>602</value></Data>
        <Data name="category"><value>benchmark</value></Data>
      </ExtendedData>
      <Polygon>
        <outerBoundaryIs>
          <LinearRing>
            <coordinates>77.51,12.93,0 77.512,12.93,0 77.512,12.932,0 77.51,12.932,0 77.51,12.93,0</coordinates>
          </LinearRing>
        </outerBoundaryIs>
      </Polygon>
    </Placemark>
    <Placemark>
      <name>Polygon_603</name>
      <ExtendedData>
        <Data name="id"><value>603</value></Data>
        <Data name="category"><value>benchmark</value></Data>
      </ExtendedData>
      <Polygon>
        <outerBoundaryIs>
          <LinearRing>
            <coordinates>77.515,12.93,0 77.517,12.93,0 77.517,12.932,0 77.515,12.932,0 77.515,12.93,0</coordinates>
          </LinearRing>
        </outerBoundaryIs>
      </Polygon>
    </Placemark>
    <Placemark>
      <name>Polygon_604</name>
      <ExtendedData>
        <Data name="id"><value>604</value></Data>
        <Data name="category"><value>benchmark</value></Data>
      </ExtendedData>
      <Polygon>
        <outerBoundaryIs>
          <LinearRing>
            <coordinates>77.52,12.93,0 77.52199999999999,12.93,0 77.52199999999999,12.932,0 77.52,12.932,0 77.52,12.93,0</coordinates>
          </LinearRing>
        </outerBoundaryIs>
      </Polygon>
    </Placemark>
    <Placemark>
      <name>Polygon_605</name>
      <ExtendedData>
        <Data name="id"><value>605</value></Data>
        <Data name="category"><value>benchmark</value></Data>
      </ExtendedData>
      <Polygon>
        <outerBoundaryIs>
          <LinearRing>
            <coordinates>77.525,12.93,0 77.527,12.93,0 77.527,12.932,0 77.525,12.932,0 77.525,12.93,0</coordinates>
          </LinearRing>
        </outerBoundaryIs>
      </Polygon>
    </Placemark>
    <Placemark>
      <name>Polygon_606</name>
      <ExtendedData>
        <Data name="id"><value>606</value></Data>
        <Data name="category"><value>benchmark</value></Data>
      </ExtendedData>
      <Polygon>
        <outerBoundaryIs>
          <LinearRing>
            <coordinates>77.53,12.93,0 77.532,12.93,0 77.532,12.932,0 77.53,12.932,0 77.53,12.93,0</coordinates>
          </LinearRing>
        </outerBoundaryIs>
      </Polygon>
    </Placemark>
    <Placemark>
      <name>Polygon_607</name>
      <ExtendedData>
        <Data name="id"><value>607</value></Data>
        <Data name="category"><value>benchmark</value></Data>
      </ExtendedData>
      <Polygon>
        <outerBoundaryIs>
          <LinearRing>
            <coordinates>77.535,12.93,0 77.53699999999999,12.93,0 77.53699999999999,12.932,0 77.535,12.932,0 77.535,12.93,0</coordinates>
          </LinearRing>
        </outerBoundaryIs>
      </Polygon>
    </Placemark>
    <Placemark>
      <name>Polygon_608</name>
      <ExtendedData>
        <Data name="id"><value>608</value></Data>
        <Data name="category"><value>benchmark</value></Data>
      </ExtendedData>
      <Polygon>
        <outerBoundaryIs>
          <LinearRing>
            <coordinates>77.54,12.93,0 77.542,12.93,0 77.542,12.932,0 77.54,12.932,0 77.54,12.93,0</coordinates>
          </LinearRing>
        </outerBoundaryIs>
      </Polygon>
    </Placemark>
    <Placemark>
      <name>Polygon_609</name>
      <ExtendedData>
        <Data name="id"><value>609</value></Data>
        <Data name="category"><value>benchmark</value></Data>
      </ExtendedData>
      <Polygon>
        <outerBoundaryIs>
          <LinearRing>
            <coordinates>77.545,12.93,0 77.547,12.93,0 77.547,12.932,0 77.545,12.932,0 77.545,12.93,0</coordinates>
          </LinearRing>
        </outerBoundaryIs>
      </Polygon>
    </Placemark>
    <Placemark>
      <name>Polygon_610</name>
      <ExtendedData>
        <Data name="id"><value>610</value></Data>
        <Data name="category"><value>benchmark</value></Data>
      </ExtendedData>
      <Polygon>
        <outerBoundaryIs>
          <LinearRing>
            <coordinates>77.55,12.93,0 77.55199999999999,12.93,0 77.55199999999999,12.932,0 77.55,12.932,0 77.55,12.93,0</coordinates>
          </LinearRing>
        </outerBoundaryIs>
      </Polygon>
    </Placemark>
    <Placemark>
      <name>Polygon_611</name>
      <ExtendedData>
        <Data name="id"><value>611</value></Data>
        <Data name="category"><value>benchmark</value></Data>
      </ExtendedData>
      <Polygon>
        <outerBoundaryIs>
          <LinearRing>
            <coordinates>77.555,12.93,0 77.557,12.93,0 77.557,12.932,0 77.555,12.932,0 77.555,12.93,0</coordinates>
          </LinearRing>
        </outerBoundaryIs>
      </Polygon>
    </Placemark>
    <Placemark>
      <name>Polygon_612</name>
      <ExtendedData>
        <Data name="id"><value>612</value></Data>
        <Data name="category"><value>benchmark</value></Data>
      </ExtendedData>
      <Polygon>
        <outerBoundaryIs>
          <LinearRing>
            <coordinates>77.56,12.93,0 77.562,12.93,0 77.562,12.932,0 77.56,12.932,0 77.56,12.93,0</coordinates>
          </LinearRing>
        </outerBoundaryIs>
      </Polygon>
    </Placemark>
    <Placemark>
      <name>Polygon_613</name>
      <ExtendedData>
        <Data name="id"><value>613</value></Data>
        <Data name="category"><value>benchmark</value></Data>
      </ExtendedData>
      <Polygon>
        <outerBoundaryIs>
          <LinearRing>
            <coordinates>77.565,12.93,0 77.567,12.93,0 77.567,12.932,0 77.565,12.932,0 77.565,12.93,0</coordinates>
          </LinearRing>
        </outerBoundaryIs>
      </Polygon>
    </Placemark>
    <Placemark>
      <name>Polygon_614</name>
      <ExtendedData>
        <Data name="id"><value>614</value></Data>
        <Data name="category"><value>benchmark</value></Data>
      </ExtendedData>
      <Polygon>
        <outerBoundaryIs>
          <LinearRing>
            <coordinates>77.57,12.93,0 77.57199999999999,12.93,0 77.57199999999999,12.932,0 77.57,12.932,0 77.57,12.93,0</coordinates>
          </LinearRing>
        </outerBoundaryIs>
      </Polygon>
    </Placemark>
    <Placemark>
      <name>Polygon_615</name>
      <ExtendedData>
        <Data name="id"><value>615</value></Data>
        <Data name="category"><value>benchmark</value></Data>
      </ExtendedData>
      <Polygon>
        <outerBoundaryIs>
          <LinearRing>
            <coordinates>77.575,12.93,0 77.577,12.93,0 77.577,12.932,0 77.575,12.932,0 77.575,12.93,0</coordinates>
          </LinearRing>
        </outerBoundaryIs>
      </Polygon>
    </Placemark>
    <Placemark>
      <name>Polygon_616</name>
      <ExtendedData>
        <Data name="id"><value>616</value></Data>
        <Data name="category"><value>benchmark</value></Data>
      </ExtendedData>
      <Polygon>
        <outerBoundaryIs>
          <LinearRing>
            <coordinates>77.58,12.93,0 77.582,12.93,0 77.582,12.932,0 77.58,12.932,0 77.58,12.93,0</coordinates>
          </LinearRing>
        </outerBoundaryIs>
      </Polygon>
    </Placemark>
    <Placemark>
      <name>Polygon_617</name>
      <ExtendedData>
        <Data name="id"><value>617</value></Data>
        <Data name="category"><value>benchmark</value></Data>
      </ExtendedData>
      <Polygon>
        <outerBoundaryIs>
          <LinearRing>
            <coordinates>77.585,12.93,0 77.58699999999999,12.93,0 77.58699999999999,12.932,0 77.585,12.932,0 77.585,12.93,0</coordinates>
          </LinearRing>
        </outerBoundaryIs>
      </Polygon>
    </Placemark>
    <Placemark>
      <name>Polygon_618</name>
      <ExtendedData>
        <Data name="id"><value>618</value></Data>
        <Data name="category"><value>benchmark</value></Data>
      </ExtendedData>
      <Polygon>
        <outerBoundaryIs>
          <LinearRing>
            <coordinates>77.59,12.93,0 77.592,12.93,0 77.592,12.932,0 77.59,12.932,0 77.59,12.93,0</coordinates>
          </LinearRing>
        </outerBoundaryIs>
      </Polygon>
    </Placemark>
    <Placemark>
      <name>Polygon_619</name>
      <ExtendedData>
        <Data name="id"><value>619</value></Data>
        <Data name="category"><value>benchmark</value></Data>
      </ExtendedData>
      <Polygon>
        <outerBoundaryIs>
          <LinearRing>
            <coordinates>77.595,12.93,0 77.597,12.93,0 77.597,12.932,0 77.595,12.932,0 77.595,12.93,0</coordinates>
          </LinearRing>
        </outerBoundaryIs>
      </Polygon>
    </Placemark>
    <Placemark>
      <name>Polygon_620</name>
      <ExtendedData>
        <Data name="id"><value>620</value></Data>
        <Data name="category"><value>benchmark</value></Data>
      </ExtendedData>
      <Polygon>
        <outerBoundaryIs>
          <LinearRing>
            <coordinates>77.6,12.93,0 77.60199999999999,12.93,0 77.60199999999999,12.932,0 77.6,12.932,0 77.6,12.93,0</coordinates>
          </LinearRing>
        </outerBoundaryIs>
      </Polygon>
    </Placemark>
    <Placemark>
      <name>Polygon_621</name>
      <ExtendedData>
        <Data name="id"><value>621</value></Data>
        <Data name="category"><value>benchmark</value></Data>
      </ExtendedData>
      <Polygon>
        <outerBoundaryIs>
          <LinearRing>
            <coordinates>77.605,12.93,0 77.607,12.93,0 77.607,12.932,0 77.605,12.932,0 77.605,12.93,0</coordinates>
          </LinearRing>
        </outerBoundaryIs>
      </Polygon>
    </Placemark>
    <Placemark>
      <name>Polygon_622</name>
      <ExtendedData>
        <Data name="id"><value>622</value></Data>
        <Data name="category"><value>benchmark</value></Data>
      </ExtendedData>
      <Polygon>
        <outerBoundaryIs>
          <LinearRing>
            <coordinates>77.61,12.93,0 77.612,12.93,0 77.612,12.932,0 77.61,12.932,0 77.61,12.93,0</coordinates>
          </LinearRing>
        </outerBoundaryIs>
      </Polygon>
    </Placemark>
    <Placemark>
      <name>Polygon_623</name>
      <ExtendedData>
        <Data name="id"><value>623</value></Data>
        <Data name="category"><value>benchmark</value></Data>
      </ExtendedData>
      <Polygon>
        <outerBoundaryIs>
          <LinearRing>
            <coordinates>77.615,12.93,0 77.61699999999999,12.93,0 77.61699999999999,12.932,0 77.615,12.932,0 77.615,12.93,0</coordinates>
          </LinearRing>
        </outerBoundaryIs>
      </Polygon>
    </Placemark>
    <Placemark>
      <name>Polygon_624</name>
      <ExtendedData>
        <Data name="id"><value>624</value></Data>
        <Data name="category"><value>benchmark</value></Data>
      </ExtendedData>
      <Polygon>
        <outerBoundaryIs>
          <LinearRing>
            <coordinates>77.62,12.93,0 77.622,12.93,0 77.622,12.932,0 77.62,12.932,0 77.62,12.93,0</coordinates>
          </LinearRing>
        </outerBoundaryIs>
      </Polygon>
    </Placemark>
    <Placemark>
      <name>Polygon_625</name>
      <ExtendedData>
        <Data name="id"><value>625</value></Data>
        <Data name="category"><value>benchmark</value></Data>
      </ExtendedData>
      <Polygon>
        <outerBoundaryIs>
          <LinearRing>
            <coordinates>77.625,12.93,0 77.627,12.93,0 77.627,12.932,0 77.625,12.932,0 77.625,12.93,0</coordinates>
          </LinearRing>
        </outerBoundaryIs>
      </Polygon>
    </Placemark>
    <Placemark>
      <name>Polygon_626</name>
      <ExtendedData>
        <Data name="id"><value>626</value></Data>
        <Data name="category"><value>benchmark</value></Data>
      </ExtendedData>
      <Polygon>
        <outerBoundaryIs>
          <LinearRing>
            <coordinates>77.63,12.93,0 77.63199999999999,12.93,0 77.63199999999999,12.932,0 77.63,12.932,0 77.63,12.93,0</coordinates>
          </LinearRing>
        </outerBoundaryIs>
      </Polygon>
    </Placemark>
    <Placemark>
      <name>Polygon_627</name>
      <ExtendedData>
        <Data name="id"><value>627</value></Data>
        <Data name="category"><value>benchmark</value></Data>
      </ExtendedData>
      <Polygon>
        <outerBoundaryIs>
          <LinearRing>
            <coordinates>77.635,12.93,0 77.637,12.93,0 77.637,12.932,0 77.635,12.932,0 77.635,12.93,0</coordinates>
          </LinearRing>
        </outerBoundaryIs>
      </Polygon>
    </Placemark>
    <Placemark>
      <name>Polygon_628</name>
      <ExtendedData>
        <Data name="id"><value>628</value></Data>
        <Data name="category"><value>benchmark</value></Data>
      </ExtendedData>
      <Polygon>
        <outerBoundaryIs>
          <LinearRing>
            <coordinates>77.64,12.93,0 77.642,12.93,0 77.642,12.932,0 77.64,12.932,0 77.64,12.93,0</coordinates>
          </LinearRing>
        </outerBoundaryIs>
      </Polygon>
    </Placemark>
    <Placemark>
      <name>Polygon_629</name>
      <ExtendedData>
        <Data name="id"><value>629</value></Data>
        <Data name="category"><value>benchmark</value></Data>
      </ExtendedData>
      <Polygon>
        <outerBoundaryIs>
          <LinearRing>
            <coordinates>77.645,12.93,0 77.64699999999999,12.93,0 77.64699999999999,12.932,0 77.645,12.932,0 77.645,12.93,0</coordinates>
          </LinearRing>
        </outerBoundaryIs>
      </Polygon>
    </Placemark>
    <Placemark>
      <name>Polygon_630</name>
      <ExtendedData>
        <Data name="id"><value>630</value></Data>
        <Data name="category"><value>benchmark</value></Data>
      </ExtendedData>
      <Polygon>
        <outerBoundaryIs>
          <LinearRing>
            <coordinates>77.65,12.93,0 77.652,12.93,0 77.652,12.932,0 77.65,12.932,0 77.65,12.93,0</coordinates>
          </LinearRing>
        </outerBoundaryIs>
      </Polygon>
    </Placemark>
    <Placemark>
      <name>Polygon_631</name>
      <ExtendedData>
        <Data name="id"><value>631</value></Data>
        <Data name="category"><value>benchmark</value></Data>
      </ExtendedData>
      <Polygon>
        <outerBoundaryIs>
          <LinearRing>
            <coordinates>77.655,12.93,0 77.657,12.93,0 77.657,12.932,0 77.655,12.932,0 77.655,12.93,0</coordinates>
          </LinearRing>
        </outerBoundaryIs>
      </Polygon>
    </Placemark>
    <Placemark>
      <name>Polygon_632</name>
      <ExtendedData>
        <Data name="id"><value>632</value></Data>
        <Data name="category"><value>benchmark</value></Data>
      </ExtendedData>
      <Polygon>
        <outerBoundaryIs>
          <LinearRing>
            <coordinates>77.66,12.93,0 77.66199999999999,12.93,0 77.66199999999999,12.932,0 77.66,12.932,0 77.66,12.93,0</coordinates>
          </LinearRing>
        </outerBoundaryIs>
      </Polygon>
    </Placemark>
    <Placemark>
      <name>Polygon_633</name>
      <ExtendedData>
        <Data name="id"><value>633</value></Data>
        <Data name="category"><value>benchmark</value></Data>
      </ExtendedData>
      <Polygon>
        <outerBoundaryIs>
          <LinearRing>
            <coordinates>77.665,12.93,0 77.667,12.93,0 77.667,12.932,0 77.665,12.932,0 77.665,12.93,0</coordinates>
          </LinearRing>
        </outerBoundaryIs>
      </Polygon>
    </Placemark>
    <Placemark>
      <name>Polygon_634</name>
      <ExtendedData>
        <Data name="id"><value>634</value></Data>
        <Data name="category"><value>benchmark</value></Data>
      </ExtendedData>
      <Polygon>
        <outerBoundaryIs>
          <LinearRing>
            <coordinates>77.67,12.93,0 77.672,12.93,0 77.672,12.932,0 77.67,12.932,0 77.67,12.93,0</coordinates>
          </LinearRing>
        </outerBoundaryIs>
      </Polygon>
    </Placemark>
    <Placemark>
      <name>Polygon_635</name>
      <ExtendedData>
        <Data name="id"><value>635</value></Data>
        <Data name="category"><value>benchmark</value></Data>
      </ExtendedData>
      <Polygon>
        <outerBoundaryIs>
          <LinearRing>
            <coordinates>77.675,12.93,0 77.67699999999999,12.93,0 77.67699999999999,12.932,0 77.675,12.932,0 77.675,12.93,0</coordinates>
          </LinearRing>
        </outerBoundaryIs>
      </Polygon>
    </Placemark>
    <Placemark>
      <name>Polygon_636</name>
      <ExtendedData>
        <Data name="id"><value>636</value></Data>
        <Data name="category"><value>benchmark</value></Data>
      </ExtendedData>
      <Polygon>
        <outerBoundaryIs>
          <LinearRing>
            <coordinates>77.68,12.93,0 77.682,12.93,0 77.682,12.932,0 77.68,12.932,0 77.68,12.93,0</coordinates>
          </LinearRing>
        </outerBoundaryIs>
      </Polygon>
    </Placemark>
    <Placemark>
      <name>Polygon_637</name>
      <ExtendedData>
        <Data name="id"><value>637</value></Data>
        <Data name="category"><value>benchmark</value></Data>
      </ExtendedData>
      <Polygon>
        <outerBoundaryIs>
          <LinearRing>
            <coordinates>77.685,12.93,0 77.687,12.93,0 77.687,12.932,0 77.685,12.932,0 77.685,12.93,0</coordinates>
          </LinearRing>
        </outerBoundaryIs>
      </Polygon>
    </Placemark>
    <Placemark>
      <name>Polygon_638</name>
      <ExtendedData>
        <Data name="id"><value>638</value></Data>
        <Data name="category"><value>benchmark</value></Data>
      </ExtendedData>
      <Polygon>
        <outerBoundaryIs>
          <LinearRing>
            <coordinates>77.69,12.93,0 77.692,12.93,0 77.692,12.932,0 77.69,12.932,0 77.69,12.93,0</coordinates>
          </LinearRing>
        </outerBoundaryIs>
      </Polygon>
    </Placemark>
    <Placemark>
      <name>Polygon_639</name>
      <ExtendedData>
        <Data name="id"><value>639</value></Data>
        <Data name="category"><value>benchmark</value></Data>
      </ExtendedData>
      <Polygon>
        <outerBoundaryIs>
          <LinearRing>
            <coordinates>77.695,12.93,0 77.69699999999999,12.93,0 77.69699999999999,12.932,0 77.695,12.932,0 77.695,12.93,0</coordinates>
          </LinearRing>
        </outerBoundaryIs>
      </Polygon>
    </Placemark>
    <Placemark>
      <name>Polygon_640</name>
      <ExtendedData>
        <Data name="id"><value>640</value></Data>
        <Data name="category"><value>benchmark</value></Data>
      </ExtendedData>
      <Polygon>
        <outerBoundaryIs>
          <LinearRing>
            <coordinates>77.7,12.93,0 77.702,12.93,0 77.702,12.932,0 77.7,12.932,0 77.7,12.93,0</coordinates>
          </LinearRing>
        </outerBoundaryIs>
      </Polygon>
    </Placemark>
    <Placemark>
      <name>Polygon_641</name>
      <ExtendedData>
        <Data name="id"><value>641</value></Data>
        <Data name="category"><value>benchmark</value></Data>
      </ExtendedData>
      <Polygon>
        <outerBoundaryIs>
          <LinearRing>
            <coordinates>77.705,12.93,0 77.707,12.93,0 77.707,12.932,0 77.705,12.932,0 77.705,12.93,0</coordinates>
          </LinearRing>
        </outerBoundaryIs>
      </Polygon>
    </Placemark>
    <Placemark>
      <name>Polygon_642</name>
      <ExtendedData>
        <Data name="id"><value>642</value></Data>
        <Data name="category"><value>benchmark</value></Data>
      </ExtendedData>
      <Polygon>
        <outerBoundaryIs>
          <LinearRing>
            <coordinates>77.71,12.93,0 77.71199999999999,12.93,0 77.71199999999999,12.932,0 77.71,12.932,0 77.71,12.93,0</coordinates>
          </LinearRing>
        </outerBoundaryIs>
      </Polygon>
    </Placemark>
    <Placemark>
      <name>Polygon_643</name>
      <ExtendedData>
        <Data name="id"><value>643</value></Data>
        <Data name="category"><value>benchmark</value></Data>
      </ExtendedData>
      <Polygon>
        <outerBoundaryIs>
          <LinearRing>
            <coordinates>77.715,12.93,0 77.717,12.93,0 77.717,12.932,0 77.715,12.932,0 77.715,12.93,0</coordinates>
          </LinearRing>
        </outerBoundaryIs>
      </Polygon>
    </Placemark>
    <Placemark>
      <name>Polygon_644</name>
      <ExtendedData>
        <Data name="id"><value>644</value></Data>
        <Data name="category"><value>benchmark</value></Data>
      </ExtendedData>
      <Polygon>
        <outerBoundaryIs>
          <LinearRing>
            <coordinates>77.72,12.93,0 77.722,12.93,0 77.722,12.932,0 77.72,12.932,0 77.72,12.93,0</coordinates>
          </LinearRing>
        </outerBoundaryIs>
      </Polygon>
    </Placemark>
    <Placemark>
      <name>Polygon_645</name>
      <ExtendedData>
        <Data name="id"><value>645</value></Data>
        <Data name="category"><value>benchmark</value></Data>
      </ExtendedData>
      <Polygon>
        <outerBoundaryIs>
          <LinearRing>
            <coordinates>77.725,12.93,0 77.72699999999999,12.93,0 77.72699999999999,12.932,0 77.725,12.932,0 77.725,12.93,0</coordinates>
          </LinearRing>
        </outerBoundaryIs>
      </Polygon>
    </Placemark>
    <Placemark>
      <name>Polygon_646</name>
      <ExtendedData>
        <Data name="id"><value>646</value></Data>
        <Data name="category"><value>benchmark</value></Data>
      </ExtendedData>
      <Polygon>
        <outerBoundaryIs>
          <LinearRing>
            <coordinates>77.73,12.93,0 77.732,12.93,0 77.732,12.932,0 77.73,12.932,0 77.73,12.93,0</coordinates>
          </LinearRing>
        </outerBoundaryIs>
      </Polygon>
    </Placemark>
    <Placemark>
      <name>Polygon_647</name>
      <ExtendedData>
        <Data name="id"><value>647</value></Data>
        <Data name="category"><value>benchmark</value></Data>
      </ExtendedData>
      <Polygon>
        <outerBoundaryIs>
          <LinearRing>
            <coordinates>77.735,12.93,0 77.737,12.93,0 77.737,12.932,0 77.735,12.932,0 77.735,12.93,0</coordinates>
          </LinearRing>
        </outerBoundaryIs>
      </Polygon>
    </Placemark>
    <Placemark>
      <name>Polygon_648</name>
      <ExtendedData>
        <Data name="id"><value>648</value></Data>
        <Data name="category"><value>benchmark</value></Data>
      </ExtendedData>
      <Polygon>
        <outerBoundaryIs>
          <LinearRing>
            <coordinates>77.74,12.93,0 77.74199999999999,12.93,0 77.74199999999999,12.932,0 77.74,12.932,0 77.74,12.93,0</coordinates>
          </LinearRing>
        </outerBoundaryIs>
      </Polygon>
    </Placemark>
    <Placemark>
      <name>Polygon_649</name>
      <ExtendedData>
        <Data name="id"><value>649</value></Data>
        <Data name="category"><value>benchmark</value></Data>
      </ExtendedData>
      <Polygon>
        <outerBoundaryIs>
          <LinearRing>
            <coordinates>77.745,12.93,0 77.747,12.93,0 77.747,12.932,0 77.745,12.932,0 77.745,12.93,0</coordinates>
          </LinearRing>
        </outerBoundaryIs>
      </Polygon>
    </Placemark>
    <Placemark>
      <name>Polygon_650</name>
      <ExtendedData>
        <Data name="id"><value>650</value></Data>
        <Data name="category"><value>benchmark</value></Data>
      </ExtendedData>
      <Polygon>
        <outerBoundaryIs>
          <LinearRing>
            <coordinates>77.75,12.93,0 77.752,12.93,0 77.752,12.932,0 77.75,12.932,0 77.75,12.93,0</coordinates>
          </LinearRing>
        </outerBoundaryIs>
      </Polygon>
    </Placemark>
    <Placemark>
      <name>Polygon_651</name>
      <ExtendedData>
        <Data name="id"><value>651</value></Data>
        <Data name="category"><value>benchmark</value></Data>
      </ExtendedData>
      <Polygon>
        <outerBoundaryIs>
          <LinearRing>
            <coordinates>77.755,12.93,0 77.75699999999999,12.93,0 77.75699999999999,12.932,0 77.755,12.932,0 77.755,12.93,0</coordinates>
          </LinearRing>
        </outerBoundaryIs>
      </Polygon>
    </Placemark>
    <Placemark>
      <name>Polygon_652</name>
      <ExtendedData>
        <Data name="id"><value>652</value></Data>
        <Data name="category"><value>benchmark</value></Data>
      </ExtendedData>
      <Polygon>
        <outerBoundaryIs>
          <LinearRing>
            <coordinates>77.76,12.93,0 77.762,12.93,0 77.762,12.932,0 77.76,12.932,0 77.76,12.93,0</coordinates>
          </LinearRing>
        </outerBoundaryIs>
      </Polygon>
    </Placemark>
    <Placemark>
      <name>Polygon_653</name>
      <ExtendedData>
        <Data name="id"><value>653</value></Data>
        <Data name="category"><value>benchmark</value></Data>
      </ExtendedData>
      <Polygon>
        <outerBoundaryIs>
          <LinearRing>
            <coordinates>77.765,12.93,0 77.767,12.93,0 77.767,12.932,0 77.765,12.932,0 77.765,12.93,0</coordinates>
          </LinearRing>
        </outerBoundaryIs>
      </Polygon>
    </Placemark>
    <Placemark>
      <name>Polygon_654</name>
      <ExtendedData>
        <Data name="id"><value>654</value></Data>
        <Data name="category"><value>benchmark</value></Data>
      </ExtendedData>
      <Polygon>
        <outerBoundaryIs>
          <LinearRing>
            <coordinates>77.77,12.93,0 77.77199999999999,12.93,0 77.77199999999999,12.932,0 77.77,12.932,0 77.77,12.93,0</coordinates>
          </LinearRing>
        </outerBoundaryIs>
      </Polygon>
    </Placemark>
    <Placemark>
      <name>Polygon_655</name>
      <ExtendedData>
        <Data name="id"><value>655</value></Data>
        <Data name="category"><value>benchmark</value></Data>
      </ExtendedData>
      <Polygon>
        <outerBoundaryIs>
          <LinearRing>
            <coordinates>77.775,12.93,0 77.777,12.93,0 77.777,12.932,0 77.775,12.932,0 77.775,12.93,0</coordinates>
          </LinearRing>
        </outerBoundaryIs>
      </Polygon>
    </Placemark>
    <Placemark>
      <name>Polygon_656</name>
      <ExtendedData>
        <Data name="id"><value>656</value></Data>
        <Data name="category"><value>benchmark</value></Data>
      </ExtendedData>
      <Polygon>
        <outerBoundaryIs>
          <LinearRing>
            <coordinates>77.78,12.93,0 77.782,12.93,0 77.782,12.932,0 77.78,12.932,0 77.78,12.93,0</coordinates>
          </LinearRing>
        </outerBoundaryIs>
      </Polygon>
    </Placemark>
    <Placemark>
      <name>Polygon_657</name>
      <ExtendedData>
        <Data name="id"><value>657</value></Data>
        <Data name="category"><value>benchmark</value></Data>
      </ExtendedData>
      <Polygon>
        <outerBoundaryIs>
          <LinearRing>
            <coordinates>77.785,12.93,0 77.78699999999999,12.93,0 77.78699999999999,12.932,0 77.785,12.932,0 77.785,12.93,0</coordinates>
          </LinearRing>
        </outerBoundaryIs>
      </Polygon>
    </Placemark>
    <Placemark>
      <name>Polygon_658</name>
      <ExtendedData>
        <Data name="id"><value>658</value></Data>
        <Data name="category"><value>benchmark</value></Data>
      </ExtendedData>
      <Polygon>
        <outerBoundaryIs>
          <LinearRing>
            <coordinates>77.79,12.93,0 77.792,12.93,0 77.792,12.932,0 77.79,12.932,0 77.79,12.93,0</coordinates>
          </LinearRing>
        </outerBoundaryIs>
      </Polygon>
    </Placemark>
    <Placemark>
      <name>Polygon_659</name>
      <ExtendedData>
        <Data name="id"><value>659</value></Data>
        <Data name="category"><value>benchmark</value></Data>
      </ExtendedData>
      <Polygon>
        <outerBoundaryIs>
          <LinearRing>
            <coordinates>77.795,12.93,0 77.797,12.93,0 77.797,12.932,0 77.795,12.932,0 77.795,12.93,0</coordinates>
          </LinearRing>
        </outerBoundaryIs>
      </Polygon>
    </Placemark>
    <Placemark>
      <name>Polygon_660</name>
      <ExtendedData>
        <Data name="id"><value>660</value></Data>
        <Data name="category"><value>benchmark</value></Data>
      </ExtendedData>
      <Polygon>
        <outerBoundaryIs>
          <LinearRing>
            <coordinates>77.8,12.93,0 77.80199999999999,12.93,0 77.80199999999999,12.932,0 77.8,12.932,0 77.8,12.93,0</coordinates>
          </LinearRing>
        </outerBoundaryIs>
      </Polygon>
    </Placemark>
    <Placemark>
      <name>Polygon_661</name>
      <ExtendedData>
        <Data name="id"><value>661</value></Data>
        <Data name="category"><value>benchmark</value></Data>
      </ExtendedData>
      <Polygon>
        <outerBoundaryIs>
          <LinearRing>
            <coordinates>77.805,12.93,0 77.807,12.93,0 77.807,12.932,0 77.805,12.932,0 77.805,12.93,0</coordinates>
          </LinearRing>
        </outerBoundaryIs>
      </Polygon>
    </Placemark>
    <Placemark>
      <name>Polygon_662</name>
      <ExtendedData>
        <Data name="id"><value>662</value></Data>
        <Data name="category"><value>benchmark</value></Data>
      </ExtendedData>
      <Polygon>
        <outerBoundaryIs>
          <LinearRing>
            <coordinates>77.81,12.93,0 77.812,12.93,0 77.812,12.932,0 77.81,12.932,0 77.81,12.93,0</coordinates>
          </LinearRing>
        </outerBoundaryIs>
      </Polygon>
    </Placemark>
    <Placemark>
      <name>Polygon_663</name>
      <ExtendedData>
        <Data name="id"><value>663</value></Data>
        <Data name="category"><value>benchmark</value></Data>
      </ExtendedData>
      <Polygon>
        <outerBoundaryIs>
          <LinearRing>
            <coordinates>77.815,12.93,0 77.817,12.93,0 77.817,12.932,0 77.815,12.932,0 77.815,12.93,0</coordinates>
          </LinearRing>
        </outerBoundaryIs>
      </Polygon>
    </Placemark>
    <Placemark>
      <name>Polygon_664</name>
      <ExtendedData>
        <Data name="id"><value>664</value></Data>
        <Data name="category"><value>benchmark</value></Data>
      </ExtendedData>
      <Polygon>
        <outerBoundaryIs>
          <LinearRing>
            <coordinates>77.82,12.93,0 77.82199999999999,12.93,0 77.82199999999999,12.932,0 77.82,12.932,0 77.82,12.93,0</coordinates>
          </LinearRing>
        </outerBoundaryIs>
      </Polygon>
    </Placemark>
    <Placemark>
      <name>Polygon_665</name>
      <ExtendedData>
        <Data name="id"><value>665</value></Data>
        <Data name="category"><value>benchmark</value></Data>
      </ExtendedData>
      <Polygon>
        <outerBoundaryIs>
          <LinearRing>
            <coordinates>77.825,12.93,0 77.827,12.93,0 77.827,12.932,0 77.825,12.932,0 77.825,12.93,0</coordinates>
          </LinearRing>
        </outerBoundaryIs>
      </Polygon>
    </Placemark>
    <Placemark>
      <name>Polygon_666</name>
      <ExtendedData>
        <Data name="id"><value>666</value></Data>
        <Data name="category"><value>benchmark</value></Data>
      </ExtendedData>
      <Polygon>
        <outerBoundaryIs>
          <LinearRing>
            <coordinates>77.83,12.93,0 77.832,12.93,0 77.832,12.932,0 77.83,12.932,0 77.83,12.93,0</coordinates>
          </LinearRing>
        </outerBoundaryIs>
      </Polygon>
    </Placemark>
    <Placemark>
      <name>Polygon_667</name>
      <ExtendedData>
        <Data name="id"><value>667</value></Data>
        <Data name="category"><value>benchmark</value></Data>
      </ExtendedData>
      <Polygon>
        <outerBoundaryIs>
          <LinearRing>
            <coordinates>77.835,12.93,0 77.83699999999999,12.93,0 77.83699999999999,12.932,0 77.835,12.932,0 77.835,12.93,0</coordinates>
          </LinearRing>
        </outerBoundaryIs>
      </Polygon>
    </Placemark>
    <Placemark>
      <name>Polygon_668</name>
      <ExtendedData>
        <Data name="id"><value>668</value></Data>
        <Data name="category"><value>benchmark</value></Data>
      </ExtendedData>
      <Polygon>
        <outerBoundaryIs>
          <LinearRing>
            <coordinates>77.84,12.93,0 77.842,12.93,0 77.842,12.932,0 77.84,12.932,0 77.84,12.93,0</coordinates>
          </LinearRing>
        </outerBoundaryIs>
      </Polygon>
    </Placemark>
    <Placemark>
      <name>Polygon_669</name>
      <ExtendedData>
        <Data name="id"><value>669</value></Data>
        <Data name="category"><value>benchmark</value></Data>
      </ExtendedData>
      <Polygon>
        <outerBoundaryIs>
          <LinearRing>
            <coordinates>77.845,12.93,0 77.847,12.93,0 77.847,12.932,0 77.845,12.932,0 77.845,12.93,0</coordinates>
          </LinearRing>
        </outerBoundaryIs>
      </Polygon>
    </Placemark>
    <Placemark>
      <name>Polygon_670</name>
      <ExtendedData>
        <Data name="id"><value>670</value></Data>
        <Data name="category"><value>benchmark</value></Data>
      </ExtendedData>
      <Polygon>
        <outerBoundaryIs>
          <LinearRing>
            <coordinates>77.85,12.93,0 77.85199999999999,12.93,0 77.85199999999999,12.932,0 77.85,12.932,0 77.85,12.93,0</coordinates>
          </LinearRing>
        </outerBoundaryIs>
      </Polygon>
    </Placemark>
    <Placemark>
      <name>Polygon_671</name>
      <ExtendedData>
        <Data name="id"><value>671</value></Data>
        <Data name="category"><value>benchmark</value></Data>
      </ExtendedData>
      <Polygon>
        <outerBoundaryIs>
          <LinearRing>
            <coordinates>77.855,12.93,0 77.857,12.93,0 77.857,12.932,0 77.855,12.932,0 77.855,12.93,0</coordinates>
          </LinearRing>
        </outerBoundaryIs>
      </Polygon>
    </Placemark>
    <Placemark>
      <name>Polygon_672</name>
      <ExtendedData>
        <Data name="id"><value>672</value></Data>
        <Data name="category"><value>benchmark</value></Data>
      </ExtendedData>
      <Polygon>
        <outerBoundaryIs>
          <LinearRing>
            <coordinates>77.86,12.93,0 77.862,12.93,0 77.862,12.932,0 77.86,12.932,0 77.86,12.93,0</coordinates>
          </LinearRing>
        </outerBoundaryIs>
      </Polygon>
    </Placemark>
    <Placemark>
      <name>Polygon_673</name>
      <ExtendedData>
        <Data name="id"><value>673</value></Data>
        <Data name="category"><value>benchmark</value></Data>
      </ExtendedData>
      <Polygon>
        <outerBoundaryIs>
          <LinearRing>
            <coordinates>77.865,12.93,0 77.86699999999999,12.93,0 77.86699999999999,12.932,0 77.865,12.932,0 77.865,12.93,0</coordinates>
          </LinearRing>
        </outerBoundaryIs>
      </Polygon>
    </Placemark>
    <Placemark>
      <name>Polygon_674</name>
      <ExtendedData>
        <Data name="id"><value>674</value></Data>
        <Data name="category"><value>benchmark</value></Data>
      </ExtendedData>
      <Polygon>
        <outerBoundaryIs>
          <LinearRing>
            <coordinates>77.87,12.93,0 77.872,12.93,0 77.872,12.932,0 77.87,12.932,0 77.87,12.93,0</coordinates>
          </LinearRing>
        </outerBoundaryIs>
      </Polygon>
    </Placemark>
    <Placemark>
      <name>Polygon_675</name>
      <ExtendedData>
        <Data name="id"><value>675</value></Data>
        <Data name="category"><value>benchmark</value></Data>
      </ExtendedData>
      <Polygon>
        <outerBoundaryIs>
          <LinearRing>
            <coordinates>77.875,12.93,0 77.877,12.93,0 77.877,12.932,0 77.875,12.932,0 77.875,12.93,0</coordinates>
          </LinearRing>
        </outerBoundaryIs>
      </Polygon>
    </Placemark>
    <Placemark>
      <name>Polygon_676</name>
      <ExtendedData>
        <Data name="id"><value>676</value></Data>
        <Data name="category"><value>benchmark</value></Data>
      </ExtendedData>
      <Polygon>
        <outerBoundaryIs>
          <LinearRing>
            <coordinates>77.88,12.93,0 77.88199999999999,12.93,0 77.88199999999999,12.932,0 77.88,12.932,0 77.88,12.93,0</coordinates>
          </LinearRing>
        </outerBoundaryIs>
      </Polygon>
    </Placemark>
    <Placemark>
      <name>Polygon_677</name>
      <ExtendedData>
        <Data name="id"><value>677</value></Data>
        <Data name="category"><value>benchmark</value></Data>
      </ExtendedData>
      <Polygon>
        <outerBoundaryIs>
          <LinearRing>
            <coordinates>77.885,12.93,0 77.887,12.93,0 77.887,12.932,0 77.885,12.932,0 77.885,12.93,0</coordinates>
          </LinearRing>
        </outerBoundaryIs>
      </Polygon>
    </Placemark>
    <Placemark>
      <name>Polygon_678</name>
      <ExtendedData>
        <Data name="id"><value>678</value></Data>
        <Data name="category"><value>benchmark</value></Data>
      </ExtendedData>
      <Polygon>
        <outerBoundaryIs>
          <LinearRing>
            <coordinates>77.89,12.93,0 77.892,12.93,0 77.892,12.932,0 77.89,12.932,0 77.89,12.93,0</coordinates>
          </LinearRing>
        </outerBoundaryIs>
      </Polygon>
    </Placemark>
    <Placemark>
      <name>Polygon_679</name>
      <ExtendedData>
        <Data name="id"><value>679</value></Data>
        <Data name="category"><value>benchmark</value></Data>
      </ExtendedData>
      <Polygon>
        <outerBoundaryIs>
          <LinearRing>
            <coordinates>77.895,12.93,0 77.89699999999999,12.93,0 77.89699999999999,12.932,0 77.895,12.932,0 77.895,12.93,0</coordinates>
          </LinearRing>
        </outerBoundaryIs>
      </Polygon>
    </Placemark>
    <Placemark>
      <name>Polygon_680</name>
      <ExtendedData>
        <Data name="id"><value>680</value></Data>
        <Data name="category"><value>benchmark</value></Data>
      </ExtendedData>
      <Polygon>
        <outerBoundaryIs>
          <LinearRing>
            <coordinates>77.9,12.93,0 77.902,12.93,0 77.902,12.932,0 77.9,12.932,0 77.9,12.93,0</coordinates>
          </LinearRing>
        </outerBoundaryIs>
      </Polygon>
    </Placemark>
    <Placemark>
      <name>Polygon_681</name>
      <ExtendedData>
        <Data name="id"><value>681</value></Data>
        <Data name="category"><value>benchmark</value></Data>
      </ExtendedData>
      <Polygon>
        <outerBoundaryIs>
          <LinearRing>
            <coordinates>77.905,12.93,0 77.907,12.93,0 77.907,12.932,0 77.905,12.932,0 77.905,12.93,0</coordinates>
          </LinearRing>
        </outerBoundaryIs>
      </Polygon>
    </Placemark>
    <Placemark>
      <name>Polygon_682</name>
      <ExtendedData>
        <Data name="id"><value>682</value></Data>
        <Data name="category"><value>benchmark</value></Data>
      </ExtendedData>
      <Polygon>
        <outerBoundaryIs>
          <LinearRing>
            <coordinates>77.91,12.93,0 77.91199999999999,12.93,0 77.91199999999999,12.932,0 77.91,12.932,0 77.91,12.93,0</coordinates>
          </LinearRing>
        </outerBoundaryIs>
      </Polygon>
    </Placemark>
    <Placemark>
      <name>Polygon_683</name>
      <ExtendedData>
        <Data name="id"><value>683</value></Data>
        <Data name="category"><value>benchmark</value></Data>
      </ExtendedData>
      <Polygon>
        <outerBoundaryIs>
          <LinearRing>
            <coordinates>77.915,12.93,0 77.917,12.93,0 77.917,12.932,0 77.915,12.932,0 77.915,12.93,0</coordinates>
          </LinearRing>
        </outerBoundaryIs>
      </Polygon>
    </Placemark>
    <Placemark>
      <name>Polygon_684</name>
      <ExtendedData>
        <Data name="id"><value>684</value></Data>
        <Data name="category"><value>benchmark</value></Data>
      </ExtendedData>
      <Polygon>
        <outerBoundaryIs>
          <LinearRing>
            <coordinates>77.92,12.93,0 77.922,12.93,0 77.922,12.932,0 77.92,12.932,0 77.92,12.93,0</coordinates>
          </LinearRing>
        </outerBoundaryIs>
      </Polygon>
    </Placemark>
    <Placemark>
      <name>Polygon_685</name>
      <ExtendedData>
        <Data name="id"><value>685</value></Data>
        <Data name="category"><value>benchmark</value></Data>
      </ExtendedData>
      <Polygon>
        <outerBoundaryIs>
          <LinearRing>
            <coordinates>77.925,12.93,0 77.92699999999999,12.93,0 77.92699999999999,12.932,0 77.925,12.932,0 77.925,12.93,0</coordinates>
          </LinearRing>
        </outerBoundaryIs>
      </Polygon>
    </Placemark>
    <Placemark>
      <name>Polygon_686</name>
      <ExtendedData>
        <Data name="id"><value>686</value></Data>
        <Data name="category"><value>benchmark</value></Data>
      </ExtendedData>
      <Polygon>
        <outerBoundaryIs>
          <LinearRing>
            <coordinates>77.93,12.93,0 77.932,12.93,0 77.932,12.932,0 77.93,12.932,0 77.93,12.93,0</coordinates>
          </LinearRing>
        </outerBoundaryIs>
      </Polygon>
    </Placemark>
    <Placemark>
      <name>Polygon_687</name>
      <ExtendedData>
        <Data name="id"><value>687</value></Data>
        <Data name="category"><value>benchmark</value></Data>
      </ExtendedData>
      <Polygon>
        <outerBoundaryIs>
          <LinearRing>
            <coordinates>77.935,12.93,0 77.937,12.93,0 77.937,12.932,0 77.935,12.932,0 77.935,12.93,0</coordinates>
          </LinearRing>
        </outerBoundaryIs>
      </Polygon>
    </Placemark>
    <Placemark>
      <name>Polygon_688</name>
      <ExtendedData>
        <Data name="id"><value>688</value></Data>
        <Data name="category"><value>benchmark</value></Data>
      </ExtendedData>
      <Polygon>
        <outerBoundaryIs>
          <LinearRing>
            <coordinates>77.94,12.93,0 77.942,12.93,0 77.942,12.932,0 77.94,12.932,0 77.94,12.93,0</coordinates>
          </LinearRing>
        </outerBoundaryIs>
      </Polygon>
    </Placemark>
    <Placemark>
      <name>Polygon_689</name>
      <ExtendedData>
        <Data name="id"><value>689</value></Data>
        <Data name="category"><value>benchmark</value></Data>
      </ExtendedData>
      <Polygon>
        <outerBoundaryIs>
          <LinearRing>
            <coordinates>77.945,12.93,0 77.94699999999999,12.93,0 77.94699999999999,12.932,0 77.945,12.932,0 77.945,12.93,0</coordinates>
          </LinearRing>
        </outerBoundaryIs>
      </Polygon>
    </Placemark>
    <Placemark>
      <name>Polygon_690</name>
      <ExtendedData>
        <Data name="id"><value>690</value></Data>
        <Data name="category"><value>benchmark</value></Data>
      </ExtendedData>
      <Polygon>
        <outerBoundaryIs>
          <LinearRing>
            <coordinates>77.95,12.93,0 77.952,12.93,0 77.952,12.932,0 77.95,12.932,0 77.95,12.93,0</coordinates>
          </LinearRing>
        </outerBoundaryIs>
      </Polygon>
    </Placemark>
    <Placemark>
      <name>Polygon_691</name>
      <ExtendedData>
        <Data name="id"><value>691</value></Data>
        <Data name="category"><value>benchmark</value></Data>
      </ExtendedData>
      <Polygon>
        <outerBoundaryIs>
          <LinearRing>
            <coordinates>77.955,12.93,0 77.957,12.93,0 77.957,12.932,0 77.955,12.932,0 77.955,12.93,0</coordinates>
          </LinearRing>
        </outerBoundaryIs>
      </Polygon>
    </Placemark>
    <Placemark>
      <name>Polygon_692</name>
      <ExtendedData>
        <Data name="id"><value>692</value></Data>
        <Data name="category"><value>benchmark</value></Data>
      </ExtendedData>
      <Polygon>
        <outerBoundaryIs>
          <LinearRing>
            <coordinates>77.96,12.93,0 77.96199999999999,12.93,0 77.96199999999999,12.932,0 77.96,12.932,0 77.96,12.93,0</coordinates>
          </LinearRing>
        </outerBoundaryIs>
      </Polygon>
    </Placemark>
    <Placemark>
      <name>Polygon_693</name>
      <ExtendedData>
        <Data name="id"><value>693</value></Data>
        <Data name="category"><value>benchmark</value></Data>
      </ExtendedData>
      <Polygon>
        <outerBoundaryIs>
          <LinearRing>
            <coordinates>77.965,12.93,0 77.967,12.93,0 77.967,12.932,0 77.965,12.932,0 77.965,12.93,0</coordinates>
          </LinearRing>
        </outerBoundaryIs>
      </Polygon>
    </Placemark>
    <Placemark>
      <name>Polygon_694</name>
      <ExtendedData>
        <Data name="id"><value>694</value></Data>
        <Data name="category"><value>benchmark</value></Data>
      </ExtendedData>
      <Polygon>
        <outerBoundaryIs>
          <LinearRing>
            <coordinates>77.97,12.93,0 77.972,12.93,0 77.972,12.932,0 77.97,12.932,0 77.97,12.93,0</coordinates>
          </LinearRing>
        </outerBoundaryIs>
      </Polygon>
    </Placemark>
    <Placemark>
      <name>Polygon_695</name>
      <ExtendedData>
        <Data name="id"><value>695</value></Data>
        <Data name="category"><value>benchmark</value></Data>
      </ExtendedData>
      <Polygon>
        <outerBoundaryIs>
          <LinearRing>
            <coordinates>77.975,12.93,0 77.97699999999999,12.93,0 77.97699999999999,12.932,0 77.975,12.932,0 77.975,12.93,0</coordinates>
          </LinearRing>
        </outerBoundaryIs>
      </Polygon>
    </Placemark>
    <Placemark>
      <name>Polygon_696</name>
      <ExtendedData>
        <Data name="id"><value>696</value></Data>
        <Data name="category"><value>benchmark</value></Data>
      </ExtendedData>
      <Polygon>
        <outerBoundaryIs>
          <LinearRing>
            <coordinates>77.98,12.93,0 77.982,12.93,0 77.982,12.932,0 77.98,12.932,0 77.98,12.93,0</coordinates>
          </LinearRing>
        </outerBoundaryIs>
      </Polygon>
    </Placemark>
    <Placemark>
      <name>Polygon_697</name>
      <ExtendedData>
        <Data name="id"><value>697</value></Data>
        <Data name="category"><value>benchmark</value></Data>
      </ExtendedData>
      <Polygon>
        <outerBoundaryIs>
          <LinearRing>
            <coordinates>77.985,12.93,0 77.987,12.93,0 77.987,12.932,0 77.985,12.932,0 77.985,12.93,0</coordinates>
          </LinearRing>
        </outerBoundaryIs>
      </Polygon>
    </Placemark>
    <Placemark>
      <name>Polygon_698</name>
      <ExtendedData>
        <Data name="id"><value>698</value></Data>
        <Data name="category"><value>benchmark</value></Data>
      </ExtendedData>
      <Polygon>
        <outerBoundaryIs>
          <LinearRing>
            <coordinates>77.99,12.93,0 77.99199999999999,12.93,0 77.99199999999999,12.932,0 77.99,12.932,0 77.99,12.93,0</coordinates>
          </LinearRing>
        </outerBoundaryIs>
      </Polygon>
    </Placemark>
    <Placemark>
      <name>Polygon_699</name>
      <ExtendedData>
        <Data name="id"><value>699</value></Data>
        <Data name="category"><value>benchmark</value></Data>
      </ExtendedData>
      <Polygon>
        <outerBoundaryIs>
          <LinearRing>
            <coordinates>77.995,12.93,0 77.997,12.93,0 77.997,12.932,0 77.995,12.932,0 77.995,12.93,0</coordinates>
          </LinearRing>
        </outerBoundaryIs>
      </Polygon>
    </Placemark>
    <Placemark>
      <name>Polygon_700</name>
      <ExtendedData>
        <Data name="id"><value>700</value></Data>
        <Data name="category"><value>benchmark</value></Data>
      </ExtendedData>
      <Polygon>
        <outerBoundaryIs>
          <LinearRing>
            <coordinates>77.5,12.935,0 77.502,12.935,0 77.502,12.937000000000001,0 77.5,12.937000000000001,0 77.5,12.935,0</coordinates>
          </LinearRing>
        </outerBoundaryIs>
      </Polygon>
    </Placemark>
    <Placemark>
      <name>Polygon_701</name>
      <ExtendedData>
        <Data name="id"><value>701</value></Data>
        <Data name="category"><value>benchmark</value></Data>
      </ExtendedData>
      <Polygon>
        <outerBoundaryIs>
          <LinearRing>
            <coordinates>77.505,12.935,0 77.50699999999999,12.935,0 77.50699999999999,12.937000000000001,0 77.505,12.937000000000001,0 77.505,12.935,0</coordinates>
          </LinearRing>
        </outerBoundaryIs>
      </Polygon>
    </Placemark>
    <Placemark>
      <name>Polygon_702</name>
      <ExtendedData>
        <Data name="id"><value>702</value></Data>
        <Data name="category"><value>benchmark</value></Data>
      </ExtendedData>
      <Polygon>
        <outerBoundaryIs>
          <LinearRing>
            <coordinates>77.51,12.935,0 77.512,12.935,0 77.512,12.937000000000001,0 77.51,12.937000000000001,0 77.51,12.935,0</coordinates>
          </LinearRing>
        </outerBoundaryIs>
      </Polygon>
    </Placemark>
    <Placemark>
      <name>Polygon_703</name>
      <ExtendedData>
        <Data name="id"><value>703</value></Data>
        <Data name="category"><value>benchmark</value></Data>
      </ExtendedData>
      <Polygon>
        <outerBoundaryIs>
          <LinearRing>
            <coordinates>77.515,12.935,0 77.517,12.935,0 77.517,12.937000000000001,0 77.515,12.937000000000001,0 77.515,12.935,0</coordinates>
          </LinearRing>
        </outerBoundaryIs>
      </Polygon>
    </Placemark>
    <Placemark>
      <name>Polygon_704</name>
      <ExtendedData>
        <Data name="id"><value>704</value></Data>
        <Data name="category"><value>benchmark</value></Data>
      </ExtendedData>
      <Polygon>
        <outerBoundaryIs>
          <LinearRing>
            <coordinates>77.52,12.935,0 77.52199999999999,12.935,0 77.52199999999999,12.937000000000001,0 77.52,12.937000000000001,0 77.52,12.935,0</coordinates>
          </LinearRing>
        </outerBoundaryIs>
      </Polygon>
    </Placemark>
    <Placemark>
      <name>Polygon_705</name>
      <ExtendedData>
        <Data name="id"><value>705</value></Data>
        <Data name="category"><value>benchmark</value></Data>
      </ExtendedData>
      <Polygon>
        <outerBoundaryIs>
          <LinearRing>
            <coordinates>77.525,12.935,0 77.527,12.935,0 77.527,12.937000000000001,0 77.525,12.937000000000001,0 77.525,12.935,0</coordinates>
          </LinearRing>
        </outerBoundaryIs>
      </Polygon>
    </Placemark>
    <Placemark>
      <name>Polygon_706</name>
      <ExtendedData>
        <Data name="id"><value>706</value></Data>
        <Data name="category"><value>benchmark</value></Data>
      </ExtendedData>
      <Polygon>
        <outerBoundaryIs>
          <LinearRing>
            <coordinates>77.53,12.935,0 77.532,12.935,0 77.532,12.937000000000001,0 77.53,12.937000000000001,0 77.53,12.935,0</coordinates>
          </LinearRing>
        </outerBoundaryIs>
      </Polygon>
    </Placemark>
    <Placemark>
      <name>Polygon_707</name>
      <ExtendedData>
        <Data name="id"><value>707</value></Data>
        <Data name="category"><value>benchmark</value></Data>
      </ExtendedData>
      <Polygon>
        <outerBoundaryIs>
          <LinearRing>
            <coordinates>77.535,12.935,0 77.53699999999999,12.935,0 77.53699999999999,12.937000000000001,0 77.535,12.937000000000001,0 77.535,12.935,0</coordinates>
          </LinearRing>
        </outerBoundaryIs>
      </Polygon>
    </Placemark>
    <Placemark>
      <name>Polygon_708</name>
      <ExtendedData>
        <Data name="id"><value>708</value></Data>
        <Data name="category"><value>benchmark</value></Data>
      </ExtendedData>
      <Polygon>
        <outerBoundaryIs>
          <LinearRing>
            <coordinates>77.54,12.935,0 77.542,12.935,0 77.542,12.937000000000001,0 77.54,12.937000000000001,0 77.54,12.935,0</coordinates>
          </LinearRing>
        </outerBoundaryIs>
      </Polygon>
    </Placemark>
    <Placemark>
      <name>Polygon_709</name>
      <ExtendedData>
        <Data name="id"><value>709</value></Data>
        <Data name="category"><value>benchmark</value></Data>
      </ExtendedData>
      <Polygon>
        <outerBoundaryIs>
          <LinearRing>
            <coordinates>77.545,12.935,0 77.547,12.935,0 77.547,12.937000000000001,0 77.545,12.937000000000001,0 77.545,12.935,0</coordinates>
          </LinearRing>
        </outerBoundaryIs>
      </Polygon>
    </Placemark>
    <Placemark>
      <name>Polygon_710</name>
      <ExtendedData>
        <Data name="id"><value>710</value></Data>
        <Data name="category"><value>benchmark</value></Data>
      </ExtendedData>
      <Polygon>
        <outerBoundaryIs>
          <LinearRing>
            <coordinates>77.55,12.935,0 77.55199999999999,12.935,0 77.55199999999999,12.937000000000001,0 77.55,12.937000000000001,0 77.55,12.935,0</coordinates>
          </LinearRing>
        </outerBoundaryIs>
      </Polygon>
    </Placemark>
    <Placemark>
      <name>Polygon_711</name>
      <ExtendedData>
        <Data name="id"><value>711</value></Data>
        <Data name="category"><value>benchmark</value></Data>
      </ExtendedData>
      <Polygon>
        <outerBoundaryIs>
          <LinearRing>
            <coordinates>77.555,12.935,0 77.557,12.935,0 77.557,12.937000000000001,0 77.555,12.937000000000001,0 77.555,12.935,0</coordinates>
          </LinearRing>
        </outerBoundaryIs>
      </Polygon>
    </Placemark>
    <Placemark>
      <name>Polygon_712</name>
      <ExtendedData>
        <Data name="id"><value>712</value></Data>
        <Data name="category"><value>benchmark</value></Data>
      </ExtendedData>
      <Polygon>
        <outerBoundaryIs>
          <LinearRing>
            <coordinates>77.56,12.935,0 77.562,12.935,0 77.562,12.937000000000001,0 77.56,12.937000000000001,0 77.56,12.935,0</coordinates>
          </LinearRing>
        </outerBoundaryIs>
      </Polygon>
    </Placemark>
    <Placemark>
      <name>Polygon_713</name>
      <ExtendedData>
        <Data name="id"><value>713</value></Data>
        <Data name="category"><value>benchmark</value></Data>
      </ExtendedData>
      <Polygon>
        <outerBoundaryIs>
          <LinearRing>
            <coordinates>77.565,12.935,0 77.567,12.935,0 77.567,12.937000000000001,0 77.565,12.937000000000001,0 77.565,12.935,0</coordinates>
          </LinearRing>
        </outerBoundaryIs>
      </Polygon>
    </Placemark>
    <Placemark>
      <name>Polygon_714</name>
      <ExtendedData>
        <Data name="id"><value>714</value></Data>
        <Data name="category"><value>benchmark</value></Data>
      </ExtendedData>
      <Polygon>
        <outerBoundaryIs>
          <LinearRing>
            <coordinates>77.57,12.935,0 77.57199999999999,12.935,0 77.57199999999999,12.937000000000001,0 77.57,12.937000000000001,0 77.57,12.935,0</coordinates>
          </LinearRing>
        </outerBoundaryIs>
      </Polygon>
    </Placemark>
    <Placemark>
      <name>Polygon_715</name>
      <ExtendedData>
        <Data name="id"><value>715</value></Data>
        <Data name="category"><value>benchmark</value></Data>
      </ExtendedData>
      <Polygon>
        <outerBoundaryIs>
          <LinearRing>
            <coordinates>77.575,12.935,0 77.577,12.935,0 77.577,12.937000000000001,0 77.575,12.937000000000001,0 77.575,12.935,0</coordinates>
          </LinearRing>
        </outerBoundaryIs>
      </Polygon>
    </Placemark>
    <Placemark>
      <name>Polygon_716</name>
      <ExtendedData>
        <Data name="id"><value>716</value></Data>
        <Data name="category"><value>benchmark</value></Data>
      </ExtendedData>
      <Polygon>
        <outerBoundaryIs>
          <LinearRing>
            <coordinates>77.58,12.935,0 77.582,12.935,0 77.582,12.937000000000001,0 77.58,12.937000000000001,0 77.58,12.935,0</coordinates>
          </LinearRing>
        </outerBoundaryIs>
      </Polygon>
    </Placemark>
    <Placemark>
      <name>Polygon_717</name>
      <ExtendedData>
        <Data name="id"><value>717</value></Data>
        <Data name="category"><value>benchmark</value></Data>
      </ExtendedData>
      <Polygon>
        <outerBoundaryIs>
          <LinearRing>
            <coordinates>77.585,12.935,0 77.58699999999999,12.935,0 77.58699999999999,12.937000000000001,0 77.585,12.937000000000001,0 77.585,12.935,0</coordinates>
          </LinearRing>
        </outerBoundaryIs>
      </Polygon>
    </Placemark>
    <Placemark>
      <name>Polygon_718</name>
      <ExtendedData>
        <Data name="id"><value>718</value></Data>
        <Data name="category"><value>benchmark</value></Data>
      </ExtendedData>
      <Polygon>
        <outerBoundaryIs>
          <LinearRing>
            <coordinates>77.59,12.935,0 77.592,12.935,0 77.592,12.937000000000001,0 77.59,12.937000000000001,0 77.59,12.935,0</coordinates>
          </LinearRing>
        </outerBoundaryIs>
      </Polygon>
    </Placemark>
    <Placemark>
      <name>Polygon_719</name>
      <ExtendedData>
        <Data name="id"><value>719</value></Data>
        <Data name="category"><value>benchmark</value></Data>
      </ExtendedData>
      <Polygon>
        <outerBoundaryIs>
          <LinearRing>
            <coordinates>77.595,12.935,0 77.597,12.935,0 77.597,12.937000000000001,0 77.595,12.937000000000001,0 77.595,12.935,0</coordinates>
          </LinearRing>
        </outerBoundaryIs>
      </Polygon>
    </Placemark>
    <Placemark>
      <name>Polygon_720</name>
      <ExtendedData>
        <Data name="id"><value>720</value></Data>
        <Data name="category"><value>benchmark</value></Data>
      </ExtendedData>
      <Polygon>
        <outerBoundaryIs>
          <LinearRing>
            <coordinates>77.6,12.935,0 77.60199999999999,12.935,0 77.60199999999999,12.937000000000001,0 77.6,12.937000000000001,0 77.6,12.935,0</coordinates>
          </LinearRing>
        </outerBoundaryIs>
      </Polygon>
    </Placemark>
    <Placemark>
      <name>Polygon_721</name>
      <ExtendedData>
        <Data name="id"><value>721</value></Data>
        <Data name="category"><value>benchmark</value></Data>
      </ExtendedData>
      <Polygon>
        <outerBoundaryIs>
          <LinearRing>
            <coordinates>77.605,12.935,0 77.607,12.935,0 77.607,12.937000000000001,0 77.605,12.937000000000001,0 77.605,12.935,0</coordinates>
          </LinearRing>
        </outerBoundaryIs>
      </Polygon>
    </Placemark>
    <Placemark>
      <name>Polygon_722</name>
      <ExtendedData>
        <Data name="id"><value>722</value></Data>
        <Data name="category"><value>benchmark</value></Data>
      </ExtendedData>
      <Polygon>
        <outerBoundaryIs>
          <LinearRing>
            <coordinates>77.61,12.935,0 77.612,12.935,0 77.612,12.937000000000001,0 77.61,12.937000000000001,0 77.61,12.935,0</coordinates>
          </LinearRing>
        </outerBoundaryIs>
      </Polygon>
    </Placemark>
    <Placemark>
      <name>Polygon_723</name>
      <ExtendedData>
        <Data name="id"><value>723</value></Data>
        <Data name="category"><value>benchmark</value></Data>
      </ExtendedData>
      <Polygon>
        <outerBoundaryIs>
          <LinearRing>
            <coordinates>77.615,12.935,0 77.61699999999999,12.935,0 77.61699999999999,12.937000000000001,0 77.615,12.937000000000001,0 77.615,12.935,0</coordinates>
          </LinearRing>
        </outerBoundaryIs>
      </Polygon>
    </Placemark>
    <Placemark>
      <name>Polygon_724</name>
      <ExtendedData>
        <Data name="id"><value>724</value></Data>
        <Data name="category"><value>benchmark</value></Data>
      </ExtendedData>
      <Polygon>
        <outerBoundaryIs>
          <LinearRing>
            <coordinates>77.62,12.935,0 77.622,12.935,0 77.622,12.937000000000001,0 77.62,12.937000000000001,0 77.62,12.935,0</coordinates>
          </LinearRing>
        </outerBoundaryIs>
      </Polygon>
    </Placemark>
    <Placemark>
      <name>Polygon_725</name>
      <ExtendedData>
        <Data name="id"><value>725</value></Data>
        <Data name="category"><value>benchmark</value></Data>
      </ExtendedData>
      <Polygon>
        <outerBoundaryIs>
          <LinearRing>
            <coordinates>77.625,12.935,0 77.627,12.935,0 77.627,12.937000000000001,0 77.625,12.937000000000001,0 77.625,12.935,0</coordinates>
          </LinearRing>
        </outerBoundaryIs>
      </Polygon>
    </Placemark>
    <Placemark>
      <name>Polygon_726</name>
      <ExtendedData>
        <Data name="id"><value>726</value></Data>
        <Data name="category"><value>benchmark</value></Data>
      </ExtendedData>
      <Polygon>
        <outerBoundaryIs>
          <LinearRing>
            <coordinates>77.63,12.935,0 77.63199999999999,12.935,0 77.63199999999999,12.937000000000001,0 77.63,12.937000000000001,0 77.63,12.935,0</coordinates>
          </LinearRing>
        </outerBoundaryIs>
      </Polygon>
    </Placemark>
    <Placemark>
      <name>Polygon_727</name>
      <ExtendedData>
        <Data name="id"><value>727</value></Data>
        <Data name="category"><value>benchmark</value></Data>
      </ExtendedData>
      <Polygon>
        <outerBoundaryIs>
          <LinearRing>
            <coordinates>77.635,12.935,0 77.637,12.935,0 77.637,12.937000000000001,0 77.635,12.937000000000001,0 77.635,12.935,0</coordinates>
          </LinearRing>
        </outerBoundaryIs>
      </Polygon>
    </Placemark>
    <Placemark>
      <name>Polygon_728</name>
      <ExtendedData>
        <Data name="id"><value>728</value></Data>
        <Data name="category"><value>benchmark</value></Data>
      </ExtendedData>
      <Polygon>
        <outerBoundaryIs>
          <LinearRing>
            <coordinates>77.64,12.935,0 77.642,12.935,0 77.642,12.937000000000001,0 77.64,12.937000000000001,0 77.64,12.935,0</coordinates>
          </LinearRing>
        </outerBoundaryIs>
      </Polygon>
    </Placemark>
    <Placemark>
      <name>Polygon_729</name>
      <ExtendedData>
        <Data name="id"><value>729</value></Data>
        <Data name="category"><value>benchmark</value></Data>
      </ExtendedData>
      <Polygon>
        <outerBoundaryIs>
          <LinearRing>
            <coordinates>77.645,12.935,0 77.64699999999999,12.935,0 77.64699999999999,12.937000000000001,0 77.645,12.937000000000001,0 77.645,12.935,0</coordinates>
          </LinearRing>
        </outerBoundaryIs>
      </Polygon>
    </Placemark>
    <Placemark>
      <name>Polygon_730</name>
      <ExtendedData>
        <Data name="id"><value>730</value></Data>
        <Data name="category"><value>benchmark</value></Data>
      </ExtendedData>
      <Polygon>
        <outerBoundaryIs>
          <LinearRing>
            <coordinates>77.65,12.935,0 77.652,12.935,0 77.652,12.937000000000001,0 77.65,12.937000000000001,0 77.65,12.935,0</coordinates>
          </LinearRing>
        </outerBoundaryIs>
      </Polygon>
    </Placemark>
    <Placemark>
      <name>Polygon_731</name>
      <ExtendedData>
        <Data name="id"><value>731</value></Data>
        <Data name="category"><value>benchmark</value></Data>
      </ExtendedData>
      <Polygon>
        <outerBoundaryIs>
          <LinearRing>
            <coordinates>77.655,12.935,0 77.657,12.935,0 77.657,12.937000000000001,0 77.655,12.937000000000001,0 77.655,12.935,0</coordinates>
          </LinearRing>
        </outerBoundaryIs>
      </Polygon>
    </Placemark>
    <Placemark>
      <name>Polygon_732</name>
      <ExtendedData>
        <Data name="id"><value>732</value></Data>
        <Data name="category"><value>benchmark</value></Data>
      </ExtendedData>
      <Polygon>
        <outerBoundaryIs>
          <LinearRing>
            <coordinates>77.66,12.935,0 77.66199999999999,12.935,0 77.66199999999999,12.937000000000001,0 77.66,12.937000000000001,0 77.66,12.935,0</coordinates>
          </LinearRing>
        </outerBoundaryIs>
      </Polygon>
    </Placemark>
    <Placemark>
      <name>Polygon_733</name>
      <ExtendedData>
        <Data name="id"><value>733</value></Data>
        <Data name="category"><value>benchmark</value></Data>
      </ExtendedData>
      <Polygon>
        <outerBoundaryIs>
          <LinearRing>
            <coordinates>77.665,12.935,0 77.667,12.935,0 77.667,12.937000000000001,0 77.665,12.937000000000001,0 77.665,12.935,0</coordinates>
          </LinearRing>
        </outerBoundaryIs>
      </Polygon>
    </Placemark>
    <Placemark>
      <name>Polygon_734</name>
      <ExtendedData>
        <Data name="id"><value>734</value></Data>
        <Data name="category"><value>benchmark</value></Data>
      </ExtendedData>
      <Polygon>
        <outerBoundaryIs>
          <LinearRing>
            <coordinates>77.67,12.935,0 77.672,12.935,0 77.672,12.937000000000001,0 77.67,12.937000000000001,0 77.67,12.935,0</coordinates>
          </LinearRing>
        </outerBoundaryIs>
      </Polygon>
    </Placemark>
    <Placemark>
      <name>Polygon_735</name>
      <ExtendedData>
        <Data name="id"><value>735</value></Data>
        <Data name="category"><value>benchmark</value></Data>
      </ExtendedData>
      <Polygon>
        <outerBoundaryIs>
          <LinearRing>
            <coordinates>77.675,12.935,0 77.67699999999999,12.935,0 77.67699999999999,12.937000000000001,0 77.675,12.937000000000001,0 77.675,12.935,0</coordinates>
          </LinearRing>
        </outerBoundaryIs>
      </Polygon>
    </Placemark>
    <Placemark>
      <name>Polygon_736</name>
      <ExtendedData>
        <Data name="id"><value>736</value></Data>
        <Data name="category"><value>benchmark</value></Data>
      </ExtendedData>
      <Polygon>
        <outerBoundaryIs>
          <LinearRing>
            <coordinates>77.68,12.935,0 77.682,12.935,0 77.682,12.937000000000001,0 77.68,12.937000000000001,0 77.68,12.935,0</coordinates>
          </LinearRing>
        </outerBoundaryIs>
      </Polygon>
    </Placemark>
    <Placemark>
      <name>Polygon_737</name>
      <ExtendedData>
        <Data name="id"><value>737</value></Data>
        <Data name="category"><value>benchmark</value></Data>
      </ExtendedData>
      <Polygon>
        <outerBoundaryIs>
          <LinearRing>
            <coordinates>77.685,12.935,0 77.687,12.935,0 77.687,12.937000000000001,0 77.685,12.937000000000001,0 77.685,12.935,0</coordinates>
          </LinearRing>
        </outerBoundaryIs>
      </Polygon>
    </Placemark>
    <Placemark>
      <name>Polygon_738</name>
      <ExtendedData>
        <Data name="id"><value>738</value></Data>
        <Data name="category"><value>benchmark</value></Data>
      </ExtendedData>
      <Polygon>
        <outerBoundaryIs>
          <LinearRing>
            <coordinates>77.69,12.935,0 77.692,12.935,0 77.692,12.937000000000001,0 77.69,12.937000000000001,0 77.69,12.935,0</coordinates>
          </LinearRing>
        </outerBoundaryIs>
      </Polygon>
    </Placemark>
    <Placemark>
      <name>Polygon_739</name>
      <ExtendedData>
        <Data name="id"><value>739</value></Data>
        <Data name="category"><value>benchmark</value></Data>
      </ExtendedData>
      <Polygon>
        <outerBoundaryIs>
          <LinearRing>
            <coordinates>77.695,12.935,0 77.69699999999999,12.935,0 77.69699999999999,12.937000000000001,0 77.695,12.937000000000001,0 77.695,12.935,0</coordinates>
          </LinearRing>
        </outerBoundaryIs>
      </Polygon>
    </Placemark>
    <Placemark>
      <name>Polygon_740</name>
      <ExtendedData>
        <Data name="id"><value>740</value></Data>
        <Data name="category"><value>benchmark</value></Data>
      </ExtendedData>
      <Polygon>
        <outerBoundaryIs>
          <LinearRing>
            <coordinates>77.7,12.935,0 77.702,12.935,0 77.702,12.937000000000001,0 77.7,12.937000000000001,0 77.7,12.935,0</coordinates>
          </LinearRing>
        </outerBoundaryIs>
      </Polygon>
    </Placemark>
    <Placemark>
      <name>Polygon_741</name>
      <ExtendedData>
        <Data name="id"><value>741</value></Data>
        <Data name="category"><value>benchmark</value></Data>
      </ExtendedData>
      <Polygon>
        <outerBoundaryIs>
          <LinearRing>
            <coordinates>77.705,12.935,0 77.707,12.935,0 77.707,12.937000000000001,0 77.705,12.937000000000001,0 77.705,12.935,0</coordinates>
          </LinearRing>
        </outerBoundaryIs>
      </Polygon>
    </Placemark>
    <Placemark>
      <name>Polygon_742</name>
      <ExtendedData>
        <Data name="id"><value>742</value></Data>
        <Data name="category"><value>benchmark</value></Data>
      </ExtendedData>
      <Polygon>
        <outerBoundaryIs>
          <LinearRing>
            <coordinates>77.71,12.935,0 77.71199999999999,12.935,0 77.71199999999999,12.937000000000001,0 77.71,12.937000000000001,0 77.71,12.935,0</coordinates>
          </LinearRing>
        </outerBoundaryIs>
      </Polygon>
    </Placemark>
    <Placemark>
      <name>Polygon_743</name>
      <ExtendedData>
        <Data name="id"><value>743</value></Data>
        <Data name="category"><value>benchmark</value></Data>
      </ExtendedData>
      <Polygon>
        <outerBoundaryIs>
          <LinearRing>
            <coordinates>77.715,12.935,0 77.717,12.935,0 77.717,12.937000000000001,0 77.715,12.937000000000001,0 77.715,12.935,0</coordinates>
          </LinearRing>
        </outerBoundaryIs>
      </Polygon>
    </Placemark>
    <Placemark>
      <name>Polygon_744</name>
      <ExtendedData>
        <Data name="id"><value>744</value></Data>
        <Data name="category"><value>benchmark</value></Data>
      </ExtendedData>
      <Polygon>
        <outerBoundaryIs>
          <LinearRing>
            <coordinates>77.72,12.935,0 77.722,12.935,0 77.722,12.937000000000001,0 77.72,12.937000000000001,0 77.72,12.935,0</coordinates>
          </LinearRing>
        </outerBoundaryIs>
      </Polygon>
    </Placemark>
    <Placemark>
      <name>Polygon_745</name>
      <ExtendedData>
        <Data name="id"><value>745</value></Data>
        <Data name="category"><value>benchmark</value></Data>
      </ExtendedData>
      <Polygon>
        <outerBoundaryIs>
          <LinearRing>
            <coordinates>77.725,12.935,0 77.72699999999999,12.935,0 77.72699999999999,12.937000000000001,0 77.725,12.937000000000001,0 77.725,12.935,0</coordinates>
          </LinearRing>
        </outerBoundaryIs>
      </Polygon>
    </Placemark>
    <Placemark>
      <name>Polygon_746</name>
      <ExtendedData>
        <Data name="id"><value>746</value></Data>
        <Data name="category"><value>benchmark</value></Data>
      </ExtendedData>
      <Polygon>
        <outerBoundaryIs>
          <LinearRing>
            <coordinates>77.73,12.935,0 77.732,12.935,0 77.732,12.937000000000001,0 77.73,12.937000000000001,0 77.73,12.935,0</coordinates>
          </LinearRing>
        </outerBoundaryIs>
      </Polygon>
    </Placemark>
    <Placemark>
      <name>Polygon_747</name>
      <ExtendedData>
        <Data name="id"><value>747</value></Data>
        <Data name="category"><value>benchmark</value></Data>
      </ExtendedData>
      <Polygon>
        <outerBoundaryIs>
          <LinearRing>
            <coordinates>77.735,12.935,0 77.737,12.935,0 77.737,12.937000000000001,0 77.735,12.937000000000001,0 77.735,12.935,0</coordinates>
          </LinearRing>
        </outerBoundaryIs>
      </Polygon>
    </Placemark>
    <Placemark>
      <name>Polygon_748</name>
      <ExtendedData>
        <Data name="id"><value>748</value></Data>
        <Data name="category"><value>benchmark</value></Data>
      </ExtendedData>
      <Polygon>
        <outerBoundaryIs>
          <LinearRing>
            <coordinates>77.74,12.935,0 77.74199999999999,12.935,0 77.74199999999999,12.937000000000001,0 77.74,12.937000000000001,0 77.74,12.935,0</coordinates>
          </LinearRing>
        </outerBoundaryIs>
      </Polygon>
    </Placemark>
    <Placemark>
      <name>Polygon_749</name>
      <ExtendedData>
        <Data name="id"><value>749</value></Data>
        <Data name="category"><value>benchmark</value></Data>
      </ExtendedData>
      <Polygon>
        <outerBoundaryIs>
          <LinearRing>
            <coordinates>77.745,12.935,0 77.747,12.935,0 77.747,12.937000000000001,0 77.745,12.937000000000001,0 77.745,12.935,0</coordinates>
          </LinearRing>
        </outerBoundaryIs>
      </Polygon>
    </Placemark>
    <Placemark>
      <name>Polygon_750</name>
      <ExtendedData>
        <Data name="id"><value>750</value></Data>
        <Data name="category"><value>benchmark</value></Data>
      </ExtendedData>
      <Polygon>
        <outerBoundaryIs>
          <LinearRing>
            <coordinates>77.75,12.935,0 77.752,12.935,0 77.752,12.937000000000001,0 77.75,12.937000000000001,0 77.75,12.935,0</coordinates>
          </LinearRing>
        </outerBoundaryIs>
      </Polygon>
    </Placemark>
    <Placemark>
      <name>Polygon_751</name>
      <ExtendedData>
        <Data name="id"><value>751</value></Data>
        <Data name="category"><value>benchmark</value></Data>
      </ExtendedData>
      <Polygon>
        <outerBoundaryIs>
          <LinearRing>
            <coordinates>77.755,12.935,0 77.75699999999999,12.935,0 77.75699999999999,12.937000000000001,0 77.755,12.937000000000001,0 77.755,12.935,0</coordinates>
          </LinearRing>
        </outerBoundaryIs>
      </Polygon>
    </Placemark>
    <Placemark>
      <name>Polygon_752</name>
      <ExtendedData>
        <Data name="id"><value>752</value></Data>
        <Data name="category"><value>benchmark</value></Data>
      </ExtendedData>
      <Polygon>
        <outerBoundaryIs>
          <LinearRing>
            <coordinates>77.76,12.935,0 77.762,12.935,0 77.762,12.937000000000001,0 77.76,12.937000000000001,0 77.76,12.935,0</coordinates>
          </LinearRing>
        </outerBoundaryIs>
      </Polygon>
    </Placemark>
    <Placemark>
      <name>Polygon_753</name>
      <ExtendedData>
        <Data name="id"><value>753</value></Data>
        <Data name="category"><value>benchmark</value></Data>
      </ExtendedData>
      <Polygon>
        <outerBoundaryIs>
          <LinearRing>
            <coordinates>77.765,12.935,0 77.767,12.935,0 77.767,12.937000000000001,0 77.765,12.937000000000001,0 77.765,12.935,0</coordinates>
          </LinearRing>
        </outerBoundaryIs>
      </Polygon>
    </Placemark>
    <Placemark>
      <name>Polygon_754</name>
      <ExtendedData>
        <Data name="id"><value>754</value></Data>
        <Data name="category"><value>benchmark</value></Data>
      </ExtendedData>
      <Polygon>
        <outerBoundaryIs>
          <LinearRing>
            <coordinates>77.77,12.935,0 77.77199999999999,12.935,0 77.77199999999999,12.937000000000001,0 77.77,12.937000000000001,0 77.77,12.935,0</coordinates>
          </LinearRing>
        </outerBoundaryIs>
      </Polygon>
    </Placemark>
    <Placemark>
      <name>Polygon_755</name>
      <ExtendedData>
        <Data name="id"><value>755</value></Data>
        <Data name="category"><value>benchmark</value></Data>
      </ExtendedData>
      <Polygon>
        <outerBoundaryIs>
          <LinearRing>
            <coordinates>77.775,12.935,0 77.777,12.935,0 77.777,12.937000000000001,0 77.775,12.937000000000001,0 77.775,12.935,0</coordinates>
          </LinearRing>
        </outerBoundaryIs>
      </Polygon>
    </Placemark>
    <Placemark>
      <name>Polygon_756</name>
      <ExtendedData>
        <Data name="id"><value>756</value></Data>
        <Data name="category"><value>benchmark</value></Data>
      </ExtendedData>
      <Polygon>
        <outerBoundaryIs>
          <LinearRing>
            <coordinates>77.78,12.935,0 77.782,12.935,0 77.782,12.937000000000001,0 77.78,12.937000000000001,0 77.78,12.935,0</coordinates>
          </LinearRing>
        </outerBoundaryIs>
      </Polygon>
    </Placemark>
    <Placemark>
      <name>Polygon_757</name>
      <ExtendedData>
        <Data name="id"><value>757</value></Data>
        <Data name="category"><value>benchmark</value></Data>
      </ExtendedData>
      <Polygon>
        <outerBoundaryIs>
          <LinearRing>
            <coordinates>77.785,12.935,0 77.78699999999999,12.935,0 77.78699999999999,12.937000000000001,0 77.785,12.937000000000001,0 77.785,12.935,0</coordinates>
          </LinearRing>
        </outerBoundaryIs>
      </Polygon>
    </Placemark>
    <Placemark>
      <name>Polygon_758</name>
      <ExtendedData>
        <Data name="id"><value>758</value></Data>
        <Data name="category"><value>benchmark</value></Data>
      </ExtendedData>
      <Polygon>
        <outerBoundaryIs>
          <LinearRing>
            <coordinates>77.79,12.935,0 77.792,12.935,0 77.792,12.937000000000001,0 77.79,12.937000000000001,0 77.79,12.935,0</coordinates>
          </LinearRing>
        </outerBoundaryIs>
      </Polygon>
    </Placemark>
    <Placemark>
      <name>Polygon_759</name>
      <ExtendedData>
        <Data name="id"><value>759</value></Data>
        <Data name="category"><value>benchmark</value></Data>
      </ExtendedData>
      <Polygon>
        <outerBoundaryIs>
          <LinearRing>
            <coordinates>77.795,12.935,0 77.797,12.935,0 77.797,12.937000000000001,0 77.795,12.937000000000001,0 77.795,12.935,0</coordinates>
          </LinearRing>
        </outerBoundaryIs>
      </Polygon>
    </Placemark>
    <Placemark>
      <name>Polygon_760</name>
      <ExtendedData>
        <Data name="id"><value>760</value></Data>
        <Data name="category"><value>benchmark</value></Data>
      </ExtendedData>
      <Polygon>
        <outerBoundaryIs>
          <LinearRing>
            <coordinates>77.8,12.935,0 77.80199999999999,12.935,0 77.80199999999999,12.937000000000001,0 77.8,12.937000000000001,0 77.8,12.935,0</coordinates>
          </LinearRing>
        </outerBoundaryIs>
      </Polygon>
    </Placemark>
    <Placemark>
      <name>Polygon_761</name>
      <ExtendedData>
        <Data name="id"><value>761</value></Data>
        <Data name="category"><value>benchmark</value></Data>
      </ExtendedData>
      <Polygon>
        <outerBoundaryIs>
          <LinearRing>
            <coordinates>77.805,12.935,0 77.807,12.935,0 77.807,12.937000000000001,0 77.805,12.937000000000001,0 77.805,12.935,0</coordinates>
          </LinearRing>
        </outerBoundaryIs>
      </Polygon>
    </Placemark>
    <Placemark>
      <name>Polygon_762</name>
      <ExtendedData>
        <Data name="id"><value>762</value></Data>
        <Data name="category"><value>benchmark</value></Data>
      </ExtendedData>
      <Polygon>
        <outerBoundaryIs>
          <LinearRing>
            <coordinates>77.81,12.935,0 77.812,12.935,0 77.812,12.937000000000001,0 77.81,12.937000000000001,0 77.81,12.935,0</coordinates>
          </LinearRing>
        </outerBoundaryIs>
      </Polygon>
    </Placemark>
    <Placemark>
      <name>Polygon_763</name>
      <ExtendedData>
        <Data name="id"><value>763</value></Data>
        <Data name="category"><value>benchmark</value></Data>
      </ExtendedData>
      <Polygon>
        <outerBoundaryIs>
          <LinearRing>
            <coordinates>77.815,12.935,0 77.817,12.935,0 77.817,12.937000000000001,0 77.815,12.937000000000001,0 77.815,12.935,0</coordinates>
          </LinearRing>
        </outerBoundaryIs>
      </Polygon>
    </Placemark>
    <Placemark>
      <name>Polygon_764</name>
      <ExtendedData>
        <Data name="id"><value>764</value></Data>
        <Data name="category"><value>benchmark</value></Data>
      </ExtendedData>
      <Polygon>
        <outerBoundaryIs>
          <LinearRing>
            <coordinates>77.82,12.935,0 77.82199999999999,12.935,0 77.82199999999999,12.937000000000001,0 77.82,12.937000000000001,0 77.82,12.935,0</coordinates>
          </LinearRing>
        </outerBoundaryIs>
      </Polygon>
    </Placemark>
    <Placemark>
      <name>Polygon_765</name>
      <ExtendedData>
        <Data name="id"><value>765</value></Data>
        <Data name="category"><value>benchmark</value></Data>
      </ExtendedData>
      <Polygon>
        <outerBoundaryIs>
          <LinearRing>
            <coordinates>77.825,12.935,0 77.827,12.935,0 77.827,12.937000000000001,0 77.825,12.937000000000001,0 77.825,12.935,0</coordinates>
          </LinearRing>
        </outerBoundaryIs>
      </Polygon>
    </Placemark>
    <Placemark>
      <name>Polygon_766</name>
      <ExtendedData>
        <Data name="id"><value>766</value></Data>
        <Data name="category"><value>benchmark</value></Data>
      </ExtendedData>
      <Polygon>
        <outerBoundaryIs>
          <LinearRing>
            <coordinates>77.83,12.935,0 77.832,12.935,0 77.832,12.937000000000001,0 77.83,12.937000000000001,0 77.83,12.935,0</coordinates>
          </LinearRing>
        </outerBoundaryIs>
      </Polygon>
    </Placemark>
    <Placemark>
      <name>Polygon_767</name>
      <ExtendedData>
        <Data name="id"><value>767</value></Data>
        <Data name="category"><value>benchmark</value></Data>
      </ExtendedData>
      <Polygon>
        <outerBoundaryIs>
          <LinearRing>
            <coordinates>77.835,12.935,0 77.83699999999999,12.935,0 77.83699999999999,12.937000000000001,0 77.835,12.937000000000001,0 77.835,12.935,0</coordinates>
          </LinearRing>
        </outerBoundaryIs>
      </Polygon>
    </Placemark>
    <Placemark>
      <name>Polygon_768</name>
      <ExtendedData>
        <Data name="id"><value>768</value></Data>
        <Data name="category"><value>benchmark</value></Data>
      </ExtendedData>
      <Polygon>
        <outerBoundaryIs>
          <LinearRing>
            <coordinates>77.84,12.935,0 77.842,12.935,0 77.842,12.937000000000001,0 77.84,12.937000000000001,0 77.84,12.935,0</coordinates>
          </LinearRing>
        </outerBoundaryIs>
      </Polygon>
    </Placemark>
    <Placemark>
      <name>Polygon_769</name>
      <ExtendedData>
        <Data name="id"><value>769</value></Data>
        <Data name="category"><value>benchmark</value></Data>
      </ExtendedData>
      <Polygon>
        <outerBoundaryIs>
          <LinearRing>
            <coordinates>77.845,12.935,0 77.847,12.935,0 77.847,12.937000000000001,0 77.845,12.937000000000001,0 77.845,12.935,0</coordinates>
          </LinearRing>
        </outerBoundaryIs>
      </Polygon>
    </Placemark>
    <Placemark>
      <name>Polygon_770</name>
      <ExtendedData>
        <Data name="id"><value>770</value></Data>
        <Data name="category"><value>benchmark</value></Data>
      </ExtendedData>
      <Polygon>
        <outerBoundaryIs>
          <LinearRing>
            <coordinates>77.85,12.935,0 77.85199999999999,12.935,0 77.85199999999999,12.937000000000001,0 77.85,12.937000000000001,0 77.85,12.935,0</coordinates>
          </LinearRing>
        </outerBoundaryIs>
      </Polygon>
    </Placemark>
    <Placemark>
      <name>Polygon_771</name>
      <ExtendedData>
        <Data name="id"><value>771</value></Data>
        <Data name="category"><value>benchmark</value></Data>
      </ExtendedData>
      <Polygon>
        <outerBoundaryIs>
          <LinearRing>
            <coordinates>77.855,12.935,0 77.857,12.935,0 77.857,12.937000000000001,0 77.855,12.937000000000001,0 77.855,12.935,0</coordinates>
          </LinearRing>
        </outerBoundaryIs>
      </Polygon>
    </Placemark>
    <Placemark>
      <name>Polygon_772</name>
      <ExtendedData>
        <Data name="id"><value>772</value></Data>
        <Data name="category"><value>benchmark</value></Data>
      </ExtendedData>
      <Polygon>
        <outerBoundaryIs>
          <LinearRing>
            <coordinates>77.86,12.935,0 77.862,12.935,0 77.862,12.937000000000001,0 77.86,12.937000000000001,0 77.86,12.935,0</coordinates>
          </LinearRing>
        </outerBoundaryIs>
      </Polygon>
    </Placemark>
    <Placemark>
      <name>Polygon_773</name>
      <ExtendedData>
        <Data name="id"><value>773</value></Data>
        <Data name="category"><value>benchmark</value></Data>
      </ExtendedData>
      <Polygon>
        <outerBoundaryIs>
          <LinearRing>
            <coordinates>77.865,12.935,0 77.86699999999999,12.935,0 77.86699999999999,12.937000000000001,0 77.865,12.937000000000001,0 77.865,12.935,0</coordinates>
          </LinearRing>
        </outerBoundaryIs>
      </Polygon>
    </Placemark>
    <Placemark>
      <name>Polygon_774</name>
      <ExtendedData>
        <Data name="id"><value>774</value></Data>
        <Data name="category"><value>benchmark</value></Data>
      </ExtendedData>
      <Polygon>
        <outerBoundaryIs>
          <LinearRing>
            <coordinates>77.87,12.935,0 77.872,12.935,0 77.872,12.937000000000001,0 77.87,12.937000000000001,0 77.87,12.935,0</coordinates>
          </LinearRing>
        </outerBoundaryIs>
      </Polygon>
    </Placemark>
    <Placemark>
      <name>Polygon_775</name>
      <ExtendedData>
        <Data name="id"><value>775</value></Data>
        <Data name="category"><value>benchmark</value></Data>
      </ExtendedData>
      <Polygon>
        <outerBoundaryIs>
          <LinearRing>
            <coordinates>77.875,12.935,0 77.877,12.935,0 77.877,12.937000000000001,0 77.875,12.937000000000001,0 77.875,12.935,0</coordinates>
          </LinearRing>
        </outerBoundaryIs>
      </Polygon>
    </Placemark>
    <Placemark>
      <name>Polygon_776</name>
      <ExtendedData>
        <Data name="id"><value>776</value></Data>
        <Data name="category"><value>benchmark</value></Data>
      </ExtendedData>
      <Polygon>
        <outerBoundaryIs>
          <LinearRing>
            <coordinates>77.88,12.935,0 77.88199999999999,12.935,0 77.88199999999999,12.937000000000001,0 77.88,12.937000000000001,0 77.88,12.935,0</coordinates>
          </LinearRing>
        </outerBoundaryIs>
      </Polygon>
    </Placemark>
    <Placemark>
      <name>Polygon_777</name>
      <ExtendedData>
        <Data name="id"><value>777</value></Data>
        <Data name="category"><value>benchmark</value></Data>
      </ExtendedData>
      <Polygon>
        <outerBoundaryIs>
          <LinearRing>
            <coordinates>77.885,12.935,0 77.887,12.935,0 77.887,12.937000000000001,0 77.885,12.937000000000001,0 77.885,12.935,0</coordinates>
          </LinearRing>
        </outerBoundaryIs>
      </Polygon>
    </Placemark>
    <Placemark>
      <name>Polygon_778</name>
      <ExtendedData>
        <Data name="id"><value>778</value></Data>
        <Data name="category"><value>benchmark</value></Data>
      </ExtendedData>
      <Polygon>
        <outerBoundaryIs>
          <LinearRing>
            <coordinates>77.89,12.935,0 77.892,12.935,0 77.892,12.937000000000001,0 77.89,12.937000000000001,0 77.89,12.935,0</coordinates>
          </LinearRing>
        </outerBoundaryIs>
      </Polygon>
    </Placemark>
    <Placemark>
      <name>Polygon_779</name>
      <ExtendedData>
        <Data name="id"><value>779</value></Data>
        <Data name="category"><value>benchmark</value></Data>
      </ExtendedData>
      <Polygon>
        <outerBoundaryIs>
          <LinearRing>
            <coordinates>77.895,12.935,0 77.89699999999999,12.935,0 77.89699999999999,12.937000000000001,0 77.895,12.937000000000001,0 77.895,12.935,0</coordinates>
          </LinearRing>
        </outerBoundaryIs>
      </Polygon>
    </Placemark>
    <Placemark>
      <name>Polygon_780</name>
      <ExtendedData>
        <Data name="id"><value>780</value></Data>
        <Data name="category"><value>benchmark</value></Data>
      </ExtendedData>
      <Polygon>
        <outerBoundaryIs>
          <LinearRing>
            <coordinates>77.9,12.935,0 77.902,12.935,0 77.902,12.937000000000001,0 77.9,12.937000000000001,0 77.9,12.935,0</coordinates>
          </LinearRing>
        </outerBoundaryIs>
      </Polygon>
    </Placemark>
    <Placemark>
      <name>Polygon_781</name>
      <ExtendedData>
        <Data name="id"><value>781</value></Data>
        <Data name="category"><value>benchmark</value></Data>
      </ExtendedData>
      <Polygon>
        <outerBoundaryIs>
          <LinearRing>
            <coordinates>77.905,12.935,0 77.907,12.935,0 77.907,12.937000000000001,0 77.905,12.937000000000001,0 77.905,12.935,0</coordinates>
          </LinearRing>
        </outerBoundaryIs>
      </Polygon>
    </Placemark>
    <Placemark>
      <name>Polygon_782</name>
      <ExtendedData>
        <Data name="id"><value>782</value></Data>
        <Data name="category"><value>benchmark</value></Data>
      </ExtendedData>
      <Polygon>
        <outerBoundaryIs>
          <LinearRing>
            <coordinates>77.91,12.935,0 77.91199999999999,12.935,0 77.91199999999999,12.937000000000001,0 77.91,12.937000000000001,0 77.91,12.935,0</coordinates>
          </LinearRing>
        </outerBoundaryIs>
      </Polygon>
    </Placemark>
    <Placemark>
      <name>Polygon_783</name>
      <ExtendedData>
        <Data name="id"><value>783</value></Data>
        <Data name="category"><value>benchmark</value></Data>
      </ExtendedData>
      <Polygon>
        <outerBoundaryIs>
          <LinearRing>
            <coordinates>77.915,12.935,0 77.917,12.935,0 77.917,12.937000000000001,0 77.915,12.937000000000001,0 77.915,12.935,0</coordinates>
          </LinearRing>
        </outerBoundaryIs>
      </Polygon>
    </Placemark>
    <Placemark>
      <name>Polygon_784</name>
      <ExtendedData>
        <Data name="id"><value>784</value></Data>
        <Data name="category"><value>benchmark</value></Data>
      </ExtendedData>
      <Polygon>
        <outerBoundaryIs>
          <LinearRing>
            <coordinates>77.92,12.935,0 77.922,12.935,0 77.922,12.937000000000001,0 77.92,12.937000000000001,0 77.92,12.935,0</coordinates>
          </LinearRing>
        </outerBoundaryIs>
      </Polygon>
    </Placemark>
    <Placemark>
      <name>Polygon_785</name>
      <ExtendedData>
        <Data name="id"><value>785</value></Data>
        <Data name="category"><value>benchmark</value></Data>
      </ExtendedData>
      <Polygon>
        <outerBoundaryIs>
          <LinearRing>
            <coordinates>77.925,12.935,0 77.92699999999999,12.935,0 77.92699999999999,12.937000000000001,0 77.925,12.937000000000001,0 77.925,12.935,0</coordinates>
          </LinearRing>
        </outerBoundaryIs>
      </Polygon>
    </Placemark>
    <Placemark>
      <name>Polygon_786</name>
      <ExtendedData>
        <Data name="id"><value>786</value></Data>
        <Data name="category"><value>benchmark</value></Data>
      </ExtendedData>
      <Polygon>
        <outerBoundaryIs>
          <LinearRing>
            <coordinates>77.93,12.935,0 77.932,12.935,0 77.932,12.937000000000001,0 77.93,12.937000000000001,0 77.93,12.935,0</coordinates>
          </LinearRing>
        </outerBoundaryIs>
      </Polygon>
    </Placemark>
    <Placemark>
      <name>Polygon_787</name>
      <ExtendedData>
        <Data name="id"><value>787</value></Data>
        <Data name="category"><value>benchmark</value></Data>
      </ExtendedData>
      <Polygon>
        <outerBoundaryIs>
          <LinearRing>
            <coordinates>77.935,12.935,0 77.937,12.935,0 77.937,12.937000000000001,0 77.935,12.937000000000001,0 77.935,12.935,0</coordinates>
          </LinearRing>
        </outerBoundaryIs>
      </Polygon>
    </Placemark>
    <Placemark>
      <name>Polygon_788</name>
      <ExtendedData>
        <Data name="id"><value>788</value></Data>
        <Data name="category"><value>benchmark</value></Data>
      </ExtendedData>
      <Polygon>
        <outerBoundaryIs>
          <LinearRing>
            <coordinates>77.94,12.935,0 77.942,12.935,0 77.942,12.937000000000001,0 77.94,12.937000000000001,0 77.94,12.935,0</coordinates>
          </LinearRing>
        </outerBoundaryIs>
      </Polygon>
    </Placemark>
    <Placemark>
      <name>Polygon_789</name>
      <ExtendedData>
        <Data name="id"><value>789</value></Data>
        <Data name="category"><value>benchmark</value></Data>
      </ExtendedData>
      <Polygon>
        <outerBoundaryIs>
          <LinearRing>
            <coordinates>77.945,12.935,0 77.94699999999999,12.935,0 77.94699999999999,12.937000000000001,0 77.945,12.937000000000001,0 77.945,12.935,0</coordinates>
          </LinearRing>
        </outerBoundaryIs>
      </Polygon>
    </Placemark>
    <Placemark>
      <name>Polygon_790</name>
      <ExtendedData>
        <Data name="id"><value>790</value></Data>
        <Data name="category"><value>benchmark</value></Data>
      </ExtendedData>
      <Polygon>
        <outerBoundaryIs>
          <LinearRing>
            <coordinates>77.95,12.935,0 77.952,12.935,0 77.952,12.937000000000001,0 77.95,12.937000000000001,0 77.95,12.935,0</coordinates>
          </LinearRing>
        </outerBoundaryIs>
      </Polygon>
    </Placemark>
    <Placemark>
      <name>Polygon_791</name>
      <ExtendedData>
        <Data name="id"><value>791</value></Data>
        <Data name="category"><value>benchmark</value></Data>
      </ExtendedData>
      <Polygon>
        <outerBoundaryIs>
          <LinearRing>
            <coordinates>77.955,12.935,0 77.957,12.935,0 77.957,12.937000000000001,0 77.955,12.937000000000001,0 77.955,12.935,0</coordinates>
          </LinearRing>
        </outerBoundaryIs>
      </Polygon>
    </Placemark>
    <Placemark>
      <name>Polygon_792</name>
      <ExtendedData>
        <Data name="id"><value>792</value></Data>
        <Data name="category"><value>benchmark</value></Data>
      </ExtendedData>
      <Polygon>
        <outerBoundaryIs>
          <LinearRing>
            <coordinates>77.96,12.935,0 77.96199999999999,12.935,0 77.96199999999999,12.937000000000001,0 77.96,12.937000000000001,0 77.96,12.935,0</coordinates>
          </LinearRing>
        </outerBoundaryIs>
      </Polygon>
    </Placemark>
    <Placemark>
      <name>Polygon_793</name>
      <ExtendedData>
        <Data name="id"><value>793</value></Data>
        <Data name="category"><value>benchmark</value></Data>
      </ExtendedData>
      <Polygon>
        <outerBoundaryIs>
          <LinearRing>
            <coordinates>77.965,12.935,0 77.967,12.935,0 77.967,12.937000000000001,0 77.965,12.937000000000001,0 77.965,12.935,0</coordinates>
          </LinearRing>
        </outerBoundaryIs>
      </Polygon>
    </Placemark>
    <Placemark>
      <name>Polygon_794</name>
      <ExtendedData>
        <Data name="id"><value>794</value></Data>
        <Data name="category"><value>benchmark</value></Data>
      </ExtendedData>
      <Polygon>
        <outerBoundaryIs>
          <LinearRing>
            <coordinates>77.97,12.935,0 77.972,12.935,0 77.972,12.937000000000001,0 77.97,12.937000000000001,0 77.97,12.935,0</coordinates>
          </LinearRing>
        </outerBoundaryIs>
      </Polygon>
    </Placemark>
    <Placemark>
      <name>Polygon_795</name>
      <ExtendedData>
        <Data name="id"><value>795</value></Data>
        <Data name="category"><value>benchmark</value></Data>
      </ExtendedData>
      <Polygon>
        <outerBoundaryIs>
          <LinearRing>
            <coordinates>77.975,12.935,0 77.97699999999999,12.935,0 77.97699999999999,12.937000000000001,0 77.975,12.937000000000001,0 77.975,12.935,0</coordinates>
          </LinearRing>
        </outerBoundaryIs>
      </Polygon>
    </Placemark>
    <Placemark>
      <name>Polygon_796</name>
      <ExtendedData>
        <Data name="id"><value>796</value></Data>
        <Data name="category"><value>benchmark</value></Data>
      </ExtendedData>
      <Polygon>
        <outerBoundaryIs>
          <LinearRing>
            <coordinates>77.98,12.935,0 77.982,12.935,0 77.982,12.937000000000001,0 77.98,12.937000000000001,0 77.98,12.935,0</coordinates>
          </LinearRing>
        </outerBoundaryIs>
      </Polygon>
    </Placemark>
    <Placemark>
      <name>Polygon_797</name>
      <ExtendedData>
        <Data name="id"><value>797</value></Data>
        <Data name="category"><value>benchmark</value></Data>
      </ExtendedData>
      <Polygon>
        <outerBoundaryIs>
          <LinearRing>
            <coordinates>77.985,12.935,0 77.987,12.935,0 77.987,12.937000000000001,0 77.985,12.937000000000001,0 77.985,12.935,0</coordinates>
          </LinearRing>
        </outerBoundaryIs>
      </Polygon>
    </Placemark>
    <Placemark>
      <name>Polygon_798</name>
      <ExtendedData>
        <Data name="id"><value>798</value></Data>
        <Data name="category"><value>benchmark</value></Data>
      </ExtendedData>
      <Polygon>
        <outerBoundaryIs>
          <LinearRing>
            <coordinates>77.99,12.935,0 77.99199999999999,12.935,0 77.99199999999999,12.937000000000001,0 77.99,12.937000000000001,0 77.99,12.935,0</coordinates>
          </LinearRing>
        </outerBoundaryIs>
      </Polygon>
    </Placemark>
    <Placemark>
      <name>Polygon_799</name>
      <ExtendedData>
        <Data name="id"><value>799</value></Data>
        <Data name="category"><value>benchmark</value></Data>
      </ExtendedData>
      <Polygon>
        <outerBoundaryIs>
          <LinearRing>
            <coordinates>77.995,12.935,0 77.997,12.935,0 77.997,12.937000000000001,0 77.995,12.937000000000001,0 77.995,12.935,0</coordinates>
          </LinearRing>
        </outerBoundaryIs>
      </Polygon>
    </Placemark>
    <Placemark>
      <name>Polygon_800</name>
      <ExtendedData>
        <Data name="id"><value>800</value></Data>
        <Data name="category"><value>benchmark</value></Data>
      </ExtendedData>
      <Polygon>
        <outerBoundaryIs>
          <LinearRing>
            <coordinates>77.5,12.94,0 77.502,12.94,0 77.502,12.942,0 77.5,12.942,0 77.5,12.94,0</coordinates>
          </LinearRing>
        </outerBoundaryIs>
      </Polygon>
    </Placemark>
    <Placemark>
      <name>Polygon_801</name>
      <ExtendedData>
        <Data name="id"><value>801</value></Data>
        <Data name="category"><value>benchmark</value></Data>
      </ExtendedData>
      <Polygon>
        <outerBoundaryIs>
          <LinearRing>
            <coordinates>77.505,12.94,0 77.50699999999999,12.94,0 77.50699999999999,12.942,0 77.505,12.942,0 77.505,12.94,0</coordinates>
          </LinearRing>
        </outerBoundaryIs>
      </Polygon>
    </Placemark>
    <Placemark>
      <name>Polygon_802</name>
      <ExtendedData>
        <Data name="id"><value>802</value></Data>
        <Data name="category"><value>benchmark</value></Data>
      </ExtendedData>
      <Polygon>
        <outerBoundaryIs>
          <LinearRing>
            <coordinates>77.51,12.94,0 77.512,12.94,0 77.512,12.942,0 77.51,12.942,0 77.51,12.94,0</coordinates>
          </LinearRing>
        </outerBoundaryIs>
      </Polygon>
    </Placemark>
    <Placemark>
      <name>Polygon_803</name>
      <ExtendedData>
        <Data name="id"><value>803</value></Data>
        <Data name="category"><value>benchmark</value></Data>
      </ExtendedData>
      <Polygon>
        <outerBoundaryIs>
          <LinearRing>
            <coordinates>77.515,12.94,0 77.517,12.94,0 77.517,12.942,0 77.515,12.942,0 77.515,12.94,0</coordinates>
          </LinearRing>
        </outerBoundaryIs>
      </Polygon>
    </Placemark>
    <Placemark>
      <name>Polygon_804</name>
      <ExtendedData>
        <Data name="id"><value>804</value></Data>
        <Data name="category"><value>benchmark</value></Data>
      </ExtendedData>
      <Polygon>
        <outerBoundaryIs>
          <LinearRing>
            <coordinates>77.52,12.94,0 77.52199999999999,12.94,0 77.52199999999999,12.942,0 77.52,12.942,0 77.52,12.94,0</coordinates>
          </LinearRing>
        </outerBoundaryIs>
      </Polygon>
    </Placemark>
    <Placemark>
      <name>Polygon_805</name>
      <ExtendedData>
        <Data name="id"><value>805</value></Data>
        <Data name="category"><value>benchmark</value></Data>
      </ExtendedData>
      <Polygon>
        <outerBoundaryIs>
          <LinearRing>
            <coordinates>77.525,12.94,0 77.527,12.94,0 77.527,12.942,0 77.525,12.942,0 77.525,12.94,0</coordinates>
          </LinearRing>
        </outerBoundaryIs>
      </Polygon>
    </Placemark>
    <Placemark>
      <name>Polygon_806</name>
      <ExtendedData>
        <Data name="id"><value>806</value></Data>
        <Data name="category"><value>benchmark</value></Data>
      </ExtendedData>
      <Polygon>
        <outerBoundaryIs>
          <LinearRing>
            <coordinates>77.53,12.94,0 77.532,12.94,0 77.532,12.942,0 77.53,12.942,0 77.53,12.94,0</coordinates>
          </LinearRing>
        </outerBoundaryIs>
      </Polygon>
    </Placemark>
    <Placemark>
      <name>Polygon_807</name>
      <ExtendedData>
        <Data name="id"><value>807</value></Data>
        <Data name="category"><value>benchmark</value></Data>
      </ExtendedData>
      <Polygon>
        <outerBoundaryIs>
          <LinearRing>
            <coordinates>77.535,12.94,0 77.53699999999999,12.94,0 77.53699999999999,12.942,0 77.535,12.942,0 77.535,12.94,0</coordinates>
          </LinearRing>
        </outerBoundaryIs>
      </Polygon>
    </Placemark>
    <Placemark>
      <name>Polygon_808</name>
      <ExtendedData>
        <Data name="id"><value>808</value></Data>
        <Data name="category"><value>benchmark</value></Data>
      </ExtendedData>
      <Polygon>
        <outerBoundaryIs>
          <LinearRing>
            <coordinates>77.54,12.94,0 77.542,12.94,0 77.542,12.942,0 77.54,12.942,0 77.54,12.94,0</coordinates>
          </LinearRing>
        </outerBoundaryIs>
      </Polygon>
    </Placemark>
    <Placemark>
      <name>Polygon_809</name>
      <ExtendedData>
        <Data name="id"><value>809</value></Data>
        <Data name="category"><value>benchmark</value></Data>
      </ExtendedData>
      <Polygon>
        <outerBoundaryIs>
          <LinearRing>
            <coordinates>77.545,12.94,0 77.547,12.94,0 77.547,12.942,0 77.545,12.942,0 77.545,12.94,0</coordinates>
          </LinearRing>
        </outerBoundaryIs>
      </Polygon>
    </Placemark>
    <Placemark>
      <name>Polygon_810</name>
      <ExtendedData>
        <Data name="id"><value>810</value></Data>
        <Data name="category"><value>benchmark</value></Data>
      </ExtendedData>
      <Polygon>
        <outerBoundaryIs>
          <LinearRing>
            <coordinates>77.55,12.94,0 77.55199999999999,12.94,0 77.55199999999999,12.942,0 77.55,12.942,0 77.55,12.94,0</coordinates>
          </LinearRing>
        </outerBoundaryIs>
      </Polygon>
    </Placemark>
    <Placemark>
      <name>Polygon_811</name>
      <ExtendedData>
        <Data name="id"><value>811</value></Data>
        <Data name="category"><value>benchmark</value></Data>
      </ExtendedData>
      <Polygon>
        <outerBoundaryIs>
          <LinearRing>
            <coordinates>77.555,12.94,0 77.557,12.94,0 77.557,12.942,0 77.555,12.942,0 77.555,12.94,0</coordinates>
          </LinearRing>
        </outerBoundaryIs>
      </Polygon>
    </Placemark>
    <Placemark>
      <name>Polygon_812</name>
      <ExtendedData>
        <Data name="id"><value>812</value></Data>
        <Data name="category"><value>benchmark</value></Data>
      </ExtendedData>
      <Polygon>
        <outerBoundaryIs>
          <LinearRing>
            <coordinates>77.56,12.94,0 77.562,12.94,0 77.562,12.942,0 77.56,12.942,0 77.56,12.94,0</coordinates>
          </LinearRing>
        </outerBoundaryIs>
      </Polygon>
    </Placemark>
    <Placemark>
      <name>Polygon_813</name>
      <ExtendedData>
        <Data name="id"><value>813</value></Data>
        <Data name="category"><value>benchmark</value></Data>
      </ExtendedData>
      <Polygon>
        <outerBoundaryIs>
          <LinearRing>
            <coordinates>77.565,12.94,0 77.567,12.94,0 77.567,12.942,0 77.565,12.942,0 77.565,12.94,0</coordinates>
          </LinearRing>
        </outerBoundaryIs>
      </Polygon>
    </Placemark>
    <Placemark>
      <name>Polygon_814</name>
      <ExtendedData>
        <Data name="id"><value>814</value></Data>
        <Data name="category"><value>benchmark</value></Data>
      </ExtendedData>
      <Polygon>
        <outerBoundaryIs>
          <LinearRing>
            <coordinates>77.57,12.94,0 77.57199999999999,12.94,0 77.57199999999999,12.942,0 77.57,12.942,0 77.57,12.94,0</coordinates>
          </LinearRing>
        </outerBoundaryIs>
      </Polygon>
    </Placemark>
    <Placemark>
      <name>Polygon_815</name>
      <ExtendedData>
        <Data name="id"><value>815</value></Data>
        <Data name="category"><value>benchmark</value></Data>
      </ExtendedData>
      <Polygon>
        <outerBoundaryIs>
          <LinearRing>
            <coordinates>77.575,12.94,0 77.577,12.94,0 77.577,12.942,0 77.575,12.942,0 77.575,12.94,0</coordinates>
          </LinearRing>
        </outerBoundaryIs>
      </Polygon>
    </Placemark>
    <Placemark>
      <name>Polygon_816</name>
      <ExtendedData>
        <Data name="id"><value>816</value></Data>
        <Data name="category"><value>benchmark</value></Data>
      </ExtendedData>
      <Polygon>
        <outerBoundaryIs>
          <LinearRing>
            <coordinates>77.58,12.94,0 77.582,12.94,0 77.582,12.942,0 77.58,12.942,0 77.58,12.94,0</coordinates>
          </LinearRing>
        </outerBoundaryIs>
      </Polygon>
    </Placemark>
    <Placemark>
      <name>Polygon_817</name>
      <ExtendedData>
        <Data name="id"><value>817</value></Data>
        <Data name="category"><value>benchmark</value></Data>
      </ExtendedData>
      <Polygon>
        <outerBoundaryIs>
          <LinearRing>
            <coordinates>77.585,12.94,0 77.58699999999999,12.94,0 77.58699999999999,12.942,0 77.585,12.942,0 77.585,12.94,0</coordinates>
          </LinearRing>
        </outerBoundaryIs>
      </Polygon>
    </Placemark>
    <Placemark>
      <name>Polygon_818</name>
      <ExtendedData>
        <Data name="id"><value>818</value></Data>
        <Data name="category"><value>benchmark</value></Data>
      </ExtendedData>
      <Polygon>
        <outerBoundaryIs>
          <LinearRing>
            <coordinates>77.59,12.94,0 77.592,12.94,0 77.592,12.942,0 77.59,12.942,0 77.59,12.94,0</coordinates>
          </LinearRing>
        </outerBoundaryIs>
      </Polygon>
    </Placemark>
    <Placemark>
      <name>Polygon_819</name>
      <ExtendedData>
        <Data name="id"><value>819</value></Data>
        <Data name="category"><value>benchmark</value></Data>
      </ExtendedData>
      <Polygon>
        <outerBoundaryIs>
          <LinearRing>
            <coordinates>77.595,12.94,0 77.597,12.94,0 77.597,12.942,0 77.595,12.942,0 77.595,12.94,0</coordinates>
          </LinearRing>
        </outerBoundaryIs>
      </Polygon>
    </Placemark>
    <Placemark>
      <name>Polygon_820</name>
      <ExtendedData>
        <Data name="id"><value>820</value></Data>
        <Data name="category"><value>benchmark</value></Data>
      </ExtendedData>
      <Polygon>
        <outerBoundaryIs>
          <LinearRing>
            <coordinates>77.6,12.94,0 77.60199999999999,12.94,0 77.60199999999999,12.942,0 77.6,12.942,0 77.6,12.94,0</coordinates>
          </LinearRing>
        </outerBoundaryIs>
      </Polygon>
    </Placemark>
    <Placemark>
      <name>Polygon_821</name>
      <ExtendedData>
        <Data name="id"><value>821</value></Data>
        <Data name="category"><value>benchmark</value></Data>
      </ExtendedData>
      <Polygon>
        <outerBoundaryIs>
          <LinearRing>
            <coordinates>77.605,12.94,0 77.607,12.94,0 77.607,12.942,0 77.605,12.942,0 77.605,12.94,0</coordinates>
          </LinearRing>
        </outerBoundaryIs>
      </Polygon>
    </Placemark>
    <Placemark>
      <name>Polygon_822</name>
      <ExtendedData>
        <Data name="id"><value>822</value></Data>
        <Data name="category"><value>benchmark</value></Data>
      </ExtendedData>
      <Polygon>
        <outerBoundaryIs>
          <LinearRing>
            <coordinates>77.61,12.94,0 77.612,12.94,0 77.612,12.942,0 77.61,12.942,0 77.61,12.94,0</coordinates>
          </LinearRing>
        </outerBoundaryIs>
      </Polygon>
    </Placemark>
    <Placemark>
      <name>Polygon_823</name>
      <ExtendedData>
        <Data name="id"><value>823</value></Data>
        <Data name="category"><value>benchmark</value></Data>
      </ExtendedData>
      <Polygon>
        <outerBoundaryIs>
          <LinearRing>
            <coordinates>77.615,12.94,0 77.61699999999999,12.94,0 77.61699999999999,12.942,0 77.615,12.942,0 77.615,12.94,0</coordinates>
          </LinearRing>
        </outerBoundaryIs>
      </Polygon>
    </Placemark>
    <Placemark>
      <name>Polygon_824</name>
      <ExtendedData>
        <Data name="id"><value>824</value></Data>
        <Data name="category"><value>benchmark</value></Data>
      </ExtendedData>
      <Polygon>
        <outerBoundaryIs>
          <LinearRing>
            <coordinates>77.62,12.94,0 77.622,12.94,0 77.622,12.942,0 77.62,12.942,0 77.62,12.94,0</coordinates>
          </LinearRing>
        </outerBoundaryIs>
      </Polygon>
    </Placemark>
    <Placemark>
      <name>Polygon_825</name>
      <ExtendedData>
        <Data name="id"><value>825</value></Data>
        <Data name="category"><value>benchmark</value></Data>
      </ExtendedData>
      <Polygon>
        <outerBoundaryIs>
          <LinearRing>
            <coordinates>77.625,12.94,0 77.627,12.94,0 77.627,12.942,0 77.625,12.942,0 77.625,12.94,0</coordinates>
          </LinearRing>
        </outerBoundaryIs>
      </Polygon>
    </Placemark>
    <Placemark>
      <name>Polygon_826</name>
      <ExtendedData>
        <Data name="id"><value>826</value></Data>
        <Data name="category"><value>benchmark</value></Data>
      </ExtendedData>
      <Polygon>
        <outerBoundaryIs>
          <LinearRing>
            <coordinates>77.63,12.94,0 77.63199999999999,12.94,0 77.63199999999999,12.942,0 77.63,12.942,0 77.63,12.94,0</coordinates>
          </LinearRing>
        </outerBoundaryIs>
      </Polygon>
    </Placemark>
    <Placemark>
      <name>Polygon_827</name>
      <ExtendedData>
        <Data name="id"><value>827</value></Data>
        <Data name="category"><value>benchmark</value></Data>
      </ExtendedData>
      <Polygon>
        <outerBoundaryIs>
          <LinearRing>
            <coordinates>77.635,12.94,0 77.637,12.94,0 77.637,12.942,0 77.635,12.942,0 77.635,12.94,0</coordinates>
          </LinearRing>
        </outerBoundaryIs>
      </Polygon>
    </Placemark>
    <Placemark>
      <name>Polygon_828</name>
      <ExtendedData>
        <Data name="id"><value>828</value></Data>
        <Data name="category"><value>benchmark</value></Data>
      </ExtendedData>
      <Polygon>
        <outerBoundaryIs>
          <LinearRing>
            <coordinates>77.64,12.94,0 77.642,12.94,0 77.642,12.942,0 77.64,12.942,0 77.64,12.94,0</coordinates>
          </LinearRing>
        </outerBoundaryIs>
      </Polygon>
    </Placemark>
    <Placemark>
      <name>Polygon_829</name>
      <ExtendedData>
        <Data name="id"><value>829</value></Data>
        <Data name="category"><value>benchmark</value></Data>
      </ExtendedData>
      <Polygon>
        <outerBoundaryIs>
          <LinearRing>
            <coordinates>77.645,12.94,0 77.64699999999999,12.94,0 77.64699999999999,12.942,0 77.645,12.942,0 77.645,12.94,0</coordinates>
          </LinearRing>
        </outerBoundaryIs>
      </Polygon>
    </Placemark>
    <Placemark>
      <name>Polygon_830</name>
      <ExtendedData>
        <Data name="id"><value>830</value></Data>
        <Data name="category"><value>benchmark</value></Data>
      </ExtendedData>
      <Polygon>
        <outerBoundaryIs>
          <LinearRing>
            <coordinates>77.65,12.94,0 77.652,12.94,0 77.652,12.942,0 77.65,12.942,0 77.65,12.94,0</coordinates>
          </LinearRing>
        </outerBoundaryIs>
      </Polygon>
    </Placemark>
    <Placemark>
      <name>Polygon_831</name>
      <ExtendedData>
        <Data name="id"><value>831</value></Data>
        <Data name="category"><value>benchmark</value></Data>
      </ExtendedData>
      <Polygon>
        <outerBoundaryIs>
          <LinearRing>
            <coordinates>77.655,12.94,0 77.657,12.94,0 77.657,12.942,0 77.655,12.942,0 77.655,12.94,0</coordinates>
          </LinearRing>
        </outerBoundaryIs>
      </Polygon>
    </Placemark>
    <Placemark>
      <name>Polygon_832</name>
      <ExtendedData>
        <Data name="id"><value>832</value></Data>
        <Data name="category"><value>benchmark</value></Data>
      </ExtendedData>
      <Polygon>
        <outerBoundaryIs>
          <LinearRing>
            <coordinates>77.66,12.94,0 77.66199999999999,12.94,0 77.66199999999999,12.942,0 77.66,12.942,0 77.66,12.94,0</coordinates>
          </LinearRing>
        </outerBoundaryIs>
      </Polygon>
    </Placemark>
    <Placemark>
      <name>Polygon_833</name>
      <ExtendedData>
        <Data name="id"><value>833</value></Data>
        <Data name="category"><value>benchmark</value></Data>
      </ExtendedData>
      <Polygon>
        <outerBoundaryIs>
          <LinearRing>
            <coordinates>77.665,12.94,0 77.667,12.94,0 77.667,12.942,0 77.665,12.942,0 77.665,12.94,0</coordinates>
          </LinearRing>
        </outerBoundaryIs>
      </Polygon>
    </Placemark>
    <Placemark>
      <name>Polygon_834</name>
      <ExtendedData>
        <Data name="id"><value>834</value></Data>
        <Data name="category"><value>benchmark</value></Data>
      </ExtendedData>
      <Polygon>
        <outerBoundaryIs>
          <LinearRing>
            <coordinates>77.67,12.94,0 77.672,12.94,0 77.672,12.942,0 77.67,12.942,0 77.67,12.94,0</coordinates>
          </LinearRing>
        </outerBoundaryIs>
      </Polygon>
    </Placemark>
    <Placemark>
      <name>Polygon_835</name>
      <ExtendedData>
        <Data name="id"><value>835</value></Data>
        <Data name="category"><value>benchmark</value></Data>
      </ExtendedData>
      <Polygon>
        <outerBoundaryIs>
          <LinearRing>
            <coordinates>77.675,12.94,0 77.67699999999999,12.94,0 77.67699999999999,12.942,0 77.675,12.942,0 77.675,12.94,0</coordinates>
          </LinearRing>
        </outerBoundaryIs>
      </Polygon>
    </Placemark>
    <Placemark>
      <name>Polygon_836</name>
      <ExtendedData>
        <Data name="id"><value>836</value></Data>
        <Data name="category"><value>benchmark</value></Data>
      </ExtendedData>
      <Polygon>
        <outerBoundaryIs>
          <LinearRing>
            <coordinates>77.68,12.94,0 77.682,12.94,0 77.682,12.942,0 77.68,12.942,0 77.68,12.94,0</coordinates>
          </LinearRing>
        </outerBoundaryIs>
      </Polygon>
    </Placemark>
    <Placemark>
      <name>Polygon_837</name>
      <ExtendedData>
        <Data name="id"><value>837</value></Data>
        <Data name="category"><value>benchmark</value></Data>
      </ExtendedData>
      <Polygon>
        <outerBoundaryIs>
          <LinearRing>
            <coordinates>77.685,12.94,0 77.687,12.94,0 77.687,12.942,0 77.685,12.942,0 77.685,12.94,0</coordinates>
          </LinearRing>
        </outerBoundaryIs>
      </Polygon>
    </Placemark>
    <Placemark>
      <name>Polygon_838</name>
      <ExtendedData>
        <Data name="id"><value>838</value></Data>
        <Data name="category"><value>benchmark</value></Data>
      </ExtendedData>
      <Polygon>
        <outerBoundaryIs>
          <LinearRing>
            <coordinates>77.69,12.94,0 77.692,12.94,0 77.692,12.942,0 77.69,12.942,0 77.69,12.94,0</coordinates>
          </LinearRing>
        </outerBoundaryIs>
      </Polygon>
    </Placemark>
    <Placemark>
      <name>Polygon_839</name>
      <ExtendedData>
        <Data name="id"><value>839</value></Data>
        <Data name="category"><value>benchmark</value></Data>
      </ExtendedData>
      <Polygon>
        <outerBoundaryIs>
          <LinearRing>
            <coordinates>77.695,12.94,0 77.69699999999999,12.94,0 77.69699999999999,12.942,0 77.695,12.942,0 77.695,12.94,0</coordinates>
          </LinearRing>
        </outerBoundaryIs>
      </Polygon>
    </Placemark>
    <Placemark>
      <name>Polygon_840</name>
      <ExtendedData>
        <Data name="id"><value>840</value></Data>
        <Data name="category"><value>benchmark</value></Data>
      </ExtendedData>
      <Polygon>
        <outerBoundaryIs>
          <LinearRing>
            <coordinates>77.7,12.94,0 77.702,12.94,0 77.702,12.942,0 77.7,12.942,0 77.7,12.94,0</coordinates>
          </LinearRing>
        </outerBoundaryIs>
      </Polygon>
    </Placemark>
    <Placemark>
      <name>Polygon_841</name>
      <ExtendedData>
        <Data name="id"><value>841</value></Data>
        <Data name="category"><value>benchmark</value></Data>
      </ExtendedData>
      <Polygon>
        <outerBoundaryIs>
          <LinearRing>
            <coordinates>77.705,12.94,0 77.707,12.94,0 77.707,12.942,0 77.705,12.942,0 77.705,12.94,0</coordinates>
          </LinearRing>
        </outerBoundaryIs>
      </Polygon>
    </Placemark>
    <Placemark>
      <name>Polygon_842</name>
      <ExtendedData>
        <Data name="id"><value>842</value></Data>
        <Data name="category"><value>benchmark</value></Data>
      </ExtendedData>
      <Polygon>
        <outerBoundaryIs>
          <LinearRing>
            <coordinates>77.71,12.94,0 77.71199999999999,12.94,0 77.71199999999999,12.942,0 77.71,12.942,0 77.71,12.94,0</coordinates>
          </LinearRing>
        </outerBoundaryIs>
      </Polygon>
    </Placemark>
    <Placemark>
      <name>Polygon_843</name>
      <ExtendedData>
        <Data name="id"><value>843</value></Data>
        <Data name="category"><value>benchmark</value></Data>
      </ExtendedData>
      <Polygon>
        <outerBoundaryIs>
          <LinearRing>
            <coordinates>77.715,12.94,0 77.717,12.94,0 77.717,12.942,0 77.715,12.942,0 77.715,12.94,0</coordinates>
          </LinearRing>
        </outerBoundaryIs>
      </Polygon>
    </Placemark>
    <Placemark>
      <name>Polygon_844</name>
      <ExtendedData>
        <Data name="id"><value>844</value></Data>
        <Data name="category"><value>benchmark</value></Data>
      </ExtendedData>
      <Polygon>
        <outerBoundaryIs>
          <LinearRing>
            <coordinates>77.72,12.94,0 77.722,12.94,0 77.722,12.942,0 77.72,12.942,0 77.72,12.94,0</coordinates>
          </LinearRing>
        </outerBoundaryIs>
      </Polygon>
    </Placemark>
    <Placemark>
      <name>Polygon_845</name>
      <ExtendedData>
        <Data name="id"><value>845</value></Data>
        <Data name="category"><value>benchmark</value></Data>
      </ExtendedData>
      <Polygon>
        <outerBoundaryIs>
          <LinearRing>
            <coordinates>77.725,12.94,0 77.72699999999999,12.94,0 77.72699999999999,12.942,0 77.725,12.942,0 77.725,12.94,0</coordinates>
          </LinearRing>
        </outerBoundaryIs>
      </Polygon>
    </Placemark>
    <Placemark>
      <name>Polygon_846</name>
      <ExtendedData>
        <Data name="id"><value>846</value></Data>
        <Data name="category"><value>benchmark</value></Data>
      </ExtendedData>
      <Polygon>
        <outerBoundaryIs>
          <LinearRing>
            <coordinates>77.73,12.94,0 77.732,12.94,0 77.732,12.942,0 77.73,12.942,0 77.73,12.94,0</coordinates>
          </LinearRing>
        </outerBoundaryIs>
      </Polygon>
    </Placemark>
    <Placemark>
      <name>Polygon_847</name>
      <ExtendedData>
        <Data name="id"><value>847</value></Data>
        <Data name="category"><value>benchmark</value></Data>
      </ExtendedData>
      <Polygon>
        <outerBoundaryIs>
          <LinearRing>
            <coordinates>77.735,12.94,0 77.737,12.94,0 77.737,12.942,0 77.735,12.942,0 77.735,12.94,0</coordinates>
          </LinearRing>
        </outerBoundaryIs>
      </Polygon>
    </Placemark>
    <Placemark>
      <name>Polygon_848</name>
      <ExtendedData>
        <Data name="id"><value>848</value></Data>
        <Data name="category"><value>benchmark</value></Data>
      </ExtendedData>
      <Polygon>
        <outerBoundaryIs>
          <LinearRing>
            <coordinates>77.74,12.94,0 77.74199999999999,12.94,0 77.74199999999999,12.942,0 77.74,12.942,0 77.74,12.94,0</coordinates>
          </LinearRing>
        </outerBoundaryIs>
      </Polygon>
    </Placemark>
    <Placemark>
      <name>Polygon_849</name>
      <ExtendedData>
        <Data name="id"><value>849</value></Data>
        <Data name="category"><value>benchmark</value></Data>
      </ExtendedData>
      <Polygon>
        <outerBoundaryIs>
          <LinearRing>
            <coordinates>77.745,12.94,0 77.747,12.94,0 77.747,12.942,0 77.745,12.942,0 77.745,12.94,0</coordinates>
          </LinearRing>
        </outerBoundaryIs>
      </Polygon>
    </Placemark>
    <Placemark>
      <name>Polygon_850</name>
      <ExtendedData>
        <Data name="id"><value>850</value></Data>
        <Data name="category"><value>benchmark</value></Data>
      </ExtendedData>
      <Polygon>
        <outerBoundaryIs>
          <LinearRing>
            <coordinates>77.75,12.94,0 77.752,12.94,0 77.752,12.942,0 77.75,12.942,0 77.75,12.94,0</coordinates>
          </LinearRing>
        </outerBoundaryIs>
      </Polygon>
    </Placemark>
    <Placemark>
      <name>Polygon_851</name>
      <ExtendedData>
        <Data name="id"><value>851</value></Data>
        <Data name="category"><value>benchmark</value></Data>
      </ExtendedData>
      <Polygon>
        <outerBoundaryIs>
          <LinearRing>
            <coordinates>77.755,12.94,0 77.75699999999999,12.94,0 77.75699999999999,12.942,0 77.755,12.942,0 77.755,12.94,0</coordinates>
          </LinearRing>
        </outerBoundaryIs>
      </Polygon>
    </Placemark>
    <Placemark>
      <name>Polygon_852</name>
      <ExtendedData>
        <Data name="id"><value>852</value></Data>
        <Data name="category"><value>benchmark</value></Data>
      </ExtendedData>
      <Polygon>
        <outerBoundaryIs>
          <LinearRing>
            <coordinates>77.76,12.94,0 77.762,12.94,0 77.762,12.942,0 77.76,12.942,0 77.76,12.94,0</coordinates>
          </LinearRing>
        </outerBoundaryIs>
      </Polygon>
    </Placemark>
    <Placemark>
      <name>Polygon_853</name>
      <ExtendedData>
        <Data name="id"><value>853</value></Data>
        <Data name="category"><value>benchmark</value></Data>
      </ExtendedData>
      <Polygon>
        <outerBoundaryIs>
          <LinearRing>
            <coordinates>77.765,12.94,0 77.767,12.94,0 77.767,12.942,0 77.765,12.942,0 77.765,12.94,0</coordinates>
          </LinearRing>
        </outerBoundaryIs>
      </Polygon>
    </Placemark>
    <Placemark>
      <name>Polygon_854</name>
      <ExtendedData>
        <Data name="id"><value>854</value></Data>
        <Data name="category"><value>benchmark</value></Data>
      </ExtendedData>
      <Polygon>
        <outerBoundaryIs>
          <LinearRing>
            <coordinates>77.77,12.94,0 77.77199999999999,12.94,0 77.77199999999999,12.942,0 77.77,12.942,0 77.77,12.94,0</coordinates>
          </LinearRing>
        </outerBoundaryIs>
      </Polygon>
    </Placemark>
    <Placemark>
      <name>Polygon_855</name>
      <ExtendedData>
        <Data name="id"><value>855</value></Data>
        <Data name="category"><value>benchmark</value></Data>
      </ExtendedData>
      <Polygon>
        <outerBoundaryIs>
          <LinearRing>
            <coordinates>77.775,12.94,0 77.777,12.94,0 77.777,12.942,0 77.775,12.942,0 77.775,12.94,0</coordinates>
          </LinearRing>
        </outerBoundaryIs>
      </Polygon>
    </Placemark>
    <Placemark>
      <name>Polygon_856</name>
      <ExtendedData>
        <Data name="id"><value>856</value></Data>
        <Data name="category"><value>benchmark</value></Data>
      </ExtendedData>
      <Polygon>
        <outerBoundaryIs>
          <LinearRing>
            <coordinates>77.78,12.94,0 77.782,12.94,0 77.782,12.942,0 77.78,12.942,0 77.78,12.94,0</coordinates>
          </LinearRing>
        </outerBoundaryIs>
      </Polygon>
    </Placemark>
    <Placemark>
      <name>Polygon_857</name>
      <ExtendedData>
        <Data name="id"><value>857</value></Data>
        <Data name="category"><value>benchmark</value></Data>
      </ExtendedData>
      <Polygon>
        <outerBoundaryIs>
          <LinearRing>
            <coordinates>77.785,12.94,0 77.78699999999999,12.94,0 77.78699999999999,12.942,0 77.785,12.942,0 77.785,12.94,0</coordinates>
          </LinearRing>
        </outerBoundaryIs>
      </Polygon>
    </Placemark>
    <Placemark>
      <name>Polygon_858</name>
      <ExtendedData>
        <Data name="id"><value>858</value></Data>
        <Data name="category"><value>benchmark</value></Data>
      </ExtendedData>
      <Polygon>
        <outerBoundaryIs>
          <LinearRing>
            <coordinates>77.79,12.94,0 77.792,12.94,0 77.792,12.942,0 77.79,12.942,0 77.79,12.94,0</coordinates>
          </LinearRing>
        </outerBoundaryIs>
      </Polygon>
    </Placemark>
    <Placemark>
      <name>Polygon_859</name>
      <ExtendedData>
        <Data name="id"><value>859</value></Data>
        <Data name="category"><value>benchmark</value></Data>
      </ExtendedData>
      <Polygon>
        <outerBoundaryIs>
          <LinearRing>
            <coordinates>77.795,12.94,0 77.797,12.94,0 77.797,12.942,0 77.795,12.942,0 77.795,12.94,0</coordinates>
          </LinearRing>
        </outerBoundaryIs>
      </Polygon>
    </Placemark>
    <Placemark>
      <name>Polygon_860</name>
      <ExtendedData>
        <Data name="id"><value>860</value></Data>
        <Data name="category"><value>benchmark</value></Data>
      </ExtendedData>
      <Polygon>
        <outerBoundaryIs>
          <LinearRing>
            <coordinates>77.8,12.94,0 77.80199999999999,12.94,0 77.80199999999999,12.942,0 77.8,12.942,0 77.8,12.94,0</coordinates>
          </LinearRing>
        </outerBoundaryIs>
      </Polygon>
    </Placemark>
    <Placemark>
      <name>Polygon_861</name>
      <ExtendedData>
        <Data name="id"><value>861</value></Data>
        <Data name="category"><value>benchmark</value></Data>
      </ExtendedData>
      <Polygon>
        <outerBoundaryIs>
          <LinearRing>
            <coordinates>77.805,12.94,0 77.807,12.94,0 77.807,12.942,0 77.805,12.942,0 77.805,12.94,0</coordinates>
          </LinearRing>
        </outerBoundaryIs>
      </Polygon>
    </Placemark>
    <Placemark>
      <name>Polygon_862</name>
      <ExtendedData>
        <Data name="id"><value>862</value></Data>
        <Data name="category"><value>benchmark</value></Data>
      </ExtendedData>
      <Polygon>
        <outerBoundaryIs>
          <LinearRing>
            <coordinates>77.81,12.94,0 77.812,12.94,0 77.812,12.942,0 77.81,12.942,0 77.81,12.94,0</coordinates>
          </LinearRing>
        </outerBoundaryIs>
      </Polygon>
    </Placemark>
    <Placemark>
      <name>Polygon_863</name>
      <ExtendedData>
        <Data name="id"><value>863</value></Data>
        <Data name="category"><value>benchmark</value></Data>
      </ExtendedData>
      <Polygon>
        <outerBoundaryIs>
          <LinearRing>
            <coordinates>77.815,12.94,0 77.817,12.94,0 77.817,12.942,0 77.815,12.942,0 77.815,12.94,0</coordinates>
          </LinearRing>
        </outerBoundaryIs>
      </Polygon>
    </Placemark>
    <Placemark>
      <name>Polygon_864</name>
      <ExtendedData>
        <Data name="id"><value>864</value></Data>
        <Data name="category"><value>benchmark</value></Data>
      </ExtendedData>
      <Polygon>
        <outerBoundaryIs>
          <LinearRing>
            <coordinates>77.82,12.94,0 77.82199999999999,12.94,0 77.82199999999999,12.942,0 77.82,12.942,0 77.82,12.94,0</coordinates>
          </LinearRing>
        </outerBoundaryIs>
      </Polygon>
    </Placemark>
    <Placemark>
      <name>Polygon_865</name>
      <ExtendedData>
        <Data name="id"><value>865</value></Data>
        <Data name="category"><value>benchmark</value></Data>
      </ExtendedData>
      <Polygon>
        <outerBoundaryIs>
          <LinearRing>
            <coordinates>77.825,12.94,0 77.827,12.94,0 77.827,12.942,0 77.825,12.942,0 77.825,12.94,0</coordinates>
          </LinearRing>
        </outerBoundaryIs>
      </Polygon>
    </Placemark>
    <Placemark>
      <name>Polygon_866</name>
      <ExtendedData>
        <Data name="id"><value>866</value></Data>
        <Data name="category"><value>benchmark</value></Data>
      </ExtendedData>
      <Polygon>
        <outerBoundaryIs>
          <LinearRing>
            <coordinates>77.83,12.94,0 77.832,12.94,0 77.832,12.942,0 77.83,12.942,0 77.83,12.94,0</coordinates>
          </LinearRing>
        </outerBoundaryIs>
      </Polygon>
    </Placemark>
    <Placemark>
      <name>Polygon_867</name>
      <ExtendedData>
        <Data name="id"><value>867</value></Data>
        <Data name="category"><value>benchmark</value></Data>
      </ExtendedData>
      <Polygon>
        <outerBoundaryIs>
          <LinearRing>
            <coordinates>77.835,12.94,0 77.83699999999999,12.94,0 77.83699999999999,12.942,0 77.835,12.942,0 77.835,12.94,0</coordinates>
          </LinearRing>
        </outerBoundaryIs>
      </Polygon>
    </Placemark>
    <Placemark>
      <name>Polygon_868</name>
      <ExtendedData>
        <Data name="id"><value>868</value></Data>
        <Data name="category"><value>benchmark</value></Data>
      </ExtendedData>
      <Polygon>
        <outerBoundaryIs>
          <LinearRing>
            <coordinates>77.84,12.94,0 77.842,12.94,0 77.842,12.942,0 77.84,12.942,0 77.84,12.94,0</coordinates>
          </LinearRing>
        </outerBoundaryIs>
      </Polygon>
    </Placemark>
    <Placemark>
      <name>Polygon_869</name>
      <ExtendedData>
        <Data name="id"><value>869</value></Data>
        <Data name="category"><value>benchmark</value></Data>
      </ExtendedData>
      <Polygon>
        <outerBoundaryIs>
          <LinearRing>
            <coordinates>77.845,12.94,0 77.847,12.94,0 77.847,12.942,0 77.845,12.942,0 77.845,12.94,0</coordinates>
          </LinearRing>
        </outerBoundaryIs>
      </Polygon>
    </Placemark>
    <Placemark>
      <name>Polygon_870</name>
      <ExtendedData>
        <Data name="id"><value>870</value></Data>
        <Data name="category"><value>benchmark</value></Data>
      </ExtendedData>
      <Polygon>
        <outerBoundaryIs>
          <LinearRing>
            <coordinates>77.85,12.94,0 77.85199999999999,12.94,0 77.85199999999999,12.942,0 77.85,12.942,0 77.85,12.94,0</coordinates>
          </LinearRing>
        </outerBoundaryIs>
      </Polygon>
    </Placemark>
    <Placemark>
      <name>Polygon_871</name>
      <ExtendedData>
        <Data name="id"><value>871</value></Data>
        <Data name="category"><value>benchmark</value></Data>
      </ExtendedData>
      <Polygon>
        <outerBoundaryIs>
          <LinearRing>
            <coordinates>77.855,12.94,0 77.857,12.94,0 77.857,12.942,0 77.855,12.942,0 77.855,12.94,0</coordinates>
          </LinearRing>
        </outerBoundaryIs>
      </Polygon>
    </Placemark>
    <Placemark>
      <name>Polygon_872</name>
      <ExtendedData>
        <Data name="id"><value>872</value></Data>
        <Data name="category"><value>benchmark</value></Data>
      </ExtendedData>
      <Polygon>
        <outerBoundaryIs>
          <LinearRing>
            <coordinates>77.86,12.94,0 77.862,12.94,0 77.862,12.942,0 77.86,12.942,0 77.86,12.94,0</coordinates>
          </LinearRing>
        </outerBoundaryIs>
      </Polygon>
    </Placemark>
    <Placemark>
      <name>Polygon_873</name>
      <ExtendedData>
        <Data name="id"><value>873</value></Data>
        <Data name="category"><value>benchmark</value></Data>
      </ExtendedData>
      <Polygon>
        <outerBoundaryIs>
          <LinearRing>
            <coordinates>77.865,12.94,0 77.86699999999999,12.94,0 77.86699999999999,12.942,0 77.865,12.942,0 77.865,12.94,0</coordinates>
          </LinearRing>
        </outerBoundaryIs>
      </Polygon>
    </Placemark>
    <Placemark>
      <name>Polygon_874</name>
      <ExtendedData>
        <Data name="id"><value>874</value></Data>
        <Data name="category"><value>benchmark</value></Data>
      </ExtendedData>
      <Polygon>
        <outerBoundaryIs>
          <LinearRing>
            <coordinates>77.87,12.94,0 77.872,12.94,0 77.872,12.942,0 77.87,12.942,0 77.87,12.94,0</coordinates>
          </LinearRing>
        </outerBoundaryIs>
      </Polygon>
    </Placemark>
    <Placemark>
      <name>Polygon_875</name>
      <ExtendedData>
        <Data name="id"><value>875</value></Data>
        <Data name="category"><value>benchmark</value></Data>
      </ExtendedData>
      <Polygon>
        <outerBoundaryIs>
          <LinearRing>
            <coordinates>77.875,12.94,0 77.877,12.94,0 77.877,12.942,0 77.875,12.942,0 77.875,12.94,0</coordinates>
          </LinearRing>
        </outerBoundaryIs>
      </Polygon>
    </Placemark>
    <Placemark>
      <name>Polygon_876</name>
      <ExtendedData>
        <Data name="id"><value>876</value></Data>
        <Data name="category"><value>benchmark</value></Data>
      </ExtendedData>
      <Polygon>
        <outerBoundaryIs>
          <LinearRing>
            <coordinates>77.88,12.94,0 77.88199999999999,12.94,0 77.88199999999999,12.942,0 77.88,12.942,0 77.88,12.94,0</coordinates>
          </LinearRing>
        </outerBoundaryIs>
      </Polygon>
    </Placemark>
    <Placemark>
      <name>Polygon_877</name>
      <ExtendedData>
        <Data name="id"><value>877</value></Data>
        <Data name="category"><value>benchmark</value></Data>
      </ExtendedData>
      <Polygon>
        <outerBoundaryIs>
          <LinearRing>
            <coordinates>77.885,12.94,0 77.887,12.94,0 77.887,12.942,0 77.885,12.942,0 77.885,12.94,0</coordinates>
          </LinearRing>
        </outerBoundaryIs>
      </Polygon>
    </Placemark>
    <Placemark>
      <name>Polygon_878</name>
      <ExtendedData>
        <Data name="id"><value>878</value></Data>
        <Data name="category"><value>benchmark</value></Data>
      </ExtendedData>
      <Polygon>
        <outerBoundaryIs>
          <LinearRing>
            <coordinates>77.89,12.94,0 77.892,12.94,0 77.892,12.942,0 77.89,12.942,0 77.89,12.94,0</coordinates>
          </LinearRing>
        </outerBoundaryIs>
      </Polygon>
    </Placemark>
    <Placemark>
      <name>Polygon_879</name>
      <ExtendedData>
        <Data name="id"><value>879</value></Data>
        <Data name="category"><value>benchmark</value></Data>
      </ExtendedData>
      <Polygon>
        <outerBoundaryIs>
          <LinearRing>
            <coordinates>77.895,12.94,0 77.89699999999999,12.94,0 77.89699999999999,12.942,0 77.895,12.942,0 77.895,12.94,0</coordinates>
          </LinearRing>
        </outerBoundaryIs>
      </Polygon>
    </Placemark>
    <Placemark>
      <name>Polygon_880</name>
      <ExtendedData>
        <Data name="id"><value>880</value></Data>
        <Data name="category"><value>benchmark</value></Data>
      </ExtendedData>
      <Polygon>
        <outerBoundaryIs>
          <LinearRing>
            <coordinates>77.9,12.94,0 77.902,12.94,0 77.902,12.942,0 77.9,12.942,0 77.9,12.94,0</coordinates>
          </LinearRing>
        </outerBoundaryIs>
      </Polygon>
    </Placemark>
    <Placemark>
      <name>Polygon_881</name>
      <ExtendedData>
        <Data name="id"><value>881</value></Data>
        <Data name="category"><value>benchmark</value></Data>
      </ExtendedData>
      <Polygon>
        <outerBoundaryIs>
          <LinearRing>
            <coordinates>77.905,12.94,0 77.907,12.94,0 77.907,12.942,0 77.905,12.942,0 77.905,12.94,0</coordinates>
          </LinearRing>
        </outerBoundaryIs>
      </Polygon>
    </Placemark>
    <Placemark>
      <name>Polygon_882</name>
      <ExtendedData>
        <Data name="id"><value>882</value></Data>
        <Data name="category"><value>benchmark</value></Data>
      </ExtendedData>
      <Polygon>
        <outerBoundaryIs>
          <LinearRing>
            <coordinates>77.91,12.94,0 77.91199999999999,12.94,0 77.91199999999999,12.942,0 77.91,12.942,0 77.91,12.94,0</coordinates>
          </LinearRing>
        </outerBoundaryIs>
      </Polygon>
    </Placemark>
    <Placemark>
      <name>Polygon_883</name>
      <ExtendedData>
        <Data name="id"><value>883</value></Data>
        <Data name="category"><value>benchmark</value></Data>
      </ExtendedData>
      <Polygon>
        <outerBoundaryIs>
          <LinearRing>
            <coordinates>77.915,12.94,0 77.917,12.94,0 77.917,12.942,0 77.915,12.942,0 77.915,12.94,0</coordinates>
          </LinearRing>
        </outerBoundaryIs>
      </Polygon>
    </Placemark>
    <Placemark>
      <name>Polygon_884</name>
      <ExtendedData>
        <Data name="id"><value>884</value></Data>
        <Data name="category"><value>benchmark</value></Data>
      </ExtendedData>
      <Polygon>
        <outerBoundaryIs>
          <LinearRing>
            <coordinates>77.92,12.94,0 77.922,12.94,0 77.922,12.942,0 77.92,12.942,0 77.92,12.94,0</coordinates>
          </LinearRing>
        </outerBoundaryIs>
      </Polygon>
    </Placemark>
    <Placemark>
      <name>Polygon_885</name>
      <ExtendedData>
        <Data name="id"><value>885</value></Data>
        <Data name="category"><value>benchmark</value></Data>
      </ExtendedData>
      <Polygon>
        <outerBoundaryIs>
          <LinearRing>
            <coordinates>77.925,12.94,0 77.92699999999999,12.94,0 77.92699999999999,12.942,0 77.925,12.942,0 77.925,12.94,0</coordinates>
          </LinearRing>
        </outerBoundaryIs>
      </Polygon>
    </Placemark>
    <Placemark>
      <name>Polygon_886</name>
      <ExtendedData>
        <Data name="id"><value>886</value></Data>
        <Data name="category"><value>benchmark</value></Data>
      </ExtendedData>
      <Polygon>
        <outerBoundaryIs>
          <LinearRing>
            <coordinates>77.93,12.94,0 77.932,12.94,0 77.932,12.942,0 77.93,12.942,0 77.93,12.94,0</coordinates>
          </LinearRing>
        </outerBoundaryIs>
      </Polygon>
    </Placemark>
    <Placemark>
      <name>Polygon_887</name>
      <ExtendedData>
        <Data name="id"><value>887</value></Data>
        <Data name="category"><value>benchmark</value></Data>
      </ExtendedData>
      <Polygon>
        <outerBoundaryIs>
          <LinearRing>
            <coordinates>77.935,12.94,0 77.937,12.94,0 77.937,12.942,0 77.935,12.942,0 77.935,12.94,0</coordinates>
          </LinearRing>
        </outerBoundaryIs>
      </Polygon>
    </Placemark>
    <Placemark>
      <name>Polygon_888</name>
      <ExtendedData>
        <Data name="id"><value>888</value></Data>
        <Data name="category"><value>benchmark</value></Data>
      </ExtendedData>
      <Polygon>
        <outerBoundaryIs>
          <LinearRing>
            <coordinates>77.94,12.94,0 77.942,12.94,0 77.942,12.942,0 77.94,12.942,0 77.94,12.94,0</coordinates>
          </LinearRing>
        </outerBoundaryIs>
      </Polygon>
    </Placemark>
    <Placemark>
      <name>Polygon_889</name>
      <ExtendedData>
        <Data name="id"><value>889</value></Data>
        <Data name="category"><value>benchmark</value></Data>
      </ExtendedData>
      <Polygon>
        <outerBoundaryIs>
          <LinearRing>
            <coordinates>77.945,12.94,0 77.94699999999999,12.94,0 77.94699999999999,12.942,0 77.945,12.942,0 77.945,12.94,0</coordinates>
          </LinearRing>
        </outerBoundaryIs>
      </Polygon>
    </Placemark>
    <Placemark>
      <name>Polygon_890</name>
      <ExtendedData>
        <Data name="id"><value>890</value></Data>
        <Data name="category"><value>benchmark</value></Data>
      </ExtendedData>
      <Polygon>
        <outerBoundaryIs>
          <LinearRing>
            <coordinates>77.95,12.94,0 77.952,12.94,0 77.952,12.942,0 77.95,12.942,0 77.95,12.94,0</coordinates>
          </LinearRing>
        </outerBoundaryIs>
      </Polygon>
    </Placemark>
    <Placemark>
      <name>Polygon_891</name>
      <ExtendedData>
        <Data name="id"><value>891</value></Data>
        <Data name="category"><value>benchmark</value></Data>
      </ExtendedData>
      <Polygon>
        <outerBoundaryIs>
          <LinearRing>
            <coordinates>77.955,12.94,0 77.957,12.94,0 77.957,12.942,0 77.955,12.942,0 77.955,12.94,0</coordinates>
          </LinearRing>
        </outerBoundaryIs>
      </Polygon>
    </Placemark>
    <Placemark>
      <name>Polygon_892</name>
      <ExtendedData>
        <Data name="id"><value>892</value></Data>
        <Data name="category"><value>benchmark</value></Data>
      </ExtendedData>
      <Polygon>
        <outerBoundaryIs>
          <LinearRing>
            <coordinates>77.96,12.94,0 77.96199999999999,12.94,0 77.96199999999999,12.942,0 77.96,12.942,0 77.96,12.94,0</coordinates>
          </LinearRing>
        </outerBoundaryIs>
      </Polygon>
    </Placemark>
    <Placemark>
      <name>Polygon_893</name>
      <ExtendedData>
        <Data name="id"><value>893</value></Data>
        <Data name="category"><value>benchmark</value></Data>
      </ExtendedData>
      <Polygon>
        <outerBoundaryIs>
          <LinearRing>
            <coordinates>77.965,12.94,0 77.967,12.94,0 77.967,12.942,0 77.965,12.942,0 77.965,12.94,0</coordinates>
          </LinearRing>
        </outerBoundaryIs>
      </Polygon>
    </Placemark>
    <Placemark>
      <name>Polygon_894</name>
      <ExtendedData>
        <Data name="id"><value>894</value></Data>
        <Data name="category"><value>benchmark</value></Data>
      </ExtendedData>
      <Polygon>
        <outerBoundaryIs>
          <LinearRing>
            <coordinates>77.97,12.94,0 77.972,12.94,0 77.972,12.942,0 77.97,12.942,0 77.97,12.94,0</coordinates>
          </LinearRing>
        </outerBoundaryIs>
      </Polygon>
    </Placemark>
    <Placemark>
      <name>Polygon_895</name>
      <ExtendedData>
        <Data name="id"><value>895</value></Data>
        <Data name="category"><value>benchmark</value></Data>
      </ExtendedData>
      <Polygon>
        <outerBoundaryIs>
          <LinearRing>
            <coordinates>77.975,12.94,0 77.97699999999999,12.94,0 77.97699999999999,12.942,0 77.975,12.942,0 77.975,12.94,0</coordinates>
          </LinearRing>
        </outerBoundaryIs>
      </Polygon>
    </Placemark>
    <Placemark>
      <name>Polygon_896</name>
      <ExtendedData>
        <Data name="id"><value>896</value></Data>
        <Data name="category"><value>benchmark</value></Data>
      </ExtendedData>
      <Polygon>
        <outerBoundaryIs>
          <LinearRing>
            <coordinates>77.98,12.94,0 77.982,12.94,0 77.982,12.942,0 77.98,12.942,0 77.98,12.94,0</coordinates>
          </LinearRing>
        </outerBoundaryIs>
      </Polygon>
    </Placemark>
    <Placemark>
      <name>Polygon_897</name>
      <ExtendedData>
        <Data name="id"><value>897</value></Data>
        <Data name="category"><value>benchmark</value></Data>
      </ExtendedData>
      <Polygon>
        <outerBoundaryIs>
          <LinearRing>
            <coordinates>77.985,12.94,0 77.987,12.94,0 77.987,12.942,0 77.985,12.942,0 77.985,12.94,0</coordinates>
          </LinearRing>
        </outerBoundaryIs>
      </Polygon>
    </Placemark>
    <Placemark>
      <name>Polygon_898</name>
      <ExtendedData>
        <Data name="id"><value>898</value></Data>
        <Data name="category"><value>benchmark</value></Data>
      </ExtendedData>
      <Polygon>
        <outerBoundaryIs>
          <LinearRing>
            <coordinates>77.99,12.94,0 77.99199999999999,12.94,0 77.99199999999999,12.942,0 77.99,12.942,0 77.99,12.94,0</coordinates>
          </LinearRing>
        </outerBoundaryIs>
      </Polygon>
    </Placemark>
    <Placemark>
      <name>Polygon_899</name>
      <ExtendedData>
        <Data name="id"><value>899</value></Data>
        <Data name="category"><value>benchmark</value></Data>
      </ExtendedData>
      <Polygon>
        <outerBoundaryIs>
          <LinearRing>
            <coordinates>77.995,12.94,0 77.997,12.94,0 77.997,12.942,0 77.995,12.942,0 77.995,12.94,0</coordinates>
          </LinearRing>
        </outerBoundaryIs>
      </Polygon>
    </Placemark>
    <Placemark>
      <name>Polygon_900</name>
      <ExtendedData>
        <Data name="id"><value>900</value></Data>
        <Data name="category"><value>benchmark</value></Data>
      </ExtendedData>
      <Polygon>
        <outerBoundaryIs>
          <LinearRing>
            <coordinates>77.5,12.945,0 77.502,12.945,0 77.502,12.947000000000001,0 77.5,12.947000000000001,0 77.5,12.945,0</coordinates>
          </LinearRing>
        </outerBoundaryIs>
      </Polygon>
    </Placemark>
    <Placemark>
      <name>Polygon_901</name>
      <ExtendedData>
        <Data name="id"><value>901</value></Data>
        <Data name="category"><value>benchmark</value></Data>
      </ExtendedData>
      <Polygon>
        <outerBoundaryIs>
          <LinearRing>
            <coordinates>77.505,12.945,0 77.50699999999999,12.945,0 77.50699999999999,12.947000000000001,0 77.505,12.947000000000001,0 77.505,12.945,0</coordinates>
          </LinearRing>
        </outerBoundaryIs>
      </Polygon>
    </Placemark>
    <Placemark>
      <name>Polygon_902</name>
      <ExtendedData>
        <Data name="id"><value>902</value></Data>
        <Data name="category"><value>benchmark</value></Data>
      </ExtendedData>
      <Polygon>
        <outerBoundaryIs>
          <LinearRing>
            <coordinates>77.51,12.945,0 77.512,12.945,0 77.512,12.947000000000001,0 77.51,12.947000000000001,0 77.51,12.945,0</coordinates>
          </LinearRing>
        </outerBoundaryIs>
      </Polygon>
    </Placemark>
    <Placemark>
      <name>Polygon_903</name>
      <ExtendedData>
        <Data name="id"><value>903</value></Data>
        <Data name="category"><value>benchmark</value></Data>
      </ExtendedData>
      <Polygon>
        <outerBoundaryIs>
          <LinearRing>
            <coordinates>77.515,12.945,0 77.517,12.945,0 77.517,12.947000000000001,0 77.515,12.947000000000001,0 77.515,12.945,0</coordinates>
          </LinearRing>
        </outerBoundaryIs>
      </Polygon>
    </Placemark>
    <Placemark>
      <name>Polygon_904</name>
      <ExtendedData>
        <Data name="id"><value>904</value></Data>
        <Data name="category"><value>benchmark</value></Data>
      </ExtendedData>
      <Polygon>
        <outerBoundaryIs>
          <LinearRing>
            <coordinates>77.52,12.945,0 77.52199999999999,12.945,0 77.52199999999999,12.947000000000001,0 77.52,12.947000000000001,0 77.52,12.945,0</coordinates>
          </LinearRing>
        </outerBoundaryIs>
      </Polygon>
    </Placemark>
    <Placemark>
      <name>Polygon_905</name>
      <ExtendedData>
        <Data name="id"><value>905</value></Data>
        <Data name="category"><value>benchmark</value></Data>
      </ExtendedData>
      <Polygon>
        <outerBoundaryIs>
          <LinearRing>
            <coordinates>77.525,12.945,0 77.527,12.945,0 77.527,12.947000000000001,0 77.525,12.947000000000001,0 77.525,12.945,0</coordinates>
          </LinearRing>
        </outerBoundaryIs>
      </Polygon>
    </Placemark>
    <Placemark>
      <name>Polygon_906</name>
      <ExtendedData>
        <Data name="id"><value>906</value></Data>
        <Data name="category"><value>benchmark</value></Data>
      </ExtendedData>
      <Polygon>
        <outerBoundaryIs>
          <LinearRing>
            <coordinates>77.53,12.945,0 77.532,12.945,0 77.532,12.947000000000001,0 77.53,12.947000000000001,0 77.53,12.945,0</coordinates>
          </LinearRing>
        </outerBoundaryIs>
      </Polygon>
    </Placemark>
    <Placemark>
      <name>Polygon_907</name>
      <ExtendedData>
        <Data name="id"><value>907</value></Data>
        <Data name="category"><value>benchmark</value></Data>
      </ExtendedData>
      <Polygon>
        <outerBoundaryIs>
          <LinearRing>
            <coordinates>77.535,12.945,0 77.53699999999999,12.945,0 77.53699999999999,12.947000000000001,0 77.535,12.947000000000001,0 77.535,12.945,0</coordinates>
          </LinearRing>
        </outerBoundaryIs>
      </Polygon>
    </Placemark>
    <Placemark>
      <name>Polygon_908</name>
      <ExtendedData>
        <Data name="id"><value>908</value></Data>
        <Data name="category"><value>benchmark</value></Data>
      </ExtendedData>
      <Polygon>
        <outerBoundaryIs>
          <LinearRing>
            <coordinates>77.54,12.945,0 77.542,12.945,0 77.542,12.947000000000001,0 77.54,12.947000000000001,0 77.54,12.945,0</coordinates>
          </LinearRing>
        </outerBoundaryIs>
      </Polygon>
    </Placemark>
    <Placemark>
      <name>Polygon_909</name>
      <ExtendedData>
        <Data name="id"><value>909</value></Data>
        <Data name="category"><value>benchmark</value></Data>
      </ExtendedData>
      <Polygon>
        <outerBoundaryIs>
          <LinearRing>
            <coordinates>77.545,12.945,0 77.547,12.945,0 77.547,12.947000000000001,0 77.545,12.947000000000001,0 77.545,12.945,0</coordinates>
          </LinearRing>
        </outerBoundaryIs>
      </Polygon>
    </Placemark>
    <Placemark>
      <name>Polygon_910</name>
      <ExtendedData>
        <Data name="id"><value>910</value></Data>
        <Data name="category"><value>benchmark</value></Data>
      </ExtendedData>
      <Polygon>
        <outerBoundaryIs>
          <LinearRing>
            <coordinates>77.55,12.945,0 77.55199999999999,12.945,0 77.55199999999999,12.947000000000001,0 77.55,12.947000000000001,0 77.55,12.945,0</coordinates>
          </LinearRing>
        </outerBoundaryIs>
      </Polygon>
    </Placemark>
    <Placemark>
      <name>Polygon_911</name>
      <ExtendedData>
        <Data name="id"><value>911</value></Data>
        <Data name="category"><value>benchmark</value></Data>
      </ExtendedData>
      <Polygon>
        <outerBoundaryIs>
          <LinearRing>
            <coordinates>77.555,12.945,0 77.557,12.945,0 77.557,12.947000000000001,0 77.555,12.947000000000001,0 77.555,12.945,0</coordinates>
          </LinearRing>
        </outerBoundaryIs>
      </Polygon>
    </Placemark>
    <Placemark>
      <name>Polygon_912</name>
      <ExtendedData>
        <Data name="id"><value>912</value></Data>
        <Data name="category"><value>benchmark</value></Data>
      </ExtendedData>
      <Polygon>
        <outerBoundaryIs>
          <LinearRing>
            <coordinates>77.56,12.945,0 77.562,12.945,0 77.562,12.947000000000001,0 77.56,12.947000000000001,0 77.56,12.945,0</coordinates>
          </LinearRing>
        </outerBoundaryIs>
      </Polygon>
    </Placemark>
    <Placemark>
      <name>Polygon_913</name>
      <ExtendedData>
        <Data name="id"><value>913</value></Data>
        <Data name="category"><value>benchmark</value></Data>
      </ExtendedData>
      <Polygon>
        <outerBoundaryIs>
          <LinearRing>
            <coordinates>77.565,12.945,0 77.567,12.945,0 77.567,12.947000000000001,0 77.565,12.947000000000001,0 77.565,12.945,0</coordinates>
          </LinearRing>
        </outerBoundaryIs>
      </Polygon>
    </Placemark>
    <Placemark>
      <name>Polygon_914</name>
      <ExtendedData>
        <Data name="id"><value>914</value></Data>
        <Data name="category"><value>benchmark</value></Data>
      </ExtendedData>
      <Polygon>
        <outerBoundaryIs>
          <LinearRing>
            <coordinates>77.57,12.945,0 77.57199999999999,12.945,0 77.57199999999999,12.947000000000001,0 77.57,12.947000000000001,0 77.57,12.945,0</coordinates>
          </LinearRing>
        </outerBoundaryIs>
      </Polygon>
    </Placemark>
    <Placemark>
      <name>Polygon_915</name>
      <ExtendedData>
        <Data name="id"><value>915</value></Data>
        <Data name="category"><value>benchmark</value></Data>
      </ExtendedData>
      <Polygon>
        <outerBoundaryIs>
          <LinearRing>
            <coordinates>77.575,12.945,0 77.577,12.945,0 77.577,12.947000000000001,0 77.575,12.947000000000001,0 77.575,12.945,0</coordinates>
          </LinearRing>
        </outerBoundaryIs>
      </Polygon>
    </Placemark>
    <Placemark>
      <name>Polygon_916</name>
      <ExtendedData>
        <Data name="id"><value>916</value></Data>
        <Data name="category"><value>benchmark</value></Data>
      </ExtendedData>
      <Polygon>
        <outerBoundaryIs>
          <LinearRing>
            <coordinates>77.58,12.945,0 77.582,12.945,0 77.582,12.947000000000001,0 77.58,12.947000000000001,0 77.58,12.945,0</coordinates>
          </LinearRing>
        </outerBoundaryIs>
      </Polygon>
    </Placemark>
    <Placemark>
      <name>Polygon_917</name>
      <ExtendedData>
        <Data name="id"><value>917</value></Data>
        <Data name="category"><value>benchmark</value></Data>
      </ExtendedData>
      <Polygon>
        <outerBoundaryIs>
          <LinearRing>
            <coordinates>77.585,12.945,0 77.58699999999999,12.945,0 77.58699999999999,12.947000000000001,0 77.585,12.947000000000001,0 77.585,12.945,0</coordinates>
          </LinearRing>
        </outerBoundaryIs>
      </Polygon>
    </Placemark>
    <Placemark>
      <name>Polygon_918</name>
      <ExtendedData>
        <Data name="id"><value>918</value></Data>
        <Data name="category"><value>benchmark</value></Data>
      </ExtendedData>
      <Polygon>
        <outerBoundaryIs>
          <LinearRing>
            <coordinates>77.59,12.945,0 77.592,12.945,0 77.592,12.947000000000001,0 77.59,12.947000000000001,0 77.59,12.945,0</coordinates>
          </LinearRing>
        </outerBoundaryIs>
      </Polygon>
    </Placemark>
    <Placemark>
      <name>Polygon_919</name>
      <ExtendedData>
        <Data name="id"><value>919</value></Data>
        <Data name="category"><value>benchmark</value></Data>
      </ExtendedData>
      <Polygon>
        <outerBoundaryIs>
          <LinearRing>
            <coordinates>77.595,12.945,0 77.597,12.945,0 77.597,12.947000000000001,0 77.595,12.947000000000001,0 77.595,12.945,0</coordinates>
          </LinearRing>
        </outerBoundaryIs>
      </Polygon>
    </Placemark>
    <Placemark>
      <name>Polygon_920</name>
      <ExtendedData>
        <Data name="id"><value>920</value></Data>
        <Data name="category"><value>benchmark</value></Data>
      </ExtendedData>
      <Polygon>
        <outerBoundaryIs>
          <LinearRing>
            <coordinates>77.6,12.945,0 77.60199999999999,12.945,0 77.60199999999999,12.947000000000001,0 77.6,12.947000000000001,0 77.6,12.945,0</coordinates>
          </LinearRing>
        </outerBoundaryIs>
      </Polygon>
    </Placemark>
    <Placemark>
      <name>Polygon_921</name>
      <ExtendedData>
        <Data name="id"><value>921</value></Data>
        <Data name="category"><value>benchmark</value></Data>
      </ExtendedData>
      <Polygon>
        <outerBoundaryIs>
          <LinearRing>
            <coordinates>77.605,12.945,0 77.607,12.945,0 77.607,12.947000000000001,0 77.605,12.947000000000001,0 77.605,12.945,0</coordinates>
          </LinearRing>
        </outerBoundaryIs>
      </Polygon>
    </Placemark>
    <Placemark>
      <name>Polygon_922</name>
      <ExtendedData>
        <Data name="id"><value>922</value></Data>
        <Data name="category"><value>benchmark</value></Data>
      </ExtendedData>
      <Polygon>
        <outerBoundaryIs>
          <LinearRing>
            <coordinates>77.61,12.945,0 77.612,12.945,0 77.612,12.947000000000001,0 77.61,12.947000000000001,0 77.61,12.945,0</coordinates>
          </LinearRing>
        </outerBoundaryIs>
      </Polygon>
    </Placemark>
    <Placemark>
      <name>Polygon_923</name>
      <ExtendedData>
        <Data name="id"><value>923</value></Data>
        <Data name="category"><value>benchmark</value></Data>
      </ExtendedData>
      <Polygon>
        <outerBoundaryIs>
          <LinearRing>
            <coordinates>77.615,12.945,0 77.61699999999999,12.945,0 77.61699999999999,12.947000000000001,0 77.615,12.947000000000001,0 77.615,12.945,0</coordinates>
          </LinearRing>
        </outerBoundaryIs>
      </Polygon>
    </Placemark>
    <Placemark>
      <name>Polygon_924</name>
      <ExtendedData>
        <Data name="id"><value>924</value></Data>
        <Data name="category"><value>benchmark</value></Data>
      </ExtendedData>
      <Polygon>
        <outerBoundaryIs>
          <LinearRing>
            <coordinates>77.62,12.945,0 77.622,12.945,0 77.622,12.947000000000001,0 77.62,12.947000000000001,0 77.62,12.945,0</coordinates>
          </LinearRing>
        </outerBoundaryIs>
      </Polygon>
    </Placemark>
    <Placemark>
      <name>Polygon_925</name>
      <ExtendedData>
        <Data name="id"><value>925</value></Data>
        <Data name="category"><value>benchmark</value></Data>
      </ExtendedData>
      <Polygon>
        <outerBoundaryIs>
          <LinearRing>
            <coordinates>77.625,12.945,0 77.627,12.945,0 77.627,12.947000000000001,0 77.625,12.947000000000001,0 77.625,12.945,0</coordinates>
          </LinearRing>
        </outerBoundaryIs>
      </Polygon>
    </Placemark>
    <Placemark>
      <name>Polygon_926</name>
      <ExtendedData>
        <Data name="id"><value>926</value></Data>
        <Data name="category"><value>benchmark</value></Data>
      </ExtendedData>
      <Polygon>
        <outerBoundaryIs>
          <LinearRing>
            <coordinates>77.63,12.945,0 77.63199999999999,12.945,0 77.63199999999999,12.947000000000001,0 77.63,12.947000000000001,0 77.63,12.945,0</coordinates>
          </LinearRing>
        </outerBoundaryIs>
      </Polygon>
    </Placemark>
    <Placemark>
      <name>Polygon_927</name>
      <ExtendedData>
        <Data name="id"><value>927</value></Data>
        <Data name="category"><value>benchmark</value></Data>
      </ExtendedData>
      <Polygon>
        <outerBoundaryIs>
          <LinearRing>
            <coordinates>77.635,12.945,0 77.637,12.945,0 77.637,12.947000000000001,0 77.635,12.947000000000001,0 77.635,12.945,0</coordinates>
          </LinearRing>
        </outerBoundaryIs>
      </Polygon>
    </Placemark>
    <Placemark>
      <name>Polygon_928</name>
      <ExtendedData>
        <Data name="id"><value>928</value></Data>
        <Data name="category"><value>benchmark</value></Data>
      </ExtendedData>
      <Polygon>
        <outerBoundaryIs>
          <LinearRing>
            <coordinates>77.64,12.945,0 77.642,12.945,0 77.642,12.947000000000001,0 77.64,12.947000000000001,0 77.64,12.945,0</coordinates>
          </LinearRing>
        </outerBoundaryIs>
      </Polygon>
    </Placemark>
    <Placemark>
      <name>Polygon_929</name>
      <ExtendedData>
        <Data name="id"><value>929</value></Data>
        <Data name="category"><value>benchmark</value></Data>
      </ExtendedData>
      <Polygon>
        <outerBoundaryIs>
          <LinearRing>
            <coordinates>77.645,12.945,0 77.64699999999999,12.945,0 77.64699999999999,12.947000000000001,0 77.645,12.947000000000001,0 77.645,12.945,0</coordinates>
          </LinearRing>
        </outerBoundaryIs>
      </Polygon>
    </Placemark>
    <Placemark>
      <name>Polygon_930</name>
      <ExtendedData>
        <Data name="id"><value>930</value></Data>
        <Data name="category"><value>benchmark</value></Data>
      </ExtendedData>
      <Polygon>
        <outerBoundaryIs>
          <LinearRing>
            <coordinates>77.65,12.945,0 77.652,12.945,0 77.652,12.947000000000001,0 77.65,12.947000000000001,0 77.65,12.945,0</coordinates>
          </LinearRing>
        </outerBoundaryIs>
      </Polygon>
    </Placemark>
    <Placemark>
      <name>Polygon_931</name>
      <ExtendedData>
        <Data name="id"><value>931</value></Data>
        <Data name="category"><value>benchmark</value></Data>
      </ExtendedData>
      <Polygon>
        <outerBoundaryIs>
          <LinearRing>
            <coordinates>77.655,12.945,0 77.657,12.945,0 77.657,12.947000000000001,0 77.655,12.947000000000001,0 77.655,12.945,0</coordinates>
          </LinearRing>
        </outerBoundaryIs>
      </Polygon>
    </Placemark>
    <Placemark>
      <name>Polygon_932</name>
      <ExtendedData>
        <Data name="id"><value>932</value></Data>
        <Data name="category"><value>benchmark</value></Data>
      </ExtendedData>
      <Polygon>
        <outerBoundaryIs>
          <LinearRing>
            <coordinates>77.66,12.945,0 77.66199999999999,12.945,0 77.66199999999999,12.947000000000001,0 77.66,12.947000000000001,0 77.66,12.945,0</coordinates>
          </LinearRing>
        </outerBoundaryIs>
      </Polygon>
    </Placemark>
    <Placemark>
      <name>Polygon_933</name>
      <ExtendedData>
        <Data name="id"><value>933</value></Data>
        <Data name="category"><value>benchmark</value></Data>
      </ExtendedData>
      <Polygon>
        <outerBoundaryIs>
          <LinearRing>
            <coordinates>77.665,12.945,0 77.667,12.945,0 77.667,12.947000000000001,0 77.665,12.947000000000001,0 77.665,12.945,0</coordinates>
          </LinearRing>
        </outerBoundaryIs>
      </Polygon>
    </Placemark>
    <Placemark>
      <name>Polygon_934</name>
      <ExtendedData>
        <Data name="id"><value>934</value></Data>
        <Data name="category"><value>benchmark</value></Data>
      </ExtendedData>
      <Polygon>
        <outerBoundaryIs>
          <LinearRing>
            <coordinates>77.67,12.945,0 77.672,12.945,0 77.672,12.947000000000001,0 77.67,12.947000000000001,0 77.67,12.945,0</coordinates>
          </LinearRing>
        </outerBoundaryIs>
      </Polygon>
    </Placemark>
    <Placemark>
      <name>Polygon_935</name>
      <ExtendedData>
        <Data name="id"><value>935</value></Data>
        <Data name="category"><value>benchmark</value></Data>
      </ExtendedData>
      <Polygon>
        <outerBoundaryIs>
          <LinearRing>
            <coordinates>77.675,12.945,0 77.67699999999999,12.945,0 77.67699999999999,12.947000000000001,0 77.675,12.947000000000001,0 77.675,12.945,0</coordinates>
          </LinearRing>
        </outerBoundaryIs>
      </Polygon>
    </Placemark>
    <Placemark>
      <name>Polygon_936</name>
      <ExtendedData>
        <Data name="id"><value>936</value></Data>
        <Data name="category"><value>benchmark</value></Data>
      </ExtendedData>
      <Polygon>
        <outerBoundaryIs>
          <LinearRing>
            <coordinates>77.68,12.945,0 77.682,12.945,0 77.682,12.947000000000001,0 77.68,12.947000000000001,0 77.68,12.945,0</coordinates>
          </LinearRing>
        </outerBoundaryIs>
      </Polygon>
    </Placemark>
    <Placemark>
      <name>Polygon_937</name>
      <ExtendedData>
        <Data name="id"><value>937</value></Data>
        <Data name="category"><value>benchmark</value></Data>
      </ExtendedData>
      <Polygon>
        <outerBoundaryIs>
          <LinearRing>
            <coordinates>77.685,12.945,0 77.687,12.945,0 77.687,12.947000000000001,0 77.685,12.947000000000001,0 77.685,12.945,0</coordinates>
          </LinearRing>
        </outerBoundaryIs>
      </Polygon>
    </Placemark>
    <Placemark>
      <name>Polygon_938</name>
      <ExtendedData>
        <Data name="id"><value>938</value></Data>
        <Data name="category"><value>benchmark</value></Data>
      </ExtendedData>
      <Polygon>
        <outerBoundaryIs>
          <LinearRing>
            <coordinates>77.69,12.945,0 77.692,12.945,0 77.692,12.947000000000001,0 77.69,12.947000000000001,0 77.69,12.945,0</coordinates>
          </LinearRing>
        </outerBoundaryIs>
      </Polygon>
    </Placemark>
    <Placemark>
      <name>Polygon_939</name>
      <ExtendedData>
        <Data name="id"><value>939</value></Data>
        <Data name="category"><value>benchmark</value></Data>
      </ExtendedData>
      <Polygon>
        <outerBoundaryIs>
          <LinearRing>
            <coordinates>77.695,12.945,0 77.69699999999999,12.945,0 77.69699999999999,12.947000000000001,0 77.695,12.947000000000001,0 77.695,12.945,0</coordinates>
          </LinearRing>
        </outerBoundaryIs>
      </Polygon>
    </Placemark>
    <Placemark>
      <name>Polygon_940</name>
      <ExtendedData>
        <Data name="id"><value>940</value></Data>
        <Data name="category"><value>benchmark</value></Data>
      </ExtendedData>
      <Polygon>
        <outerBoundaryIs>
          <LinearRing>
            <coordinates>77.7,12.945,0 77.702,12.945,0 77.702,12.947000000000001,0 77.7,12.947000000000001,0 77.7,12.945,0</coordinates>
          </LinearRing>
        </outerBoundaryIs>
      </Polygon>
    </Placemark>
    <Placemark>
      <name>Polygon_941</name>
      <ExtendedData>
        <Data name="id"><value>941</value></Data>
        <Data name="category"><value>benchmark</value></Data>
      </ExtendedData>
      <Polygon>
        <outerBoundaryIs>
          <LinearRing>
            <coordinates>77.705,12.945,0 77.707,12.945,0 77.707,12.947000000000001,0 77.705,12.947000000000001,0 77.705,12.945,0</coordinates>
          </LinearRing>
        </outerBoundaryIs>
      </Polygon>
    </Placemark>
    <Placemark>
      <name>Polygon_942</name>
      <ExtendedData>
        <Data name="id"><value>942</value></Data>
        <Data name="category"><value>benchmark</value></Data>
      </ExtendedData>
      <Polygon>
        <outerBoundaryIs>
          <LinearRing>
            <coordinates>77.71,12.945,0 77.71199999999999,12.945,0 77.71199999999999,12.947000000000001,0 77.71,12.947000000000001,0 77.71,12.945,0</coordinates>
          </LinearRing>
        </outerBoundaryIs>
      </Polygon>
    </Placemark>
    <Placemark>
      <name>Polygon_943</name>
      <ExtendedData>
        <Data name="id"><value>943</value></Data>
        <Data name="category"><value>benchmark</value></Data>
      </ExtendedData>
      <Polygon>
        <outerBoundaryIs>
          <LinearRing>
            <coordinates>77.715,12.945,0 77.717,12.945,0 77.717,12.947000000000001,0 77.715,12.947000000000001,0 77.715,12.945,0</coordinates>
          </LinearRing>
        </outerBoundaryIs>
      </Polygon>
    </Placemark>
    <Placemark>
      <name>Polygon_944</name>
      <ExtendedData>
        <Data name="id"><value>944</value></Data>
        <Data name="category"><value>benchmark</value></Data>
      </ExtendedData>
      <Polygon>
        <outerBoundaryIs>
          <LinearRing>
            <coordinates>77.72,12.945,0 77.722,12.945,0 77.722,12.947000000000001,0 77.72,12.947000000000001,0 77.72,12.945,0</coordinates>
          </LinearRing>
        </outerBoundaryIs>
      </Polygon>
    </Placemark>
    <Placemark>
      <name>Polygon_945</name>
      <ExtendedData>
        <Data name="id"><value>945</value></Data>
        <Data name="category"><value>benchmark</value></Data>
      </ExtendedData>
      <Polygon>
        <outerBoundaryIs>
          <LinearRing>
            <coordinates>77.725,12.945,0 77.72699999999999,12.945,0 77.72699999999999,12.947000000000001,0 77.725,12.947000000000001,0 77.725,12.945,0</coordinates>
          </LinearRing>
        </outerBoundaryIs>
      </Polygon>
    </Placemark>
    <Placemark>
      <name>Polygon_946</name>
      <ExtendedData>
        <Data name="id"><value>946</value></Data>
        <Data name="category"><value>benchmark</value></Data>
      </ExtendedData>
      <Polygon>
        <outerBoundaryIs>
          <LinearRing>
            <coordinates>77.73,12.945,0 77.732,12.945,0 77.732,12.947000000000001,0 77.73,12.947000000000001,0 77.73,12.945,0</coordinates>
          </LinearRing>
        </outerBoundaryIs>
      </Polygon>
    </Placemark>
    <Placemark>
      <name>Polygon_947</name>
      <ExtendedData>
        <Data name="id"><value>947</value></Data>
        <Data name="category"><value>benchmark</value></Data>
      </ExtendedData>
      <Polygon>
        <outerBoundaryIs>
          <LinearRing>
            <coordinates>77.735,12.945,0 77.737,12.945,0 77.737,12.947000000000001,0 77.735,12.947000000000001,0 77.735,12.945,0</coordinates>
          </LinearRing>
        </outerBoundaryIs>
      </Polygon>
    </Placemark>
    <Placemark>
      <name>Polygon_948</name>
      <ExtendedData>
        <Data name="id"><value>948</value></Data>
        <Data name="category"><value>benchmark</value></Data>
      </ExtendedData>
      <Polygon>
        <outerBoundaryIs>
          <LinearRing>
            <coordinates>77.74,12.945,0 77.74199999999999,12.945,0 77.74199999999999,12.947000000000001,0 77.74,12.947000000000001,0 77.74,12.945,0</coordinates>
          </LinearRing>
        </outerBoundaryIs>
      </Polygon>
    </Placemark>
    <Placemark>
      <name>Polygon_949</name>
      <ExtendedData>
        <Data name="id"><value>949</value></Data>
        <Data name="category"><value>benchmark</value></Data>
      </ExtendedData>
      <Polygon>
        <outerBoundaryIs>
          <LinearRing>
            <coordinates>77.745,12.945,0 77.747,12.945,0 77.747,12.947000000000001,0 77.745,12.947000000000001,0 77.745,12.945,0</coordinates>
          </LinearRing>
        </outerBoundaryIs>
      </Polygon>
    </Placemark>
    <Placemark>
      <name>Polygon_950</name>
      <ExtendedData>
        <Data name="id"><value>950</value></Data>
        <Data name="category"><value>benchmark</value></Data>
      </ExtendedData>
      <Polygon>
        <outerBoundaryIs>
          <LinearRing>
            <coordinates>77.75,12.945,0 77.752,12.945,0 77.752,12.947000000000001,0 77.75,12.947000000000001,0 77.75,12.945,0</coordinates>
          </LinearRing>
        </outerBoundaryIs>
      </Polygon>
    </Placemark>
    <Placemark>
      <name>Polygon_951</name>
      <ExtendedData>
        <Data name="id"><value>951</value></Data>
        <Data name="category"><value>benchmark</value></Data>
      </ExtendedData>
      <Polygon>
        <outerBoundaryIs>
          <LinearRing>
            <coordinates>77.755,12.945,0 77.75699999999999,12.945,0 77.75699999999999,12.947000000000001,0 77.755,12.947000000000001,0 77.755,12.945,0</coordinates>
          </LinearRing>
        </outerBoundaryIs>
      </Polygon>
    </Placemark>
    <Placemark>
      <name>Polygon_952</name>
      <ExtendedData>
        <Data name="id"><value>952</value></Data>
        <Data name="category"><value>benchmark</value></Data>
      </ExtendedData>
      <Polygon>
        <outerBoundaryIs>
          <LinearRing>
            <coordinates>77.76,12.945,0 77.762,12.945,0 77.762,12.947000000000001,0 77.76,12.947000000000001,0 77.76,12.945,0</coordinates>
          </LinearRing>
        </outerBoundaryIs>
      </Polygon>
    </Placemark>
    <Placemark>
      <name>Polygon_953</name>
      <ExtendedData>
        <Data name="id"><value>953</value></Data>
        <Data name="category"><value>benchmark</value></Data>
      </ExtendedData>
      <Polygon>
        <outerBoundaryIs>
          <LinearRing>
            <coordinates>77.765,12.945,0 77.767,12.945,0 77.767,12.947000000000001,0 77.765,12.947000000000001,0 77.765,12.945,0</coordinates>
          </LinearRing>
        </outerBoundaryIs>
      </Polygon>
    </Placemark>
    <Placemark>
      <name>Polygon_954</name>
      <ExtendedData>
        <Data name="id"><value>954</value></Data>
        <Data name="category"><value>benchmark</value></Data>
      </ExtendedData>
      <Polygon>
        <outerBoundaryIs>
          <LinearRing>
            <coordinates>77.77,12.945,0 77.77199999999999,12.945,0 77.77199999999999,12.947000000000001,0 77.77,12.947000000000001,0 77.77,12.945,0</coordinates>
          </LinearRing>
        </outerBoundaryIs>
      </Polygon>
    </Placemark>
    <Placemark>
      <name>Polygon_955</name>
      <ExtendedData>
        <Data name="id"><value>955</value></Data>
        <Data name="category"><value>benchmark</value></Data>
      </ExtendedData>
      <Polygon>
        <outerBoundaryIs>
          <LinearRing>
            <coordinates>77.775,12.945,0 77.777,12.945,0 77.777,12.947000000000001,0 77.775,12.947000000000001,0 77.775,12.945,0</coordinates>
          </LinearRing>
        </outerBoundaryIs>
      </Polygon>
    </Placemark>
    <Placemark>
      <name>Polygon_956</name>
      <ExtendedData>
        <Data name="id"><value>956</value></Data>
        <Data name="category"><value>benchmark</value></Data>
      </ExtendedData>
      <Polygon>
        <outerBoundaryIs>
          <LinearRing>
            <coordinates>77.78,12.945,0 77.782,12.945,0 77.782,12.947000000000001,0 77.78,12.947000000000001,0 77.78,12.945,0</coordinates>
          </LinearRing>
        </outerBoundaryIs>
      </Polygon>
    </Placemark>
    <Placemark>
      <name>Polygon_957</name>
      <ExtendedData>
        <Data name="id"><value>957</value></Data>
        <Data name="category"><value>benchmark</value></Data>
      </ExtendedData>
      <Polygon>
        <outerBoundaryIs>
          <LinearRing>
            <coordinates>77.785,12.945,0 77.78699999999999,12.945,0 77.78699999999999,12.947000000000001,0 77.785,12.947000000000001,0 77.785,12.945,0</coordinates>
          </LinearRing>
        </outerBoundaryIs>
      </Polygon>
    </Placemark>
    <Placemark>
      <name>Polygon_958</name>
      <ExtendedData>
        <Data name="id"><value>958</value></Data>
        <Data name="category"><value>benchmark</value></Data>
      </ExtendedData>
      <Polygon>
        <outerBoundaryIs>
          <LinearRing>
            <coordinates>77.79,12.945,0 77.792,12.945,0 77.792,12.947000000000001,0 77.79,12.947000000000001,0 77.79,12.945,0</coordinates>
          </LinearRing>
        </outerBoundaryIs>
      </Polygon>
    </Placemark>
    <Placemark>
      <name>Polygon_959</name>
      <ExtendedData>
        <Data name="id"><value>959</value></Data>
        <Data name="category"><value>benchmark</value></Data>
      </ExtendedData>
      <Polygon>
        <outerBoundaryIs>
          <LinearRing>
            <coordinates>77.795,12.945,0 77.797,12.945,0 77.797,12.947000000000001,0 77.795,12.947000000000001,0 77.795,12.945,0</coordinates>
          </LinearRing>
        </outerBoundaryIs>
      </Polygon>
    </Placemark>
    <Placemark>
      <name>Polygon_960</name>
      <ExtendedData>
        <Data name="id"><value>960</value></Data>
        <Data name="category"><value>benchmark</value></Data>
      </ExtendedData>
      <Polygon>
        <outerBoundaryIs>
          <LinearRing>
            <coordinates>77.8,12.945,0 77.80199999999999,12.945,0 77.80199999999999,12.947000000000001,0 77.8,12.947000000000001,0 77.8,12.945,0</coordinates>
          </LinearRing>
        </outerBoundaryIs>
      </Polygon>
    </Placemark>
    <Placemark>
      <name>Polygon_961</name>
      <ExtendedData>
        <Data name="id"><value>961</value></Data>
        <Data name="category"><value>benchmark</value></Data>
      </ExtendedData>
      <Polygon>
        <outerBoundaryIs>
          <LinearRing>
            <coordinates>77.805,12.945,0 77.807,12.945,0 77.807,12.947000000000001,0 77.805,12.947000000000001,0 77.805,12.945,0</coordinates>
          </LinearRing>
        </outerBoundaryIs>
      </Polygon>
    </Placemark>
    <Placemark>
      <name>Polygon_962</name>
      <ExtendedData>
        <Data name="id"><value>962</value></Data>
        <Data name="category"><value>benchmark</value></Data>
      </ExtendedData>
      <Polygon>
        <outerBoundaryIs>
          <LinearRing>
            <coordinates>77.81,12.945,0 77.812,12.945,0 77.812,12.947000000000001,0 77.81,12.947000000000001,0 77.81,12.945,0</coordinates>
          </LinearRing>
        </outerBoundaryIs>
      </Polygon>
    </Placemark>
    <Placemark>
      <name>Polygon_963</name>
      <ExtendedData>
        <Data name="id"><value>963</value></Data>
        <Data name="category"><value>benchmark</value></Data>
      </ExtendedData>
      <Polygon>
        <outerBoundaryIs>
          <LinearRing>
            <coordinates>77.815,12.945,0 77.817,12.945,0 77.817,12.947000000000001,0 77.815,12.947000000000001,0 77.815,12.945,0</coordinates>
          </LinearRing>
        </outerBoundaryIs>
      </Polygon>
    </Placemark>
    <Placemark>
      <name>Polygon_964</name>
      <ExtendedData>
        <Data name="id"><value>964</value></Data>
        <Data name="category"><value>benchmark</value></Data>
      </ExtendedData>
      <Polygon>
        <outerBoundaryIs>
          <LinearRing>
            <coordinates>77.82,12.945,0 77.82199999999999,12.945,0 77.82199999999999,12.947000000000001,0 77.82,12.947000000000001,0 77.82,12.945,0</coordinates>
          </LinearRing>
        </outerBoundaryIs>
      </Polygon>
    </Placemark>
    <Placemark>
      <name>Polygon_965</name>
      <ExtendedData>
        <Data name="id"><value>965</value></Data>
        <Data name="category"><value>benchmark</value></Data>
      </ExtendedData>
      <Polygon>
        <outerBoundaryIs>
          <LinearRing>
            <coordinates>77.825,12.945,0 77.827,12.945,0 77.827,12.947000000000001,0 77.825,12.947000000000001,0 77.825,12.945,0</coordinates>
          </LinearRing>
        </outerBoundaryIs>
      </Polygon>
    </Placemark>
    <Placemark>
      <name>Polygon_966</name>
      <ExtendedData>
        <Data name="id"><value>966</value></Data>
        <Data name="category"><value>benchmark</value></Data>
      </ExtendedData>
      <Polygon>
        <outerBoundaryIs>
          <LinearRing>
            <coordinates>77.83,12.945,0 77.832,12.945,0 77.832,12.947000000000001,0 77.83,12.947000000000001,0 77.83,12.945,0</coordinates>
          </LinearRing>
        </outerBoundaryIs>
      </Polygon>
    </Placemark>
    <Placemark>
      <name>Polygon_967</name>
      <ExtendedData>
        <Data name="id"><value>967</value></Data>
        <Data name="category"><value>benchmark</value></Data>
      </ExtendedData>
      <Polygon>
        <outerBoundaryIs>
          <LinearRing>
            <coordinates>77.835,12.945,0 77.83699999999999,12.945,0 77.83699999999999,12.947000000000001,0 77.835,12.947000000000001,0 77.835,12.945,0</coordinates>
          </LinearRing>
        </outerBoundaryIs>
      </Polygon>
    </Placemark>
    <Placemark>
      <name>Polygon_968</name>
      <ExtendedData>
        <Data name="id"><value>968</value></Data>
        <Data name="category"><value>benchmark</value></Data>
      </ExtendedData>
      <Polygon>
        <outerBoundaryIs>
          <LinearRing>
            <coordinates>77.84,12.945,0 77.842,12.945,0 77.842,12.947000000000001,0 77.84,12.947000000000001,0 77.84,12.945,0</coordinates>
          </LinearRing>
        </outerBoundaryIs>
      </Polygon>
    </Placemark>
    <Placemark>
      <name>Polygon_969</name>
      <ExtendedData>
        <Data name="id"><value>969</value></Data>
        <Data name="category"><value>benchmark</value></Data>
      </ExtendedData>
      <Polygon>
        <outerBoundaryIs>
          <LinearRing>
            <coordinates>77.845,12.945,0 77.847,12.945,0 77.847,12.947000000000001,0 77.845,12.947000000000001,0 77.845,12.945,0</coordinates>
          </LinearRing>
        </outerBoundaryIs>
      </Polygon>
    </Placemark>
    <Placemark>
      <name>Polygon_970</name>
      <ExtendedData>
        <Data name="id"><value>970</value></Data>
        <Data name="category"><value>benchmark</value></Data>
      </ExtendedData>
      <Polygon>
        <outerBoundaryIs>
          <LinearRing>
            <coordinates>77.85,12.945,0 77.85199999999999,12.945,0 77.85199999999999,12.947000000000001,0 77.85,12.947000000000001,0 77.85,12.945,0</coordinates>
          </LinearRing>
        </outerBoundaryIs>
      </Polygon>
    </Placemark>
    <Placemark>
      <name>Polygon_971</name>
      <ExtendedData>
        <Data name="id"><value>971</value></Data>
        <Data name="category"><value>benchmark</value></Data>
      </ExtendedData>
      <Polygon>
        <outerBoundaryIs>
          <LinearRing>
            <coordinates>77.855,12.945,0 77.857,12.945,0 77.857,12.947000000000001,0 77.855,12.947000000000001,0 77.855,12.945,0</coordinates>
          </LinearRing>
        </outerBoundaryIs>
      </Polygon>
    </Placemark>
    <Placemark>
      <name>Polygon_972</name>
      <ExtendedData>
        <Data name="id"><value>972</value></Data>
        <Data name="category"><value>benchmark</value></Data>
      </ExtendedData>
      <Polygon>
        <outerBoundaryIs>
          <LinearRing>
            <coordinates>77.86,12.945,0 77.862,12.945,0 77.862,12.947000000000001,0 77.86,12.947000000000001,0 77.86,12.945,0</coordinates>
          </LinearRing>
        </outerBoundaryIs>
      </Polygon>
    </Placemark>
    <Placemark>
      <name>Polygon_973</name>
      <ExtendedData>
        <Data name="id"><value>973</value></Data>
        <Data name="category"><value>benchmark</value></Data>
      </ExtendedData>
      <Polygon>
        <outerBoundaryIs>
          <LinearRing>
            <coordinates>77.865,12.945,0 77.86699999999999,12.945,0 77.86699999999999,12.947000000000001,0 77.865,12.947000000000001,0 77.865,12.945,0</coordinates>
          </LinearRing>
        </outerBoundaryIs>
      </Polygon>
    </Placemark>
    <Placemark>
      <name>Polygon_974</name>
      <ExtendedData>
        <Data name="id"><value>974</value></Data>
        <Data name="category"><value>benchmark</value></Data>
      </ExtendedData>
      <Polygon>
        <outerBoundaryIs>
          <LinearRing>
            <coordinates>77.87,12.945,0 77.872,12.945,0 77.872,12.947000000000001,0 77.87,12.947000000000001,0 77.87,12.945,0</coordinates>
          </LinearRing>
        </outerBoundaryIs>
      </Polygon>
    </Placemark>
    <Placemark>
      <name>Polygon_975</name>
      <ExtendedData>
        <Data name="id"><value>975</value></Data>
        <Data name="category"><value>benchmark</value></Data>
      </ExtendedData>
      <Polygon>
        <outerBoundaryIs>
          <LinearRing>
            <coordinates>77.875,12.945,0 77.877,12.945,0 77.877,12.947000000000001,0 77.875,12.947000000000001,0 77.875,12.945,0</coordinates>
          </LinearRing>
        </outerBoundaryIs>
      </Polygon>
    </Placemark>
    <Placemark>
      <name>Polygon_976</name>
      <ExtendedData>
        <Data name="id"><value>976</value></Data>
        <Data name="category"><value>benchmark</value></Data>
      </ExtendedData>
      <Polygon>
        <outerBoundaryIs>
          <LinearRing>
            <coordinates>77.88,12.945,0 77.88199999999999,12.945,0 77.88199999999999,12.947000000000001,0 77.88,12.947000000000001,0 77.88,12.945,0</coordinates>
          </LinearRing>
        </outerBoundaryIs>
      </Polygon>
    </Placemark>
    <Placemark>
      <name>Polygon_977</name>
      <ExtendedData>
        <Data name="id"><value>977</value></Data>
        <Data name="category"><value>benchmark</value></Data>
      </ExtendedData>
      <Polygon>
        <outerBoundaryIs>
          <LinearRing>
            <coordinates>77.885,12.945,0 77.887,12.945,0 77.887,12.947000000000001,0 77.885,12.947000000000001,0 77.885,12.945,0</coordinates>
          </LinearRing>
        </outerBoundaryIs>
      </Polygon>
    </Placemark>
    <Placemark>
      <name>Polygon_978</name>
      <ExtendedData>
        <Data name="id"><value>978</value></Data>
        <Data name="category"><value>benchmark</value></Data>
      </ExtendedData>
      <Polygon>
        <outerBoundaryIs>
          <LinearRing>
            <coordinates>77.89,12.945,0 77.892,12.945,0 77.892,12.947000000000001,0 77.89,12.947000000000001,0 77.89,12.945,0</coordinates>
          </LinearRing>
        </outerBoundaryIs>
      </Polygon>
    </Placemark>
    <Placemark>
      <name>Polygon_979</name>
      <ExtendedData>
        <Data name="id"><value>979</value></Data>
        <Data name="category"><value>benchmark</value></Data>
      </ExtendedData>
      <Polygon>
        <outerBoundaryIs>
          <LinearRing>
            <coordinates>77.895,12.945,0 77.89699999999999,12.945,0 77.89699999999999,12.947000000000001,0 77.895,12.947000000000001,0 77.895,12.945,0</coordinates>
          </LinearRing>
        </outerBoundaryIs>
      </Polygon>
    </Placemark>
    <Placemark>
      <name>Polygon_980</name>
      <ExtendedData>
        <Data name="id"><value>980</value></Data>
        <Data name="category"><value>benchmark</value></Data>
      </ExtendedData>
      <Polygon>
        <outerBoundaryIs>
          <LinearRing>
            <coordinates>77.9,12.945,0 77.902,12.945,0 77.902,12.947000000000001,0 77.9,12.947000000000001,0 77.9,12.945,0</coordinates>
          </LinearRing>
        </outerBoundaryIs>
      </Polygon>
    </Placemark>
    <Placemark>
      <name>Polygon_981</name>
      <ExtendedData>
        <Data name="id"><value>981</value></Data>
        <Data name="category"><value>benchmark</value></Data>
      </ExtendedData>
      <Polygon>
        <outerBoundaryIs>
          <LinearRing>
            <coordinates>77.905,12.945,0 77.907,12.945,0 77.907,12.947000000000001,0 77.905,12.947000000000001,0 77.905,12.945,0</coordinates>
          </LinearRing>
        </outerBoundaryIs>
      </Polygon>
    </Placemark>
    <Placemark>
      <name>Polygon_982</name>
      <ExtendedData>
        <Data name="id"><value>982</value></Data>
        <Data name="category"><value>benchmark</value></Data>
      </ExtendedData>
      <Polygon>
        <outerBoundaryIs>
          <LinearRing>
            <coordinates>77.91,12.945,0 77.91199999999999,12.945,0 77.91199999999999,12.947000000000001,0 77.91,12.947000000000001,0 77.91,12.945,0</coordinates>
          </LinearRing>
        </outerBoundaryIs>
      </Polygon>
    </Placemark>
    <Placemark>
      <name>Polygon_983</name>
      <ExtendedData>
        <Data name="id"><value>983</value></Data>
        <Data name="category"><value>benchmark</value></Data>
      </ExtendedData>
      <Polygon>
        <outerBoundaryIs>
          <LinearRing>
            <coordinates>77.915,12.945,0 77.917,12.945,0 77.917,12.947000000000001,0 77.915,12.947000000000001,0 77.915,12.945,0</coordinates>
          </LinearRing>
        </outerBoundaryIs>
      </Polygon>
    </Placemark>
    <Placemark>
      <name>Polygon_984</name>
      <ExtendedData>
        <Data name="id"><value>984</value></Data>
        <Data name="category"><value>benchmark</value></Data>
      </ExtendedData>
      <Polygon>
        <outerBoundaryIs>
          <LinearRing>
            <coordinates>77.92,12.945,0 77.922,12.945,0 77.922,12.947000000000001,0 77.92,12.947000000000001,0 77.92,12.945,0</coordinates>
          </LinearRing>
        </outerBoundaryIs>
      </Polygon>
    </Placemark>
    <Placemark>
      <name>Polygon_985</name>
      <ExtendedData>
        <Data name="id"><value>985</value></Data>
        <Data name="category"><value>benchmark</value></Data>
      </ExtendedData>
      <Polygon>
        <outerBoundaryIs>
          <LinearRing>
            <coordinates>77.925,12.945,0 77.92699999999999,12.945,0 77.92699999999999,12.947000000000001,0 77.925,12.947000000000001,0 77.925,12.945,0</coordinates>
          </LinearRing>
        </outerBoundaryIs>
      </Polygon>
    </Placemark>
    <Placemark>
      <name>Polygon_986</name>
      <ExtendedData>
        <Data name="id"><value>986</value></Data>
        <Data name="category"><value>benchmark</value></Data>
      </ExtendedData>
      <Polygon>
        <outerBoundaryIs>
          <LinearRing>
            <coordinates>77.93,12.945,0 77.932,12.945,0 77.932,12.947000000000001,0 77.93,12.947000000000001,0 77.93,12.945,0</coordinates>
          </LinearRing>
        </outerBoundaryIs>
      </Polygon>
    </Placemark>
    <Placemark>
      <name>Polygon_987</name>
      <ExtendedData>
        <Data name="id"><value>987</value></Data>
        <Data name="category"><value>benchmark</value></Data>
      </ExtendedData>
      <Polygon>
        <outerBoundaryIs>
          <LinearRing>
            <coordinates>77.935,12.945,0 77.937,12.945,0 77.937,12.947000000000001,0 77.935,12.947000000000001,0 77.935,12.945,0</coordinates>
          </LinearRing>
        </outerBoundaryIs>
      </Polygon>
    </Placemark>
    <Placemark>
      <name>Polygon_988</name>
      <ExtendedData>
        <Data name="id"><value>988</value></Data>
        <Data name="category"><value>benchmark</value></Data>
      </ExtendedData>
      <Polygon>
        <outerBoundaryIs>
          <LinearRing>
            <coordinates>77.94,12.945,0 77.942,12.945,0 77.942,12.947000000000001,0 77.94,12.947000000000001,0 77.94,12.945,0</coordinates>
          </LinearRing>
        </outerBoundaryIs>
      </Polygon>
    </Placemark>
    <Placemark>
      <name>Polygon_989</name>
      <ExtendedData>
        <Data name="id"><value>989</value></Data>
        <Data name="category"><value>benchmark</value></Data>
      </ExtendedData>
      <Polygon>
        <outerBoundaryIs>
          <LinearRing>
            <coordinates>77.945,12.945,0 77.94699999999999,12.945,0 77.94699999999999,12.947000000000001,0 77.945,12.947000000000001,0 77.945,12.945,0</coordinates>
          </LinearRing>
        </outerBoundaryIs>
      </Polygon>
    </Placemark>
    <Placemark>
      <name>Polygon_990</name>
      <ExtendedData>
        <Data name="id"><value>990</value></Data>
        <Data name="category"><value>benchmark</value></Data>
      </ExtendedData>
      <Polygon>
        <outerBoundaryIs>
          <LinearRing>
            <coordinates>77.95,12.945,0 77.952,12.945,0 77.952,12.947000000000001,0 77.95,12.947000000000001,0 77.95,12.945,0</coordinates>
          </LinearRing>
        </outerBoundaryIs>
      </Polygon>
    </Placemark>
    <Placemark>
      <name>Polygon_991</name>
      <ExtendedData>
        <Data name="id"><value>991</value></Data>
        <Data name="category"><value>benchmark</value></Data>
      </ExtendedData>
      <Polygon>
        <outerBoundaryIs>
          <LinearRing>
            <coordinates>77.955,12.945,0 77.957,12.945,0 77.957,12.947000000000001,0 77.955,12.947000000000001,0 77.955,12.945,0</coordinates>
          </LinearRing>
        </outerBoundaryIs>
      </Polygon>
    </Placemark>
    <Placemark>
      <name>Polygon_992</name>
      <ExtendedData>
        <Data name="id"><value>992</value></Data>
        <Data name="category"><value>benchmark</value></Data>
      </ExtendedData>
      <Polygon>
        <outerBoundaryIs>
          <LinearRing>
            <coordinates>77.96,12.945,0 77.96199999999999,12.945,0 77.96199999999999,12.947000000000001,0 77.96,12.947000000000001,0 77.96,12.945,0</coordinates>
          </LinearRing>
        </outerBoundaryIs>
      </Polygon>
    </Placemark>
    <Placemark>
      <name>Polygon_993</name>
      <ExtendedData>
        <Data name="id"><value>993</value></Data>
        <Data name="category"><value>benchmark</value></Data>
      </ExtendedData>
      <Polygon>
        <outerBoundaryIs>
          <LinearRing>
            <coordinates>77.965,12.945,0 77.967,12.945,0 77.967,12.947000000000001,0 77.965,12.947000000000001,0 77.965,12.945,0</coordinates>
          </LinearRing>
        </outerBoundaryIs>
      </Polygon>
    </Placemark>
    <Placemark>
      <name>Polygon_994</name>
      <ExtendedData>
        <Data name="id"><value>994</value></Data>
        <Data name="category"><value>benchmark</value></Data>
      </ExtendedData>
      <Polygon>
        <outerBoundaryIs>
          <LinearRing>
            <coordinates>77.97,12.945,0 77.972,12.945,0 77.972,12.947000000000001,0 77.97,12.947000000000001,0 77.97,12.945,0</coordinates>
          </LinearRing>
        </outerBoundaryIs>
      </Polygon>
    </Placemark>
    <Placemark>
      <name>Polygon_995</name>
      <ExtendedData>
        <Data name="id"><value>995</value></Data>
        <Data name="category"><value>benchmark</value></Data>
      </ExtendedData>
      <Polygon>
        <outerBoundaryIs>
          <LinearRing>
            <coordinates>77.975,12.945,0 77.97699999999999,12.945,0 77.97699999999999,12.947000000000001,0 77.975,12.947000000000001,0 77.975,12.945,0</coordinates>
          </LinearRing>
        </outerBoundaryIs>
      </Polygon>
    </Placemark>
    <Placemark>
      <name>Polygon_996</name>
      <ExtendedData>
        <Data name="id"><value>996</value></Data>
        <Data name="category"><value>benchmark</value></Data>
      </ExtendedData>
      <Polygon>
        <outerBoundaryIs>
          <LinearRing>
            <coordinates>77.98,12.945,0 77.982,12.945,0 77.982,12.947000000000001,0 77.98,12.947000000000001,0 77.98,12.945,0</coordinates>
          </LinearRing>
        </outerBoundaryIs>
      </Polygon>
    </Placemark>
    <Placemark>
      <name>Polygon_997</name>
      <ExtendedData>
        <Data name="id"><value>997</value></Data>
        <Data name="category"><value>benchmark</value></Data>
      </ExtendedData>
      <Polygon>
        <outerBoundaryIs>
          <LinearRing>
            <coordinates>77.985,12.945,0 77.987,12.945,0 77.987,12.947000000000001,0 77.985,12.947000000000001,0 77.985,12.945,0</coordinates>
          </LinearRing>
        </outerBoundaryIs>
      </Polygon>
    </Placemark>
    <Placemark>
      <name>Polygon_998</name>
      <ExtendedData>
        <Data name="id"><value>998</value></Data>
        <Data name="category"><value>benchmark</value></Data>
      </ExtendedData>
      <Polygon>
        <outerBoundaryIs>
          <LinearRing>
            <coordinates>77.99,12.945,0 77.99199999999999,12.945,0 77.99199999999999,12.947000000000001,0 77.99,12.947000000000001,0 77.99,12.945,0</coordinates>
          </LinearRing>
        </outerBoundaryIs>
      </Polygon>
    </Placemark>
    <Placemark>
      <name>Polygon_999</name>
      <ExtendedData>
        <Data name="id"><value>999</value></Data>
        <Data name="category"><value>benchmark</value></Data>
      </ExtendedData>
      <Polygon>
        <outerBoundaryIs>
          <LinearRing>
            <coordinates>77.995,12.945,0 77.997,12.945,0 77.997,12.947000000000001,0 77.995,12.947000000000001,0 77.995,12.945,0</coordinates>
          </LinearRing>
        </outerBoundaryIs>
      </Polygon>
    </Placemark>
  </Document>
</kml>